--
-- PostgreSQL database dump
--

-- Dumped from database version 16.3 (Debian 16.3-1.pgdg120+1)
-- Dumped by pg_dump version 16.3

SET statement_timeout = 0;
SET lock_timeout = 0;
SET idle_in_transaction_session_timeout = 0;
SET client_encoding = 'UTF8';
SET standard_conforming_strings = on;
SELECT pg_catalog.set_config('search_path', '', false);
SET check_function_bodies = false;
SET xmloption = content;
SET client_min_messages = warning;
SET row_security = off;

SET default_tablespace = '';

SET default_table_access_method = heap;

--
-- Name: comandas_comment; Type: TABLE; Schema: public; Owner: postgres
--

CREATE TABLE public.comandas_comment (
    id bigint NOT NULL,
    content character varying(48) NOT NULL,
    created_at timestamp with time zone NOT NULL,
    author_id integer,
    tab_id bigint NOT NULL
);


ALTER TABLE public.comandas_comment OWNER TO postgres;

--
-- Name: comandas_comment_id_seq; Type: SEQUENCE; Schema: public; Owner: postgres
--

ALTER TABLE public.comandas_comment ALTER COLUMN id ADD GENERATED BY DEFAULT AS IDENTITY (
    SEQUENCE NAME public.comandas_comment_id_seq
    START WITH 1
    INCREMENT BY 1
    NO MINVALUE
    NO MAXVALUE
    CACHE 1
);


--
-- Name: comandas_tab; Type: TABLE; Schema: public; Owner: postgres
--

CREATE TABLE public.comandas_tab (
    id bigint NOT NULL,
    nome_cliente character varying(100) NOT NULL,
    telefone_cliente character varying(11) NOT NULL,
    subtotal numeric(10,2) NOT NULL,
    aberta boolean NOT NULL,
    data_criacao timestamp with time zone NOT NULL
);


ALTER TABLE public.comandas_tab OWNER TO postgres;

--
-- Name: comandas_tab_id_seq; Type: SEQUENCE; Schema: public; Owner: postgres
--

ALTER TABLE public.comandas_tab ALTER COLUMN id ADD GENERATED BY DEFAULT AS IDENTITY (
    SEQUENCE NAME public.comandas_tab_id_seq
    START WITH 1
    INCREMENT BY 1
    NO MINVALUE
    NO MAXVALUE
    CACHE 1
);


--
-- Name: comandas_tabitem; Type: TABLE; Schema: public; Owner: postgres
--

CREATE TABLE public.comandas_tabitem (
    id bigint NOT NULL,
    quantidade integer NOT NULL,
    preco_unitario numeric(7,2) NOT NULL,
    data_criacao timestamp with time zone NOT NULL,
    adicionado_por_id integer,
    produto_id bigint NOT NULL,
    tab_id bigint NOT NULL,
    CONSTRAINT comandas_tabitem_quantidade_check CHECK ((quantidade >= 0))
);


ALTER TABLE public.comandas_tabitem OWNER TO postgres;

--
-- Name: comandas_tabitem_id_seq; Type: SEQUENCE; Schema: public; Owner: postgres
--

ALTER TABLE public.comandas_tabitem ALTER COLUMN id ADD GENERATED BY DEFAULT AS IDENTITY (
    SEQUENCE NAME public.comandas_tabitem_id_seq
    START WITH 1
    INCREMENT BY 1
    NO MINVALUE
    NO MAXVALUE
    CACHE 1
);


--
-- Name: core_timestampedmodel; Type: TABLE; Schema: public; Owner: postgres
--

CREATE TABLE public.core_timestampedmodel (
    id bigint NOT NULL,
    created timestamp with time zone NOT NULL,
    modified timestamp with time zone NOT NULL
);


ALTER TABLE public.core_timestampedmodel OWNER TO postgres;

--
-- Name: core_timestampedmodel_id_seq; Type: SEQUENCE; Schema: public; Owner: postgres
--

ALTER TABLE public.core_timestampedmodel ALTER COLUMN id ADD GENERATED BY DEFAULT AS IDENTITY (
    SEQUENCE NAME public.core_timestampedmodel_id_seq
    START WITH 1
    INCREMENT BY 1
    NO MINVALUE
    NO MAXVALUE
    CACHE 1
);


--
-- Name: pdv_compra; Type: TABLE; Schema: public; Owner: postgres
--

CREATE TABLE public.pdv_compra (
    id bigint NOT NULL,
    data timestamp with time zone NOT NULL,
    metodo_pagamento character varying(10) NOT NULL,
    total numeric(10,2) NOT NULL
);


ALTER TABLE public.pdv_compra OWNER TO postgres;

--
-- Name: pdv_compra_id_seq; Type: SEQUENCE; Schema: public; Owner: postgres
--

ALTER TABLE public.pdv_compra ALTER COLUMN id ADD GENERATED BY DEFAULT AS IDENTITY (
    SEQUENCE NAME public.pdv_compra_id_seq
    START WITH 1
    INCREMENT BY 1
    NO MINVALUE
    NO MAXVALUE
    CACHE 1
);


--
-- Name: pdv_itemcompra; Type: TABLE; Schema: public; Owner: postgres
--

CREATE TABLE public.pdv_itemcompra (
    id bigint NOT NULL,
    quantidade integer NOT NULL,
    preco_unitario numeric(7,2) NOT NULL,
    compra_id bigint NOT NULL,
    produto_id bigint NOT NULL,
    CONSTRAINT pdv_itemcompra_quantidade_check CHECK ((quantidade >= 0))
);


ALTER TABLE public.pdv_itemcompra OWNER TO postgres;

--
-- Name: pdv_itemcompra_id_seq; Type: SEQUENCE; Schema: public; Owner: postgres
--

ALTER TABLE public.pdv_itemcompra ALTER COLUMN id ADD GENERATED BY DEFAULT AS IDENTITY (
    SEQUENCE NAME public.pdv_itemcompra_id_seq
    START WITH 1
    INCREMENT BY 1
    NO MINVALUE
    NO MAXVALUE
    CACHE 1
);


--
-- Name: produto_categoria; Type: TABLE; Schema: public; Owner: postgres
--

CREATE TABLE public.produto_categoria (
    id bigint NOT NULL,
    categoria character varying(50) NOT NULL
);


ALTER TABLE public.produto_categoria OWNER TO postgres;

--
-- Name: produto_categoria_id_seq; Type: SEQUENCE; Schema: public; Owner: postgres
--

ALTER TABLE public.produto_categoria ALTER COLUMN id ADD GENERATED BY DEFAULT AS IDENTITY (
    SEQUENCE NAME public.produto_categoria_id_seq
    START WITH 1
    INCREMENT BY 1
    NO MINVALUE
    NO MAXVALUE
    CACHE 1
);


--
-- Name: produto_produto; Type: TABLE; Schema: public; Owner: postgres
--

CREATE TABLE public.produto_produto (
    id bigint NOT NULL,
    produto text NOT NULL,
    estoque integer NOT NULL,
    estoque_minimo integer NOT NULL,
    nivel_estoque boolean NOT NULL,
    preco_custo numeric(7,2) NOT NULL,
    preco_venda numeric(7,2) NOT NULL,
    margem_vendas numeric(6,2),
    "codigoBarra" character varying(16),
    categoria_id bigint,
    CONSTRAINT produto_produtos_estoque_minimo_check CHECK ((estoque_minimo >= 0))
);


ALTER TABLE public.produto_produto OWNER TO postgres;

--
-- Name: produto_produtos_id_seq; Type: SEQUENCE; Schema: public; Owner: postgres
--

ALTER TABLE public.produto_produto ALTER COLUMN id ADD GENERATED BY DEFAULT AS IDENTITY (
    SEQUENCE NAME public.produto_produtos_id_seq
    START WITH 1
    INCREMENT BY 1
    NO MINVALUE
    NO MAXVALUE
    CACHE 1
);


--
-- Data for Name: comandas_comment; Type: TABLE DATA; Schema: public; Owner: postgres
--

COPY public.comandas_comment (id, content, created_at, author_id, tab_id) FROM stdin;
11	Cobrar + um mini eski-bon a preço de custo	2024-11-06 20:07:58.498994+00	8	43
13	180,55 pendente	2024-11-09 00:11:23.39501+00	3	27
14	70,00 pendente	2024-11-09 00:13:23.387452+00	3	170
16	ELE PEGOU UMA DOSE CAMPARI	2024-11-10 20:02:04.426736+00	1	8
22	2\\gelo 5 kilo	2024-11-15 15:38:46.368401+00	3	54
23	ALMOÇO MARMITA	2024-11-15 17:56:44.446763+00	1	154
24	17,60 UBER CHAVE E 1 ROLA PAPEL GRANDE	2024-11-15 20:00:26.712337+00	3	26
26	50,00 pablo pagou	2024-11-18 22:36:32.242058+00	3	205
27	5,00	2024-11-19 00:26:06.258002+00	3	224
28	51,00 seu luiz	2024-11-19 02:47:15.888202+00	3	140
\.


--
-- Data for Name: comandas_tab; Type: TABLE DATA; Schema: public; Owner: postgres
--

COPY public.comandas_tab (id, nome_cliente, telefone_cliente, subtotal, aberta, data_criacao) FROM stdin;
98	ALOISIO	0007	0.00	t	2024-10-29 22:03:09.201397+00
17	JOÃO HENRIQUE	13991237618	861.85	t	2024-10-25 16:02:02.960466+00
183	RODINEY	13986544545	0.00	t	2024-11-10 15:28:35.309744+00
186	PAULO	13991445763	4.90	t	2024-11-10 22:49:28.972394+00
142	CESAR	13991554632	0.00	t	2024-11-02 17:57:09.385766+00
140	ROBERTO	13974811632	0.00	t	2024-11-02 14:11:41.921607+00
34	CAIO	11973787456	0.00	t	2024-10-25 23:54:55.327464+00
8	LUIS O.	13991768655	54.30	t	2024-10-25 15:28:26.819788+00
233	ANDRE	85994475762	0.00	t	2024-11-17 22:31:21.377232+00
97	ANDRE\\PREDIO	13098765431	34.00	t	2024-10-29 20:50:58.622394+00
198	BOLONHA	13991360119	0.00	t	2024-11-13 20:30:20.216205+00
42	VALTER	1399788076	0.00	t	2024-10-26 11:10:49.056447+00
162	REGIS	13000000000	0.00	t	2024-11-04 23:09:41.483912+00
47	MATHEUS	1399248757	0.00	t	2024-10-26 11:17:34.633438+00
49	SEBASTIAN	***********	0.00	t	2024-10-26 11:19:37.181164+00
6	MARCO ANTONIO GIORGE	1399149394	0.00	f	2024-10-25 15:22:01.505037+00
189	BENALDO	55555555555	9.00	t	2024-11-11 22:11:38.260512+00
159	FABIOLA	13997330633	0.00	t	2024-11-04 22:54:10.184948+00
50	ERIKA PRAIA	13981061713	0.00	t	2024-10-26 13:13:02.194661+00
91	Amaral	ooi	53.00	t	2024-10-28 22:48:29.815278+00
148	BANDANA	11111111111	3.90	t	2024-11-02 23:24:16.160586+00
15	DAVI	13******	0.00	t	2024-10-25 15:52:48.273806+00
31	DOUGLAS	13991245477	53.50	t	2024-10-25 22:23:49.736745+00
88	LILI		57.00	t	2024-10-28 22:11:56.972503+00
87	LUH	12344566789	0.00	t	2024-10-28 21:45:57.808619+00
19	ALESSANDRO	12345678901	0.00	t	2024-10-25 16:44:38.181802+00
181	REBECA	12588888888	0.00	t	2024-11-10 00:36:04.19084+00
101	ROBSON	0025	3.90	t	2024-10-29 23:24:15.489258+00
89	Alvaro	0000	0.00	t	2024-10-28 22:22:51.711243+00
43	KERLLANER	13991908213	113.75	t	2024-10-26 11:13:11.309989+00
155	MARCELO	13991447965	52.70	t	2024-11-03 16:28:26.263154+00
173	DANILO	00000011111	15.60	t	2024-11-07 03:39:56.905263+00
126	JOJO	13992548785	129.75	t	2024-11-01 14:20:11.383489+00
211	TOBIAS	13996541287	0.00	t	2024-11-15 00:10:47.368552+00
127	CASAL\\FLORA	13992548712	42.60	t	2024-11-01 15:54:27.609971+00
229	LUISSS	12312313123	0.00	t	2024-11-17 01:25:09.265683+00
205	PABLO	13998745125	0.00	t	2024-11-14 20:05:55.81409+00
4	WAGNER	13996744369	0.00	t	2024-10-25 15:01:16.672837+00
96	ROGERIO	11111	7.80	t	2024-10-29 02:09:00.661391+00
48	RODRIGO	**********	4.50	t	2024-10-26 11:19:03.580781+00
128	KARLA	1233333330	28.00	t	2024-11-01 22:25:46.725378+00
143	KAIO	1399870058	0.00	t	2024-11-02 18:30:57.976827+00
102	ERIKA	13991254788	0.00	t	2024-10-30 15:23:51.589488+00
2	LUCIANA	13996245873	6.00	t	2024-10-25 14:49:03.950365+00
177	LU	11997002275	0.00	t	2024-11-08 20:53:33.190501+00
27	GERALDO	1399587156	587.15	t	2024-10-25 20:08:21.971062+00
190	FELIPE	13987454651	0.00	t	2024-11-12 15:52:23.408675+00
36	MAZINHO	1366545842	107.10	t	2024-10-26 03:26:03.756572+00
151	JULIO	11988356829	0.00	t	2024-11-03 15:10:05.420433+00
150	EVANDRO	0124500000	0.00	t	2024-11-03 00:31:38.05309+00
236	LUIS CEGO	13996581122	0.00	t	2024-11-18 23:52:35.718332+00
46	SERGIO	13997548966	3.90	t	2024-10-26 11:16:51.512479+00
111	MARCIO	1366552241	0.00	t	2024-10-31 22:20:23.594387+00
12	GABRIEL	11963081966	192.50	t	2024-10-25 15:40:27.940293+00
174	ANDREIA	11997002273	0.00	t	2024-11-07 22:12:28.560737+00
235	GRINGO	13787845645	0.00	t	2024-11-18 16:37:29.559544+00
146	RICARDO	13995782221	0.00	t	2024-11-02 22:09:06.336989+00
171	CORINTHIANO	13991901884	157.90	t	2024-11-06 21:15:05.943525+00
104	VAGNER PREDIO	13456686946	12.00	t	2024-10-30 21:54:26.524263+00
156	FABIANA	13978545465	0.00	t	2024-11-03 16:40:27.240514+00
161	WELTON	13999999900	0.00	t	2024-11-04 23:08:07.388999+00
26	KERLLINES	13996779823	271.99	t	2024-10-25 20:04:43.356826+00
225	NEI	13974160416	0.00	t	2024-11-16 17:52:46.751134+00
139	MUDY	1399845678	0.00	t	2024-11-02 02:52:57.171153+00
7	RAFAEL	13987653734	0.00	t	2024-10-25 15:26:51.149697+00
195	JAMIL	13000000020	0.00	t	2024-11-13 00:13:40.833884+00
11	ODETE	11997002274	16.30	t	2024-10-25 15:30:51.709087+00
168	MAX	13000005555	0.00	t	2024-11-06 02:51:48.313787+00
5	ANDRÉ PRÉDIO	13997664312	60.50	t	2024-10-25 15:19:20.812991+00
99	ALEX	0074	3.00	t	2024-10-29 23:04:39.446229+00
199	LEANDRO	13981071501	6.50	t	2024-11-13 20:35:46.474519+00
24	YASMIN	13991443106	108.25	t	2024-10-25 19:19:17.319516+00
175	GORDO	12345678999	0.00	t	2024-11-08 03:45:02.819616+00
167	ROGERIO.	13111111111	0.00	t	2024-11-06 02:41:13.119969+00
163	BRUNO	1300000000	13.90	t	2024-11-04 23:10:55.767232+00
169	INDIO	13000000099	16.80	t	2024-11-06 04:40:39.299936+00
218	MUDI	13996547821	0.00	t	2024-11-15 18:06:43.616765+00
154	DUNGA	13907646748	0.00	t	2024-11-03 16:12:14.972918+00
221	CASAL 10 (DOUGLAS)	32313131231	27.60	t	2024-11-15 22:15:59.39758+00
23	MATIAS	136698745	478.30	t	2024-10-25 19:18:15.393505+00
180	FLAVIO	13995478169	0.00	t	2024-11-09 19:48:01.830769+00
158	ALEMAO	13925487582	0.00	t	2024-11-03 19:04:00.28458+00
182	LUCIA COROA	13996548712	65.40	t	2024-11-10 14:58:05.98201+00
166	JENIFER	13000002222	0.00	t	2024-11-05 23:16:11.840136+00
138	BRENDO	1111111111	16.65	t	2024-11-02 01:04:59.822297+00
71	AMANDA	0000005	82.60	t	2024-10-27 17:10:28.816865+00
40	MARCO ANTONIO DYORGE	13991493945	7.80	t	2024-10-26 11:08:05.450431+00
90	Marco	1234	0.00	t	2024-10-28 22:31:52.632784+00
197	JERFERSON	13812458785	9.00	t	2024-11-13 17:41:08.431588+00
157	MARCELO PRED.FRENTE	13996067095	124.00	t	2024-11-03 17:02:55.506055+00
32	PRETO	13996558214	52.50	t	2024-10-25 22:45:06.80697+00
3	NADY	13********	30.60	t	2024-10-25 14:55:22.362785+00
1	TRINDADE	13*******	49.90	t	2024-10-25 14:46:26.556718+00
203	VICTOR	85994475769	28.90	t	2024-11-13 23:02:12.590813+00
16	PAULO CEZAR	11*******	27.30	t	2024-10-25 15:53:05.217067+00
145	LUIZ	13669988774	31.00	t	2024-11-02 21:13:18.759487+00
204	JOSE	13991577931	0.00	t	2024-11-14 17:55:07.433816+00
10	JULIANA	13*****	0.00	t	2024-10-25 15:30:10.733579+00
214	LEONARDO LILI	25252522222	0.00	t	2024-11-15 04:26:08.895586+00
196	BRANCO	13997313780	0.00	t	2024-11-13 01:50:17.325719+00
170	FILHO JOJO	13981242568	130.50	t	2024-11-06 13:26:42.844386+00
209	DELISON	11972593983	0.00	t	2024-11-14 21:50:23.567804+00
208	CARLOS	13996342521	0.00	t	2024-11-14 21:49:23.463464+00
207	ELIAS	1988286768	0.00	t	2024-11-14 21:37:47.315319+00
212	LEO	12323333333	0.00	t	2024-11-15 04:18:27.233962+00
224	VELTON	13996223548	0.00	t	2024-11-16 16:54:33.78747+00
215	CASAL LOIRA	0000000000	0.00	t	2024-11-15 04:31:38.715627+00
237	LUCAS	13987450084	16.80	t	2024-11-19 00:40:46.463814+00
220	TIAGO	13985554525	16.00	t	2024-11-15 18:57:59.988704+00
238	AMAURI	22232255555	0.00	t	2024-11-19 02:14:00.039063+00
222	GASCAN	12312131321	0.00	t	2024-11-15 22:53:53.695781+00
240	CASALL	12312312313	55.00	t	2024-11-19 21:02:03.223751+00
226	RAPHAEL	13996587894	0.00	t	2024-11-16 21:08:57.404607+00
217	RENATO	1399857635	0.00	t	2024-11-15 17:52:26.372896+00
228	MARCINHO	12312312412	0.00	t	2024-11-17 01:11:17.447292+00
234	RICARDO SANTA	00000755555	6.50	t	2024-11-18 00:21:10.356283+00
54	CRIS BARRACA	00000000000	15.50	t	2024-10-26 19:20:51.24738+00
\.


--
-- Data for Name: comandas_tabitem; Type: TABLE DATA; Schema: public; Owner: postgres
--

COPY public.comandas_tabitem (id, quantidade, preco_unitario, data_criacao, adicionado_por_id, produto_id, tab_id) FROM stdin;
868	1	8.00	2024-11-06 16:30:25.536402+00	6	1370	12
1696	1	3.75	2024-11-18 23:43:14.040479+00	3	317	24
795	3	2.00	2024-11-05 06:30:17.348575+00	7	1497	17
12	1	7.00	2024-10-25 15:19:40.681021+00	1	250	5
13	1	4.00	2024-10-25 15:20:05.842328+00	1	315	5
14	4	8.50	2024-10-25 15:20:25.401612+00	1	1	5
803	1	3.00	2024-11-05 13:21:15.004991+00	7	310	104
569	1	8.50	2024-11-01 16:00:01.970427+00	8	1376	43
1736	1	3.00	2024-11-19 20:14:25.354475+00	3	105	17
876	2	5.50	2024-11-06 21:22:59.217446+00	3	903	171
1706	1	3.75	2024-11-19 00:57:29.612372+00	3	317	24
1013	1	7.00	2024-11-09 02:05:19.769561+00	3	1216	27
1009	25	3.00	2024-11-09 01:17:34.664515+00	3	310	170
1138	1	10.25	2024-11-10 22:44:27.68094+00	3	452	27
1215	1	12.00	2024-11-12 15:25:51.127122+00	3	860	17
1460	11	2.00	2024-11-15 20:34:39.200519+00	1	1497	17
1412	1	10.90	2024-11-15 13:30:45.445218+00	3	964	182
965	2	2.50	2024-11-08 16:32:54.877694+00	8	1330	12
1167	1	5.50	2024-11-11 14:08:14.761796+00	3	1411	170
1741	1	5.00	2024-11-19 21:03:27.194151+00	1	1163	240
1574	10	3.00	2024-11-17 04:15:54.175193+00	3	310	23
811	1	3.50	2024-11-05 15:42:08.463418+00	3	1496	126
815	5	3.00	2024-11-05 19:30:42.153946+00	3	472	23
1314	1	6.50	2024-11-14 01:25:46.927328+00	3	1208	27
1006	1	5.50	2024-11-09 00:43:20.564256+00	3	1336	43
1203	3	7.00	2024-11-12 00:30:00.792039+00	3	1216	170
961	1	2.00	2024-11-08 15:52:55.246719+00	3	321	17
1029	1	16.00	2024-11-09 07:01:00.667882+00	3	543	17
1070	1	4.00	2024-11-09 21:38:21.427231+00	1	1317	12
872	2	13.90	2024-11-06 21:20:52.713316+00	3	10	171
1175	4	0.25	2024-11-11 14:58:23.5283+00	1	1576	43
1219	3	8.90	2024-11-12 15:32:28.862825+00	3	589	17
1045	1	0.00	2024-11-09 19:01:37.896811+00	3	625	26
1342	4	3.00	2024-11-14 16:59:46.227593+00	1	310	23
1053	1	35.00	2024-11-09 19:55:10.580568+00	3	1565	27
1464	1	43.90	2024-11-15 22:15:07.559353+00	3	1597	23
1585	2	7.00	2024-11-17 05:49:13.59733+00	3	1216	23
977	1	0.00	2024-11-08 19:58:02.923215+00	3	911	26
621	3	8.50	2024-11-02 08:01:27.32212+00	7	1	71
1731	1	3.50	2024-11-19 18:37:55.103134+00	1	323	27
1591	1	7.00	2024-11-17 08:26:25.473301+00	3	163	169
1266	4	8.50	2024-11-13 16:20:48.705255+00	3	1	97
1322	1	3.90	2024-11-14 02:26:37.196246+00	3	1429	46
1424	3	8.50	2024-11-15 17:11:31.70513+00	3	1	171
763	1	11.25	2024-11-04 19:08:23.87574+00	7	458	126
1330	1	7.00	2024-11-14 03:45:34.206569+00	3	1216	27
1476	1	4.50	2024-11-15 22:59:29.582427+00	1	316	48
1239	1	10.25	2024-11-12 18:44:12.533372+00	3	452	27
1600	1	7.00	2024-11-17 15:55:12.320406+00	3	250	182
1162	1	4.00	2024-11-11 02:54:19.252343+00	3	487	27
1126	1	7.50	2024-11-10 19:26:36.598552+00	1	1543	8
585	12	3.90	2024-11-01 22:24:55.866859+00	8	319	8
1195	3	3.90	2024-11-11 21:48:37.585496+00	3	1429	27
1041	2	35.00	2024-11-09 17:08:32.257209+00	3	1120	17
1154	3	4.50	2024-11-11 01:30:44.2718+00	3	702	27
1082	3	3.90	2024-11-09 23:39:42.339394+00	3	309	27
357	1	5.50	2024-10-28 22:09:52.037213+00	3	1335	43
1374	2	3.90	2024-11-14 23:58:04.196837+00	3	1429	27
1199	2	4.50	2024-11-11 22:11:45.49101+00	1	702	189
1274	3	6.50	2024-11-13 19:28:46.50204+00	3	1122	23
1282	2	15.00	2024-11-13 20:46:03.649822+00	1	1553	17
1606	5	4.00	2024-11-17 16:46:29.331876+00	3	315	32
89	5	3.50	2024-10-25 22:25:47.78753+00	1	318	31
577	11	3.00	2024-11-01 17:38:46.125894+00	3	310	126
1452	1	8.00	2024-11-15 19:58:54.330673+00	3	1370	26
90	1	25.00	2024-10-25 22:34:35.211844+00	1	1535	31
1620	1	3.50	2024-11-17 20:33:22.962164+00	1	92	43
1472	4	3.90	2024-11-15 22:20:50.363365+00	3	1429	27
1326	4	6.00	2024-11-14 02:53:59.490726+00	1	1369	17
1246	2	2.50	2024-11-12 19:50:06.153969+00	3	1217	17
99	1	11.00	2024-10-25 23:13:04.587007+00	1	64	31
1532	1	30.00	2024-11-16 22:12:37.348909+00	3	1502	26
1227	2	8.00	2024-11-12 17:16:46.752367+00	1	1370	12
1528	1	8.00	2024-11-16 22:09:05.244798+00	3	1370	26
1536	1	13.90	2024-11-16 23:07:23.823312+00	3	13	26
1577	1	8.50	2024-11-17 04:23:58.24443+00	3	1362	27
1566	2	12.00	2024-11-17 02:58:26.669264+00	3	324	36
1570	1	20.00	2024-11-17 03:32:21.27929+00	3	1454	36
1540	7	3.90	2024-11-16 23:40:41.670184+00	3	1429	27
869	1	8.00	2024-11-06 18:09:55.766281+00	3	1370	26
566	2	5.50	2024-11-01 15:53:07.835223+00	3	597	5
1216	1	3.50	2024-11-12 15:26:43.726192+00	3	19	17
792	1	4.00	2024-11-05 06:29:44.898663+00	7	246	17
873	1	45.00	2024-11-06 21:22:13.514809+00	3	359	171
586	6	3.50	2024-11-01 22:26:01.550384+00	8	1205	128
804	1	0.00	2024-11-05 13:46:57.943071+00	3	673	17
808	1	14.00	2024-11-05 14:03:07.2665+00	3	402	17
877	1	6.50	2024-11-06 21:23:11.801905+00	3	1093	171
1343	4	0.25	2024-11-14 17:44:22.443564+00	1	1576	43
1168	1	5.00	2024-11-11 14:08:20.182621+00	3	1285	170
1030	3	4.50	2024-11-09 07:19:03.530728+00	3	656	12
1347	5	4.00	2024-11-14 19:25:06.820204+00	3	315	23
1644	1	6.50	2024-11-18 00:30:14.48083+00	3	307	11
1147	1	8.00	2024-11-10 22:53:35.285565+00	3	1370	170
1220	4	5.50	2024-11-12 15:33:55.841887+00	3	1209	17
1247	5	3.90	2024-11-12 19:55:19.558121+00	3	309	27
1391	5	3.00	2024-11-15 02:10:18.319565+00	3	310	3
1586	1	5.00	2024-11-17 05:49:39.359644+00	3	49	23
680	1	3.90	2024-11-03 08:15:23.00028+00	7	309	23
1409	3	3.00	2024-11-15 13:00:44.342107+00	1	310	23
1307	2	3.90	2024-11-14 00:46:49.989851+00	1	312	155
1722	2	10.00	2024-11-19 04:44:54.486987+00	3	1402	27
776	1	3.90	2024-11-04 23:11:02.768071+00	7	309	163
1007	6	3.90	2024-11-09 00:47:02.35215+00	3	309	27
1232	3	8.90	2024-11-12 17:34:58.093244+00	3	589	17
1395	5	3.00	2024-11-15 04:10:34.49012+00	3	310	23
562	4	8.00	2024-11-01 14:20:19.203667+00	3	1370	126
622	3	6.50	2024-11-02 13:23:03.660777+00	7	307	71
1155	1	3.00	2024-11-11 01:31:20.206614+00	3	126	27
1407	8	2.00	2024-11-15 07:25:03.83696+00	3	1497	17
1707	9	3.75	2024-11-19 00:57:34.85458+00	3	317	24
1026	1	8.00	2024-11-09 06:50:09.149574+00	3	1370	170
700	1	11.25	2024-11-03 16:31:16.272906+00	7	458	126
1425	4	3.90	2024-11-15 17:11:41.222079+00	3	312	171
958	2	5.00	2024-11-08 14:40:56.035464+00	3	1118	17
974	1	7.00	2024-11-08 19:39:57.570367+00	3	1087	26
1413	2	4.90	2024-11-15 15:35:31.190132+00	3	306	17
861	2	0.00	2024-11-06 15:30:44.482383+00	3	624	17
1732	1	6.50	2024-11-19 18:38:12.222105+00	1	1315	27
1192	1	10.00	2024-11-11 20:32:36.978997+00	1	1345	17
1737	2	4.00	2024-11-19 20:46:00.966664+00	3	1317	12
1042	1	3.50	2024-11-09 17:08:41.409674+00	3	107	17
881	51	2.00	2024-11-06 22:33:24.34594+00	3	1497	17
1046	1	13.90	2024-11-09 19:01:44.248437+00	3	1195	26
1099	2	8.00	2024-11-10 14:58:12.229802+00	3	1344	182
1196	1	6.00	2024-11-11 21:48:49.545266+00	3	1369	27
1058	1	5.00	2024-11-09 20:14:43.35098+00	1	1110	43
1327	2	3.00	2024-11-14 03:09:08.607038+00	3	310	23
796	4	4.50	2024-11-05 06:30:58.195842+00	7	91	17
1123	1	9.00	2024-11-10 18:50:53.789827+00	1	1304	26
1127	1	12.00	2024-11-10 20:45:21.199587+00	3	282	26
853	3	3.00	2024-11-06 12:24:06.219918+00	3	1441	26
1271	1	4.50	2024-11-13 18:24:22.406744+00	3	656	12
1465	2	36.90	2024-11-15 22:15:44.721804+00	3	636	23
1139	9	3.90	2024-11-10 22:44:39.962044+00	3	1429	27
1501	2	3.90	2024-11-16 15:25:23.275596+00	1	309	23
909	8	3.00	2024-11-07 19:12:38.733544+00	8	310	23
1275	5	4.00	2024-11-13 19:29:07.239607+00	3	315	23
1607	5	1.00	2024-11-17 16:46:46.314001+00	3	164	32
1453	1	0.00	2024-11-15 19:59:00.566851+00	3	218	26
1473	1	3.90	2024-11-15 22:21:41.773744+00	3	1429	148
1457	2	3.00	2024-11-15 20:19:34.793971+00	3	310	157
1477	2	1.00	2024-11-15 23:27:26.651221+00	3	164	155
1481	1	9.00	2024-11-16 01:14:51.697539+00	3	300	27
1255	8	3.90	2024-11-13 00:12:32.155804+00	3	1429	1
1623	8	3.90	2024-11-17 20:52:04.782152+00	3	319	157
1578	1	3.75	2024-11-17 04:33:53.612642+00	3	317	138
1567	1	8.00	2024-11-17 02:59:22.763461+00	3	369	36
1533	1	8.90	2024-11-16 22:16:12.225927+00	3	33	26
1537	1	0.00	2024-11-16 23:07:30.535041+00	3	228	26
1545	1	8.00	2024-11-17 00:43:47.28476+00	3	1370	17
893	4	6.00	2024-11-07 03:01:02.703504+00	8	1369	12
1626	8	3.90	2024-11-17 21:48:36.932643+00	3	1429	127
1575	1	4.50	2024-11-17 04:20:45.313562+00	3	702	138
1560	9	3.00	2024-11-17 02:00:50.674103+00	3	311	88
1642	1	6.50	2024-11-18 00:21:23.972158+00	3	307	234
1589	13	2.00	2024-11-17 07:08:02.808099+00	3	1497	88
1648	1	8.00	2024-11-18 00:50:02.377802+00	3	1370	32
1650	1	4.00	2024-11-18 00:50:40.81047+00	3	1390	32
793	1	6.00	2024-11-05 06:30:03.8543+00	7	1369	17
1392	4	3.90	2024-11-15 02:10:22.080364+00	3	312	3
1000	4	6.00	2024-11-08 22:44:19.523717+00	3	1369	12
1693	1	6.00	2024-11-18 23:04:57.487455+00	3	1369	24
567	1	4.50	2024-11-01 15:53:30.440097+00	3	49	5
627	2	7.00	2024-11-02 16:02:16.162058+00	7	1216	126
338	1	4.00	2024-10-28 15:14:19.377753+00	1	32	43
356	1	6.00	2024-10-28 22:04:05.728961+00	3	1369	43
1169	1	2.00	2024-11-11 14:08:53.964782+00	3	1186	170
975	1	4.00	2024-11-08 19:57:52.540763+00	3	610	26
1023	1	3.00	2024-11-09 04:25:26.770633+00	8	1441	17
1173	1	10.25	2024-11-11 14:56:29.219804+00	3	452	27
1027	1	7.00	2024-11-09 06:58:54.210075+00	3	250	12
1344	1	3.50	2024-11-14 17:44:37.64002+00	1	121	43
1498	1	7.00	2024-11-16 14:51:40.394825+00	3	460	27
1248	1	9.25	2024-11-12 19:55:36.322747+00	3	451	27
587	1	7.00	2024-11-01 22:34:28.925742+00	8	1112	128
809	21	2.00	2024-11-05 14:03:55.770714+00	3	1497	17
1031	3	3.90	2024-11-09 07:57:12.91527+00	3	309	1
1233	3	5.50	2024-11-12 17:35:25.239266+00	3	1209	17
805	2	3.00	2024-11-05 13:47:22.865649+00	3	1441	17
1120	1	8.00	2024-11-10 18:37:20.727537+00	1	348	145
1272	12	0.50	2024-11-13 19:19:57.74308+00	3	1111	23
371	4	6.50	2024-10-28 22:49:04.331405+00	1	307	91
372	3	9.00	2024-10-28 22:49:29.842013+00	1	300	91
987	1	3.50	2024-11-08 21:48:25.717651+00	8	151	43
405	1	6.00	2024-10-29 23:24:42.426749+00	1	1369	43
406	1	3.50	2024-10-29 23:24:50.993049+00	1	92	43
1043	2	5.50	2024-11-09 17:08:55.526208+00	3	1209	17
1324	1	4.00	2024-11-14 02:53:38.855211+00	1	1316	17
1708	8	3.90	2024-11-19 01:15:12.958161+00	3	312	36
797	3	2.50	2024-11-05 06:31:32.587297+00	7	1217	17
862	3	6.00	2024-11-06 15:31:02.780226+00	3	1369	17
1718	1	4.50	2024-11-19 03:43:03.477861+00	3	702	138
1047	2	4.50	2024-11-09 19:06:22.631762+00	3	656	12
854	1	3.00	2024-11-06 12:29:20.669374+00	3	1567	26
1713	2	3.90	2024-11-19 02:48:36.927118+00	3	1429	96
1530	12	3.00	2024-11-16 22:10:12.613411+00	3	393	26
1308	1	3.25	2024-11-14 00:47:58.875975+00	1	1103	17
579	1	3.00	2024-11-01 19:09:30.961421+00	3	310	23
387	1	2.00	2024-10-29 19:06:18.825715+00	1	1440	43
1092	1	12.50	2024-11-10 06:27:23.89218+00	3	1312	27
1124	1	3.50	2024-11-10 18:56:59.195051+00	1	125	145
1128	1	4.50	2024-11-10 20:46:21.251922+00	1	1064	17
1132	1	29.90	2024-11-10 20:54:53.750529+00	3	976	26
441	3	3.00	2024-10-30 21:54:35.723218+00	3	310	104
1458	1	10.00	2024-11-15 20:31:36.406071+00	1	1397	17
1328	2	3.90	2024-11-14 03:10:57.202211+00	3	309	27
1100	1	7.00	2024-11-10 14:58:19.034078+00	3	250	182
874	6	3.00	2024-11-06 21:22:19.402228+00	3	394	171
1733	1	14.00	2024-11-19 18:39:00.708095+00	1	465	27
1260	4	8.90	2024-11-13 01:29:55.248163+00	1	589	71
1264	1	6.50	2024-11-13 03:03:24.662149+00	1	63	17
1189	2	12.00	2024-11-11 20:31:39.040898+00	1	1426	17
1396	2	7.00	2024-11-15 04:10:48.444005+00	3	1216	23
1738	1	5.50	2024-11-19 20:49:06.338842+00	3	1267	12
1348	1	9.00	2024-11-14 19:25:17.236765+00	3	1338	23
623	1	2.00	2024-11-02 13:23:19.916921+00	7	1497	71
1144	1	3.90	2024-11-10 22:49:37.990381+00	3	312	186
777	1	10.00	2024-11-04 23:11:10.610812+00	7	1402	163
1332	1	4.50	2024-11-14 04:13:02.663077+00	3	702	199
959	1	3.50	2024-11-08 15:36:03.207598+00	3	1496	17
513	7	3.90	2024-10-31 22:24:34.812134+00	3	309	16
1213	2	7.90	2024-11-12 15:21:55.581795+00	3	1518	17
1352	4	2.50	2024-11-14 19:30:29.414782+00	3	100	23
1442	4	4.00	2024-11-15 18:58:11.34719+00	1	315	220
922	4	4.50	2024-11-07 22:23:18.717917+00	3	49	12
1454	1	4.00	2024-11-15 19:59:12.216717+00	3	225	26
1372	1	7.00	2024-11-14 23:55:48.910131+00	3	460	27
1462	1	4.00	2024-11-15 21:45:15.300252+00	1	487	17
491	1	16.00	2024-10-31 18:04:12.995244+00	8	1550	43
1418	22	3.90	2024-11-15 16:33:40.39083+00	3	319	157
1426	10	3.90	2024-11-15 17:33:43.901037+00	3	319	155
1490	1	4.50	2024-11-16 04:01:08.958167+00	3	435	17
1526	1	12.00	2024-11-16 22:08:58.34177+00	3	282	26
1534	1	3.90	2024-11-16 22:18:29.589401+00	1	309	101
1554	4	3.90	2024-11-17 01:32:28.339088+00	1	319	221
1542	6	3.90	2024-11-17 00:42:00.982551+00	3	312	36
1579	1	3.90	2024-11-17 04:34:24.552727+00	3	1429	138
1249	3	2.00	2024-11-12 20:28:37.776455+00	3	1497	170
1704	1	8.90	2024-11-19 00:41:08.145598+00	1	589	237
1734	12	3.90	2024-11-19 18:39:17.979102+00	1	309	27
1174	1	2.50	2024-11-11 14:56:39.253407+00	3	1217	27
964	4	10.00	2024-11-08 16:32:24.218535+00	8	1542	12
1427	7	2.00	2024-11-15 17:44:10.33396+00	3	1497	17
1373	2	6.00	2024-11-14 23:57:55.132885+00	3	1369	27
887	1	8.00	2024-11-06 23:07:19.854655+00	3	1571	43
1662	1	7.00	2024-11-18 04:06:55.775045+00	3	1216	1
1709	2	4.90	2024-11-19 01:20:55.540372+00	3	306	11
1714	1	5.50	2024-11-19 03:06:01.21209+00	3	234	24
762	3	4.50	2024-11-04 19:08:08.821346+00	7	1367	126
1590	2	4.90	2024-11-17 08:04:12.742277+00	3	306	169
814	6	3.00	2024-11-05 18:54:21.647768+00	3	310	23
1005	2	6.00	2024-11-09 00:34:55.997183+00	3	1369	43
1261	1	4.00	2024-11-13 01:35:24.551964+00	1	1275	17
798	2	5.00	2024-11-05 06:31:41.946309+00	7	1118	17
1719	1	2.00	2024-11-19 04:33:19.685593+00	3	1497	24
859	1	11.25	2024-11-06 13:42:25.904379+00	3	458	126
1653	8	3.90	2024-11-18 01:36:42.497778+00	3	1429	27
863	1	8.00	2024-11-06 15:31:38.605261+00	3	1370	17
1032	2	9.25	2024-11-09 13:50:38.001176+00	3	451	27
806	7	6.00	2024-11-05 13:47:31.39336+00	3	1369	17
1596	1	8.00	2024-11-17 13:59:40.148907+00	1	1370	27
1285	7	3.90	2024-11-13 21:05:35.578028+00	1	309	27
1044	3	2.00	2024-11-09 17:09:23.826465+00	3	321	17
1729	1	9.00	2024-11-19 16:30:04.437528+00	3	1095	197
1739	2	3.90	2024-11-19 20:57:12.519364+00	3	312	40
875	2	3.50	2024-11-06 21:22:35.330671+00	3	1253	171
1093	1	8.50	2024-11-10 06:29:47.834784+00	3	1531	27
1273	3	3.00	2024-11-13 19:27:04.672888+00	3	472	23
1202	1	4.00	2024-11-12 00:18:56.634657+00	1	1275	17
915	3	0.00	2024-11-07 19:52:59.698873+00	3	911	26
1056	1	5.50	2024-11-09 20:11:05.163987+00	1	1309	26
923	1	3.50	2024-11-07 22:25:05.682427+00	8	107	43
1206	4	3.90	2024-11-12 01:06:31.702428+00	3	319	173
1455	1	4.90	2024-11-15 19:59:58.326379+00	3	306	26
810	1	4.00	2024-11-05 14:17:32.398413+00	3	1390	17
960	4	7.90	2024-11-08 15:52:42.587164+00	3	1518	17
903	9	0.25	2024-11-07 16:23:33.850233+00	8	1576	43
1459	2	0.50	2024-11-15 20:34:17.602221+00	1	1111	17
1463	1	4.00	2024-11-15 21:45:29.973996+00	1	487	43
1397	1	3.50	2024-11-15 04:11:24.012406+00	3	19	23
976	1	4.99	2024-11-08 19:57:57.907609+00	3	1524	26
1329	1	10.25	2024-11-14 03:40:05.4882+00	3	452	27
1125	2	3.90	2024-11-10 18:57:07.502758+00	1	319	145
1121	3	3.90	2024-11-10 18:37:29.20444+00	1	319	145
1333	1	2.00	2024-11-14 04:13:10.842244+00	3	1497	199
1628	1	4.90	2024-11-17 21:49:32.790077+00	3	306	127
1129	4	3.00	2024-11-10 20:48:54.022224+00	3	393	26
1137	1	10.25	2024-11-10 22:44:14.911711+00	3	452	27
1145	1	1.00	2024-11-10 22:51:01.253212+00	3	1069	186
1636	1	6.50	2024-11-17 22:35:50.700917+00	3	307	127
1479	1	3.90	2024-11-15 23:50:21.076124+00	3	1429	155
871	13	2.00	2024-11-06 19:29:50.83055+00	3	1497	17
1238	6	4.50	2024-11-12 18:39:50.523191+00	3	702	23
1647	2	4.00	2024-11-18 00:49:31.378356+00	3	1278	32
1353	1	3.90	2024-11-14 19:34:47.582274+00	3	1429	23
1637	1	1.00	2024-11-17 22:58:40.194114+00	3	164	157
1649	1	7.50	2024-11-18 00:50:11.956871+00	3	212	32
1495	1	0.00	2024-11-16 05:34:52.215258+00	3	624	17
1625	3	2.00	2024-11-17 20:53:19.66565+00	3	1497	2
1503	1	3.50	2024-11-16 16:11:22.255984+00	1	151	43
1622	1	6.00	2024-11-17 20:33:43.562703+00	1	1369	43
1527	1	8.00	2024-11-16 22:09:02.838096+00	3	1370	26
1531	1	5.50	2024-11-16 22:10:23.895887+00	3	1408	26
1539	1	3.00	2024-11-16 23:32:35.99202+00	1	310	99
1639	3	3.90	2024-11-17 23:14:40.949729+00	3	1429	27
1641	1	10.25	2024-11-18 00:19:56.421421+00	3	452	27
1555	1	12.00	2024-11-17 01:32:36.866289+00	1	64	221
1665	5	2.00	2024-11-18 05:47:25.389546+00	3	1185	23
1663	11	3.00	2024-11-18 04:08:38.633113+00	3	310	23
1664	1	4.00	2024-11-18 04:20:48.586874+00	3	1390	88
1666	2	5.50	2024-11-18 05:47:48.284516+00	3	921	23
1543	12	2.00	2024-11-17 00:42:38.245703+00	3	1497	17
1667	1	5.00	2024-11-18 06:04:46.086917+00	3	1118	17
1672	1	9.50	2024-11-18 15:54:33.474509+00	3	855	182
1673	1	10.00	2024-11-18 15:54:39.298655+00	3	1345	182
1674	1	5.00	2024-11-18 15:55:19.558053+00	3	1283	182
1680	1	10.90	2024-11-18 18:12:04.489089+00	1	1612	203
1679	2	9.00	2024-11-18 18:10:42.288749+00	1	300	203
1686	1	7.00	2024-11-18 20:09:33.448452+00	3	1216	54
1687	1	4.50	2024-11-18 20:09:53.486589+00	3	1366	54
1688	1	4.00	2024-11-18 20:11:33.520535+00	3	1390	54
1690	2	6.00	2024-11-18 21:45:03.994711+00	3	1369	27
1689	1	6.50	2024-11-18 20:31:54.329978+00	3	453	27
1705	1	7.90	2024-11-19 00:41:19.922288+00	1	302	237
1720	1	8.50	2024-11-19 04:37:17.772015+00	3	1495	24
1730	12	3.75	2024-11-19 18:35:53.844579+00	1	317	24
1735	1	4.00	2024-11-19 19:18:40.972424+00	3	436	12
1740	2	25.00	2024-11-19 21:02:45.788787+00	1	1535	240
\.


--
-- Data for Name: core_timestampedmodel; Type: TABLE DATA; Schema: public; Owner: postgres
--

COPY public.core_timestampedmodel (id, created, modified) FROM stdin;
\.


--
-- Data for Name: pdv_compra; Type: TABLE DATA; Schema: public; Owner: postgres
--

COPY public.pdv_compra (id, data, metodo_pagamento, total) FROM stdin;
1	2024-10-26 02:13:21.114086+00	DINHEIRO	28.90
2	2024-10-26 02:20:32.518324+00	PIX	53.00
3	2024-10-26 02:32:49.306451+00	CREDITO	20.90
4	2024-11-08 14:32:16.500421+00	CREDITO	198.20
5	2024-11-08 17:48:25.121203+00	CREDITO	16.20
6	2024-11-10 11:51:39.665228+00	CREDITO	279.90
7	2024-11-15 19:14:58.456807+00	CREDITO	531.99
8	2024-11-15 19:20:34.816953+00	CREDITO	531.99
9	2024-11-15 19:22:04.660215+00	CREDITO	531.99
10	2024-11-17 18:50:10.425441+00	CREDITO	869.30
\.


--
-- Data for Name: pdv_itemcompra; Type: TABLE DATA; Schema: public; Owner: postgres
--

COPY public.pdv_itemcompra (id, quantidade, preco_unitario, compra_id, produto_id) FROM stdin;
1	1	3.90	1	309
2	2	8.50	1	1
3	4	2.00	1	1372
4	2	7.00	2	299
5	10	3.90	2	319
6	1	3.90	3	309
7	2	8.50	3	1
8	1	2.00	4	1497
9	1	8.50	4	1
10	1	12.50	4	1094
11	1	15.00	4	1553
12	1	50.00	4	376
13	1	14.75	4	152
14	1	13.00	4	1100
15	1	13.00	4	626
16	1	3.00	4	878
17	1	3.00	4	126
18	1	8.50	4	822
19	1	7.50	4	296
20	1	3.50	4	107
21	1	3.90	4	309
22	1	3.90	4	319
23	1	8.50	4	1112
24	1	6.50	4	1093
25	1	4.00	4	1275
26	1	8.50	4	138
27	1	3.00	4	310
28	1	5.25	4	308
29	1	7.00	4	1216
30	1	3.90	4	319
31	3	3.90	5	309
32	1	4.50	5	826
33	1	7.50	6	1269
34	1	12.75	6	1107
35	1	16.00	6	363
36	1	4.90	6	1139
37	1	14.50	6	439
38	1	7.50	6	1543
39	1	7.00	6	1216
40	1	4.00	6	1317
41	1	5.00	6	1110
42	1	5.50	6	1309
43	1	149.00	6	1430
44	1	21.50	6	1490
45	1	11.25	6	459
46	1	4.50	6	702
47	1	9.00	6	589
48	1	7.00	7	250
49	1	25.00	7	1405
50	1	25.00	7	1401
51	1	7.00	7	1204
52	1	4.00	7	315
53	1	3.90	7	319
54	2	6.50	7	307
55	2	5.00	7	1487
56	1	3.90	7	312
57	1	6.50	7	303
58	1	4.50	7	49
59	1	3.90	7	309
60	1	8.00	7	1093
61	1	12.00	7	1426
62	1	10.00	7	1402
63	1	5.50	7	1209
64	1	7.50	7	1200
65	1	3.90	7	309
66	1	7.00	7	1097
67	1	5.50	7	326
68	1	3.90	7	319
69	1	7.90	7	302
70	1	3.90	7	309
71	1	14.25	7	134
72	1	7.00	7	1208
73	1	6.50	7	1208
74	1	12.99	7	993
75	1	4.00	7	1190
76	1	4.50	7	316
77	1	3.90	7	309
78	1	3.00	7	1567
79	1	10.00	7	358
80	1	3.00	7	310
81	1	5.25	7	308
82	1	3.50	7	19
83	1	2.50	7	322
84	1	25.00	7	1535
85	1	9.25	7	1386
86	1	9.00	7	1095
87	1	12.75	7	1107
88	1	19.00	7	186
89	1	14.25	7	429
90	1	7.50	7	1269
91	1	4.50	7	316
92	1	30.00	7	1536
93	1	7.00	8	250
94	1	25.00	8	1405
95	1	25.00	8	1401
96	1	7.00	8	1204
97	1	4.00	8	315
98	1	3.90	8	319
99	2	6.50	8	307
100	2	5.00	8	1487
101	1	3.90	8	312
102	1	6.50	8	303
103	1	4.50	8	49
104	1	3.90	8	309
105	1	8.00	8	1093
106	1	12.00	8	1426
107	1	10.00	8	1402
108	1	5.50	8	1209
109	1	7.50	8	1200
110	1	3.90	8	309
111	1	7.00	8	1097
112	1	5.50	8	326
113	1	3.90	8	319
114	1	7.90	8	302
115	1	3.90	8	309
116	1	14.25	8	134
117	1	7.00	8	1208
118	1	6.50	8	1208
119	1	12.99	8	993
120	1	4.00	8	1190
121	1	4.50	8	316
122	1	3.90	8	309
123	1	3.00	8	1567
124	1	10.00	8	358
125	1	3.00	8	310
126	1	5.25	8	308
127	1	3.50	8	19
128	1	2.50	8	322
129	1	25.00	8	1535
130	1	9.25	8	1386
131	1	9.00	8	1095
132	1	12.75	8	1107
133	1	19.00	8	186
134	1	14.25	8	429
135	1	7.50	8	1269
136	1	4.50	8	316
137	1	30.00	8	1536
138	1	7.00	9	250
139	1	25.00	9	1405
140	1	25.00	9	1401
141	1	7.00	9	1204
142	1	4.00	9	315
143	1	3.90	9	319
144	2	6.50	9	307
145	2	5.00	9	1487
146	1	3.90	9	312
147	1	6.50	9	303
148	1	4.50	9	49
149	1	3.90	9	309
150	1	8.00	9	1093
151	1	12.00	9	1426
152	1	10.00	9	1402
153	1	5.50	9	1209
154	1	7.50	9	1200
155	1	3.90	9	309
156	1	7.00	9	1097
157	1	5.50	9	326
158	1	3.90	9	319
159	1	7.90	9	302
160	1	3.90	9	309
161	1	14.25	9	134
162	1	7.00	9	1208
163	1	6.50	9	1208
164	1	12.99	9	993
165	1	4.00	9	1190
166	1	4.50	9	316
167	1	3.90	9	309
168	1	3.00	9	1567
169	1	10.00	9	358
170	1	3.00	9	310
171	1	5.25	9	308
172	1	3.50	9	19
173	1	2.50	9	322
174	1	25.00	9	1535
175	1	9.25	9	1386
176	1	9.00	9	1095
177	1	12.75	9	1107
178	1	19.00	9	186
179	1	14.25	9	429
180	1	7.50	9	1269
181	1	4.50	9	316
182	1	30.00	9	1536
183	1	30.00	9	1592
184	1	3.00	9	94
185	1	8.50	9	138
186	1	25.00	9	1535
187	1	8.50	9	1
188	1	8.00	9	143
189	1	2.00	9	1497
190	1	14.25	9	429
191	1	9.00	9	300
192	1	4.90	9	306
193	1	10.00	9	1402
194	1	4.50	9	1356
195	1	3.90	9	309
196	1	11.00	10	1541
197	1	7.50	10	1544
198	1	8.50	10	1546
199	1	20.00	10	1455
200	1	6.50	10	307
201	1	7.00	10	1204
202	1	7.00	10	1204
203	1	14.75	10	152
204	1	7.00	10	1197
205	1	10.00	10	1548
206	1	10.25	10	452
207	1	3.90	10	309
208	1	10.00	10	1402
209	1	8.00	10	143
210	1	7.00	10	454
211	1	3.90	10	319
212	1	12.75	10	488
213	1	5.50	10	1209
214	1	7.50	10	1200
215	1	6.00	10	1547
216	1	7.50	10	1545
217	1	3.90	10	312
218	1	25.00	10	1401
219	1	8.50	10	1581
220	1	9.00	10	513
221	1	3.90	10	312
222	1	8.90	10	589
223	1	14.50	10	774
224	1	15.00	10	995
225	1	11.25	10	459
226	1	8.00	10	1093
227	1	8.00	10	1302
228	1	8.00	10	1093
229	1	3.50	10	1253
230	1	7.00	10	1204
231	1	7.50	10	1545
232	1	9.00	10	1095
233	1	3.90	10	309
234	1	9.00	10	1095
235	1	8.00	10	1370
236	1	3.90	10	312
237	1	6.50	10	303
238	1	12.75	10	458
239	1	10.00	10	358
240	1	3.50	10	318
241	1	3.75	10	317
242	1	8.50	10	1108
243	1	3.90	10	319
244	1	3.90	10	319
245	1	0.00	10	258
246	1	2.00	10	321
247	1	4.00	10	32
248	1	7.50	10	1373
249	1	13.00	10	1100
250	1	6.90	10	1513
251	1	7.50	10	1200
252	1	4.00	10	1141
253	1	14.25	10	429
254	1	120.00	10	380
255	1	4.00	10	487
256	1	9.00	10	1095
257	1	2.00	10	1497
258	1	41.90	10	1395
259	1	3.00	10	393
260	1	12.00	10	64
261	1	3.90	10	319
262	1	5.00	10	49
263	1	35.00	10	443
264	1	12.00	10	64
265	1	12.90	10	1194
266	1	8.00	10	1302
267	1	7.00	10	1087
268	1	3.00	10	310
269	1	5.25	10	308
270	1	7.50	10	1200
271	1	14.50	10	439
272	1	3.90	10	319
273	1	3.90	10	309
274	1	15.00	10	995
275	1	3.00	10	108
276	1	29.90	10	1129
277	1	34.90	10	1562
278	1	3.50	10	124
\.


--
-- Data for Name: produto_categoria; Type: TABLE DATA; Schema: public; Owner: postgres
--

COPY public.produto_categoria (id, categoria) FROM stdin;
3	AGUA
16	VINHOS
4	REFRIGERANTE
2	SUCOS
6	ENERGÉTICO
5	CERVEJA
19	ISOTÔNICO
21	DIVERSOS
23	DOCES
24	MERCEARIA
25	CHOCOLATE
26	BOLACHAS
27	TABACARIA
28	CHICLETE
29	BALAS
30	CACHAÇAS
31	LEITE
33	VODKA
22	DESTILADOS
20	WHISKY
32	SALGADOS
17	SALGADINHOS
18	SORVETES
8	CIGARROS
34	GIN
35	LICOR
36	CONHAQUE
37	RUM
38	COQUETEL ALCOOLICO
40	PORÇÕES
41	DOSES
42	REFEIÇÃO
\.


--
-- Data for Name: produto_produto; Type: TABLE DATA; Schema: public; Owner: postgres
--

COPY public.produto_produto (id, produto, estoque, estoque_minimo, nivel_estoque, preco_custo, preco_venda, margem_vendas, "codigoBarra", categoria_id) FROM stdin;
12	BALY MAÇÃ VERDE 2L	1000	1	t	7.49	13.90	85.58	7898080664563	6
44	DEL VALLE FRUIT UVA 450ML	1000	1	t	2.89	4.50	55.71	7894900550054	2
34	GROSELHA G'NUTRE 900ML	1000	1	t	5.90	9.00	52.54	7897711700014	2
65	REDBULL MELANCIA 250ML	997	1	t	7.00	12.00	71.43	9002490247379	6
91	SNICKERS 45G	992	1	t	2.50	4.50	80.00	7896423420180	25
27	MONSTER MANGO LOUCO 473ML	1000	1	t	7.39	11.90	61.03	0070847033301	6
80	CHOCOLATE GAROTO MEIO AMARGO	1000	1	t	3.99	7.90	97.99	7891008169218	25
13	BALY MORANGO & PÊSSEGO	998	1	t	7.49	13.90	85.58	7898080665010	6
7	RED BULL MORANGO & PÊSSEGO 250ML	1000	1	t	7.00	11.00	57.14	00000	6
63	H2O! 500ML	997	1	t	3.30	6.50	96.97	7892840812423	4
37	SUCO MAGUARY GOIABA 1L	1000	1	t	4.79	7.50	56.58	7896000530264	2
31	MONSTER ULTRA WATERMELON 473ML	1000	1	t	7.39	11.90	61.03	1220000250000	6
49	COCA COLA 350ML	973	1	t	2.95	5.00	69.49	7894900010015	4
1027	AMENDOIM SEM PELE 70G	1000	1	t	0.00	3.00	0.00	7897115107839	17
81	CHOCOLATE HERSHEY'S AIR	1000	1	t	3.99	7.00	75.44	7899970400452	25
83	CHOCOLATE HERSHEY'S BRANCO	1000	1	t	3.99	7.00	75.44	7899970400032	25
78	CHOCOLATE GAROTO BRANCO	1000	1	t	3.99	7.90	97.99	7891008168860	25
67	REDBULL MORANGO & PÊSSEGO 250ML	999	1	t	7.00	12.00	71.43	9002490258825	6
23	AGUA TONICA 350ml	993	1	t	2.89	4.50	55.71	7891991000840	3
86	CHOCOLATE HERSHEY'S EXTRA CREMOSO	1000	1	t	3.99	6.50	62.91	7899970400056	25
87	CHOCOLATE HERSHEY'S OVOMALTINE	1000	1	t	3.99	7.90	97.99	7899970402876	25
76	CHOCOLATE GAROTO AO LEITE	1000	1	t	4.39	8.00	82.23	7891008123975	25
9	BALY ABACAXI COM HORTELÃ 2L	998	1	t	7.49	13.90	85.58	7898080665355	6
29	MONSTER ABSOLUT ZERO 473ML	1000	1	t	7.39	12.00	62.38	1220000250406	6
3	RED BULL MELANCIA 250ML	999	1	t	7.00	11.00	57.14	7892840822019	6
82	HERSHEY'S AO LEITE	999	1	t	3.99	7.90	97.99	7899970402814	25
26	MONSTER PACÍFIC PUNCH 473ML	1000	1	t	7.39	12.00	62.38	1220000250031	6
77	CHOCOLATE GAROTO CAJU DO BRASIL	1000	1	t	3.99	7.90	97.99	7891008168877	25
90	CHOCOLATE LACTA 5 STAR	1000	1	t	2.08	3.50	68.27	7622210411501	25
25	MONSTER ULTRA 473ML	1000	1	t	7.39	11.90	61.03	0070847022206	6
56	ABSOLUT RASPBERRY 750ML	1000	1	t	0.00	135.00	0.00	7312040350063	33
38	SUCO MAGUARY ABACAXI 1L	1000	1	t	4.79	7.50	56.58	7896000593979	2
47	SUCO PONCHITO LARANJA COM ACEROLA 450ML	999	1	t	1.79	3.00	67.60	7897283400251	2
1	HEINEKEN LONGNECK 330ML	954	1	t	5.29	8.50	60.68	78936683	5
33	AGUA DE COCO lL	1000	1	t	5.89	8.90	51.10	751320388827	3
89	LACTA SHOT 80G	999	1	t	5.29	9.00	70.13	7622210674395	25
51	CIROC REDBERRY 750ML	1000	1	t	0.00	215.00	0.00	088076175051	33
32	GUARAVITON AÇAI 500ML	994	1	t	1.99	4.00	101.01	7896326100219	2
84	HERSHEY'S COOKIES 'N' CHOCOLATE	999	1	t	3.99	7.90	97.99	7899970402852	25
6	RED BULL PITAYA 250ML	1000	1	t	7.00	11.00	57.14	7892840808174	6
20	AGUA BEM LEVE 510ml	999	1	t	0.69	2.00	189.86	7898906467125	3
912	LAMEN GALINHA CAIPIRA PANCO	997	1	t	0.00	3.00	0.00	7891203057525	24
36	SUCO MAGUARY UVA 1l	1000	1	t	4.79	7.50	56.58	7896000530325	2
1202	BUDWEISER ZERO LONGNECK 330ML	999	1	t	0.00	7.50	0.00	7891991298421	5
45	DEL VALLE LARANJA 450ML	1000	1	t	2.89	4.50	55.71	7894900556056	2
92	CHOCOLATE PRESTIGIO	997	1	t	1.49	3.50	134.90	7891000460207	25
19	AGUA FRESCCA 1,5L	988	1	t	1.79	3.50	95.53	7898386200106	3
62	AGUA TONICA ZERO 350ML	1000	1	t	3.00	4.50	50.00	7891991000888	3
64	REDBULL TROPICAL 250ML	981	1	t	7.00	12.00	71.43	9002490247379	6
48	SUCO PONCHITO MARACUJA 450ML	1000	1	t	1.79	3.00	67.60	7897283400244	2
24	MONSTER TRADICIONAL 473ML	997	1	t	7.39	10.00	35.32	070847022015	6
46	SUCO PONCHITO FRUTAS CITRICAS 450ML	999	1	t	1.79	3.00	67.60	7897283400213	2
1178	TORCIDA SABOR VINAGRETE	999	1	t	0.00	3.50	0.00	7892840822651	17
60	GORDON'S LONDON DRY	1000	1	t	0.00	90.00	0.00	5000289020701	34
10	BALY TROPICAL 2L	1000	1	t	7.49	13.90	85.58	7898080664112	6
85	HERSHEY'S 40% CACAU	1000	1	t	3.99	8.00	100.50	7899970402838	25
35	MAGUARY MORANGO 1L	1000	1	t	4.79	7.50	56.58	7896000594198	2
54	ABSOLUT ELYX 750ML	1000	1	t	0.00	215.00	0.00	7312040217519	33
22	AGUA BUONA VITA 5L	1000	1	t	6.59	12.50	89.68	7898641870327	3
57	ABSOLUT VODKA 1L	1000	1	t	0.00	120.00	0.00	7312040017034	33
18	GATORADE LIMÃO	1000	1	t	5.19	6.50	25.24	7892840808037	\N
79	CHOCOLATE GAROTO CROCANTE	999	1	t	3.99	7.90	97.99	7891008168839	25
1179	PAPEL HIGIENICO FOLHA DUPLA DAMA 4 ROLOS	1000	1	t	0.00	7.90	0.00	7896076000388	24
124	TORCIDA SABOR PIMENTA MEXICANA	996	1	t	0.00	3.50	0.00	7892840822637	17
1191	RUFFLES OUTBACK 65G	1000	1	t	0.00	11.50	0.00	7892840823559	17
121	FOFURA PRESUNTO	1000	1	t	0.00	3.50	0.00	7892840819095	17
16	GATORADE LARANJA	1000	1	t	5.19	6.50	25.24	7892840808020	\N
123	TORCIDA SABOR CEBOLA	999	1	t	0.00	3.50	0.00	7892840822576	17
17	GATORADE MORANGO & MARACUJÁ	1000	1	t	5.19	6.50	25.24	7892840808174	\N
14	GATORADE BLUE BERRY	996	1	t	5.19	6.50	25.24	7892840822019	\N
129	ISQUEIRO BIC PEQUENO	999	1	t	0.00	4.90	0.00	070330913431	24
136	CIGARRO RED 8  WINSTON	1000	1	t	7.00	8.50	21.43	78939967	8
1203	BUDWEISER ZERO LATA 350ML	1000	1	t	0.00	5.50	0.00	7891991298407	5
1210	JURUPINGA LATA 269ML	1000	1	t	0.00	12.50	0.00	7896356600758	16
95	TRENTO DUO 32G	999	1	t	1.00	3.00	200.00	7896306623448	25
97	TRENTO CHEESECAKE DE MORANGO 32G	1000	1	t	1.86	3.00	61.29	7896306621123	25
50	CIROC 750ML	999	1	t	0.00	215.00	0.00	088076161863	33
139	CIGARRO WINSTON BLUE	998	1	t	7.00	7.00	0.00	78943360	8
132	MAÇO DE CIGARRO CAMEL YELLOW	1000	1	t	7.00	10.00	42.86	78938939	8
109	BONO DOCE DE LEITE	996	1	t	0.00	4.00	0.00	7891000376928	26
126	AMENDOIM COM PELE FRITO E SALGADO	987	1	t	1.50	3.50	133.33	7897115100175	17
1287	TUCS PIZZA	1000	1	t	0.00	3.50	0.00	7896061301865	24
112	WAFER ADRIA SABOR MORANGO	1000	1	t	0.00	0.00	0.00	7896085073946	26
113	WAFER DUCHE SABOR LIMÃO	1000	1	t	0.00	0.00	0.00	7896023600586	26
114	WAFER DUCHEN SABOR CHOCOLATE	1000	1	t	0.00	0.00	0.00	7896023600593	26
115	WAFER DUCHE SABOR MORANGO	1000	1	t	0.00	0.00	0.00	7896023600579	26
116	BOLACHA NEGRESCO SABOR MORANGO	1000	1	t	0.00	0.00	0.00	7891000345801	26
118	SALGADINHO LUCKY SABOR CHURRASCO	1000	1	t	0.00	0.00	0.00	7896071025201	17
1302	CHESTERFIELD REMIX BEATS	998	1	t	0.00	8.00	0.00	78942660	8
133	CIGARRO CAMEL BLUE	998	1	t	8.00	10.00	25.00	78938922	8
103	MENTOS PURE FRESH VITAMINAS 48G	1000	1	t	0.00	14.00	0.00	7895144297590	28
55	VODKA ABSOLUT CITRON 750ml	1000	1	t	0.00	135.00	0.00	7312040090754	33
111	TRAKINAS CHOCOLATE	999	1	t	2.69	4.00	48.70	7622210592750	26
937	IMPERIO LAGER 473ML	1000	1	t	0.00	6.50	0.00	7898915949681	5
104	FRUIT-TELLA 40G	1000	1	t	0.00	0.00	0.00	7896262301022	29
110	TRAKINAS MEIO A MEIO CHOCOLATE	1000	1	t	2.69	4.00	48.70	7622210592668	26
69	REDBULL SUGAR FREE 250ML	1000	1	t	7.00	12.00	71.43	611269101713	6
88	HERSHEY'S COOKIES 'N' CREME	999	1	t	3.99	7.90	97.99	7899970400094	25
130	MAÇO DE CIGARRO WINSTON SELECT DOUBLE M	999	1	t	10.50	11.50	9.52	78939974	8
93	BATON AO LEITE 10G	1000	1	t	0.93	2.00	115.05	78912359	25
68	REDBULL PITAYA 250ML	999	1	t	7.00	12.00	71.43	9002490250270	6
127	AMENDOIM JAPONÊS 145G	1000	1	t	0.00	7.00	0.00	7892840814724	17
122	FOFURA CHURRASCO	1000	1	t	0.00	3.50	0.00	7892840820459	17
75	CHOCOLATE AO LEITE LACTA	1000	1	t	4.99	7.90	58.32	7622300991456	25
125	TORCIDA SABOR BACON	1000	1	t	0.00	3.50	0.00	7892840822552	17
101	HALLS CEREJA	999	1	t	1.60	3.00	87.50	78938793	29
120	SALGADINHO LUCKY SABOR QUEIJO	999	1	t	0.00	0.00	0.00	7896071025225	17
99	LACTA BIS BRANCO 100G	998	1	t	0.00	9.90	0.00	7622210575999	25
142	CIGARRO SAMPOERNA CANELA	1000	1	t	0.00	14.25	0.00	78939325	8
135	CIGARRO CAMEL DOUBLE MINT & RED	1000	1	t	13.75	14.25	3.64	78940239	8
94	TRENTO MORANGO 32G	987	1	t	1.00	3.00	200.00	7896306623158	25
100	HALLS MELANCIA	998	1	t	1.60	3.00	87.50	78938854	29
105	TRIDENT MENTA/VERDE	998	1	t	0.00	3.00	0.00	7895800304228	28
108	TRIDENT HORTELÃ	995	1	t	0.00	3.00	0.00	7895800304211	28
138	CIGARRO WINSTON SILVER PRATA	997	1	t	7.50	8.50	13.33	78939103	8
128	ISQUEIRO BIC GRANDE	1000	1	t	0.00	7.50	0.00	070330909229	24
119	SALGADINHO LUCKY SABOR PRESUNTO	1000	1	t	0.00	0.00	0.00	7896071025218	17
96	TRENTO TORTA DE LIMÃO 32G	1000	1	t	1.69	3.00	77.51	7896306618291	25
15	GATORADE UVA	1000	1	t	5.19	6.50	25.24	7892840808051	19
58	SKYY 750ml	1000	1	t	0.00	37.00	0.00	7896010004502	33
59	BURLONE 950ML	1000	1	t	0.00	50.00	0.00	7908611000019	33
102	HALLS PRETO EXTRA FORTE	998	1	t	1.60	3.00	87.50	78938816	29
131	CIGARRO SAMPOERNA SELECT MENTA	1000	1	t	0.00	14.25	0.00	78939332	8
74	VINHO SELEÇÃO MIOLO 375ML	1000	1	t	0.00	25.00	0.00	7896756800062	16
98	TRENTO ESPECIAL AVELÃ 32G	998	1	t	0.00	4.50	0.00	7896306623684	25
202	SUCO TANG SABOR LIMÃO	1000	1	t	0.00	2.00	0.00	7622210571540	24
184	CIGARRO L.A MENTHOL	1000	1	t	15.50	16.50	6.45	78941229	8
212	CUP NOODLES CARNE	994	1	t	4.99	7.50	50.30	7891079013052	24
205	SUCO TANG LARANJA	1000	1	t	0.00	2.00	0.00	7622210571601	24
146	MAÇO DE CIGARRO LUCKY STRIKE CHARGED	1000	1	t	0.00	0.00	0.00	78942059	8
147	MAÇO DE CIGARRO KENT	1000	1	t	0.00	0.00	0.00	78943025	8
148	MAÇO DE CIGARRO MARLBORO FILTER PLUS	1000	1	t	0.00	0.00	0.00	78939202	8
149	MAÇO DE CIGARRO KENT SILVER	1000	1	t	0.00	0.00	0.00	78942998	8
204	TANG SABOR ABACAXI	1000	1	t	0.00	2.00	0.00	7622300861148	24
199	LEITE INTEGRAL PIRACANJUBA	993	1	t	0.00	7.50	0.00	7898215151708	31
1288	TUCS QUEIJO	1000	1	t	0.00	3.50	0.00	7896061300189	24
513	BADEN BADEN PESSEGO 350ML	999	1	t	0.00	9.00	0.00	7898230716722	5
154	CIGARRO MARLBORO RED SELECTION	1000	1	t	0.00	10.00	0.00	78940871	8
188	OURO MINAS BEIJO	1000	1	t	0.00	3.00	0.00	7898537841189	23
150	MARLBORO ICE BURST	999	1	t	13.00	14.25	9.62	78900066	8
160	MAÇO DE CIGARRO CHESTERFIELD AZUL	1000	1	t	0.00	0.00	0.00	78942332	8
210	SUCO MID DE BAUNILHA COM LIMÃO	999	1	t	0.00	1.50	0.00	7891132082421	24
156	CIGARRO MARLBORO PURPLE MIX	1000	1	t	0.00	12.75	0.00	78937352	8
185	BLACK CRETEK MENTHOL	999	1	t	0.00	19.00	0.00	78939912	8
165	CIGARRO SOLTO LUCKY STRIKE CHARGED	1000	1	t	0.00	0.00	0.00	0	8
166	CIGARRO SOLTO MARLBORO	1000	1	t	0.00	0.00	0.00	0	8
167	CIGARRO SOLTO MARLBORO DOUBLE FUSION	1000	1	t	0.00	0.00	0.00	0	8
168	CIGARRO SOLTO MARLBORO GOLD	1000	1	t	0.00	0.00	0.00	0	8
169	CIGARRO SOLTO MARLBORO PURPLE MIX	1000	1	t	0.00	0.00	0.00	0	8
170	CIGARRO SOLTO CAMEL OPTION	1000	1	t	0.00	0.00	0.00	0	8
171	CIGARRO SOLTO CAMEL COMPACT	1000	1	t	0.00	0.00	0.00	0	8
172	CIGARRO SOLTO MARLBORO ICE BURST	1000	1	t	0.00	0.00	0.00	0	8
173	CIGARRO SOLTO KENT BOOST MENTHOL	1000	1	t	0.00	0.00	0.00	0	8
155	CIGARRO MARLBORO VERMELHO	997	1	t	0.00	12.25	0.00	78903418	8
191	OURO MINAS PALHA ITALIANA	999	1	t	0.00	3.00	0.00	7898537840243	23
153	MARLBORO GOLD BOX	1000	1	t	0.00	12.25	0.00	78900134	8
187	ZOMO NATURAL MARROM	1000	1	t	0.00	3.50	0.00	78420274	27
181	MAÇO ROTHMANS CLICK VOLT	1000	1	t	0.00	0.00	0.00	78941915	8
182	CAMEL HAND ROLLING TOBACCO	1000	1	t	0.00	0.00	0.00	78941564	27
183	NATURAL AMERICAN SPIRIT	1000	1	t	0.00	0.00	0.00	78940611	27
152	MARLBORO DOUBLE FUSION	997	1	t	13.00	14.75	13.46	78939837	8
164	CIGARRO SOLTO	907	1	t	0.00	1.00	0.00	0	8
189	OURO MINAS BEIJO COM CHOCOLATE	1000	1	t	0.00	3.00	0.00	7898537841240	23
158	MAÇO DE CIGARRO KENT RED SERIES	999	1	t	10.75	11.75	9.30	78943155	8
190	BELMONTE DOCE DE LEITE	1000	1	t	0.00	0.00	0.00	7898674060351	23
163	REMOVE	1000	1	t	6.00	7.00	16.67	78938489	8
193	FINI TUBES AZEDINHO REGALIZ	1000	1	t	0.00	0.00	0.00	7898591459498	23
194	FINI TUBES SABOR FRAMBOESA	1000	1	t	0.00	0.00	0.00	7898591459771	23
195	FINI TUBES SABOR UVA	1000	1	t	0.00	0.00	0.00	7898591455629	23
196	SERENATA DE AMOR	1000	1	t	0.00	0.00	0.00	7891008414127	23
197	PAÇOQUINHA TRADICIONAL	1000	1	t	0.00	0.00	0.00	7896181708612	23
215	CUP NOODLES BOLONHESA	1000	1	t	0.00	7.50	0.00	7891079013120	24
1303	LAMEN FRANGO E LIMÃO	999	1	t	0.00	3.00	0.00	7891079012581	24
144	CIGARRO L&M BLUE LINE	998	1	t	10.00	12.00	20.00	78931329	8
201	TANG SABOR TANGERINA	1000	1	t	0.00	2.00	0.00	7622300862077	24
200	TANG SABOR MARACUJÁ	1000	1	t	0.00	2.00	0.00	7622300861261	24
206	SUCO MARATÁ DE LIMÃO	1000	1	t	0.00	0.00	0.00	7898286200817	24
207	SUCO MARATÁ DE UVA	1000	1	t	0.00	0.00	0.00	7898286200831	24
208	SUCO MARATÁ DE LARANJA	1000	1	t	0.00	0.00	0.00	7898286200824	24
211	SUCO CAMP DE BAUNILHA COM LIMÃO	1000	1	t	0.00	0.00	0.00	7898027658778	24
214	CUP NOODLES YAKISSOBA	1000	1	t	0.00	7.50	0.00	7891079013106	24
157	CIGARRO CHESTERFIELD LINEA	1000	1	t	0.00	8.75	0.00	78940376	8
186	BLACK CRETEK VERMELHO	997	1	t	0.00	19.00	0.00	78939929	8
159	MAÇO DE CIGARRO CHESTERFIELD AMARELO	1000	1	t	7.00	8.00	14.29	78942318	8
177	CIGARRO SOLTO L.A MENTHOL	1000	1	t	0.00	0.00	0.00	0	8
192	FINI TUBES AZEDINHO	1000	1	t	0.00	0.00	0.00	7898591454561	23
203	TANG SABOR MORANGO	998	1	t	0.00	2.00	0.00	7622210571724	24
1193	CHEETOS REQUEIJÃO 105G	1000	1	t	0.00	9.90	0.00	7892840823467	17
216	LÁMEN SABOR GALINHA TRADICIONAL	1000	1	t	0.00	0.00	0.00	7891203057518	24
218	MACARRÃO PARAFUSO DONA BENTA	1000	1	t	3.50	6.00	71.43	7896005286593	24
70	REDBULL TRADICIONAL 250ML	994	1	t	6.80	10.00	47.06	611269991000	6
217	LAMEN CARNE PANCO	993	1	t	0.00	2.90	0.00	7891203057501	24
222	MACARRÃO ADRIA ESPAGUETE 500G	1000	1	t	0.00	0.00	0.00	7896205788033	24
224	BATATA PALHA TRADICIONAL	1000	1	t	0.00	0.00	0.00	7892840814830	24
225	MOLHO DE TOMATE PREDILECTA	998	1	t	1.62	4.00	146.91	7896292333000	24
226	GILLETTE PRESTOBARBA CABEÇA FIXA	1000	1	t	0.00	0.00	0.00	7500435154420	24
151	SALGADINHO DE TRIGO BACON	999	1	t	1.67	3.50	109.58	7898171341083	17
228	DETERGENTE YPÊ NEUTRO	1000	1	t	0.00	0.00	0.00	7897664130036	24
229	DETERGENTE YPÊ COCO	1000	1	t	0.00	0.00	0.00	7896098900239	24
251	FANTA UVA 600ML	999	1	t	0.00	6.00	0.00	7894900053630	4
231	CREME DE LEIE NESTLÉ	1000	1	t	0.00	0.00	0.00	7891000354537	24
233	PIPOCA YOKI NATURAL	1000	1	t	0.00	0.00	0.00	7891095002207	24
267	COCA COLA 1L	996	1	t	0.00	8.50	0.00	7894900011715	4
223	SAL LEBRE 1KG	1000	1	t	0.00	3.50	0.00	7896110100043	24
236	CAIXA DE BOM-BOM GAROTO	1000	1	t	0.00	0.00	0.00	7891008116632	25
239	SALGADINHO DORITOS 55G	1000	1	t	0.00	0.00	0.00	7892840253745	17
227	INTIMUS TRIPLA PROTEÇÃO	998	1	t	0.00	0.00	0.00	7896007540631	24
242	PAPEL TOALHA SNOB 120 TOALHAS	1000	1	t	0.00	0.00	0.00	7896110061221	24
265	SODA LIMONADA  2L	1000	1	t	0.00	8.50	0.00	7891991001359	4
256	SCHWEPPES CITRUS 350ML	1000	1	t	0.00	4.50	0.00	7894900180503	4
282	VIBE TRADICIONAL 2L	1000	1	t	0.00	12.00	0.00	7899914200629	6
71	MAGUARY DE LARANJA 1L	1000	1	t	4.79	7.50	56.58	7896000530066	2
1318	GUARANÁ LATA ZERO 350ML	1000	1	t	0.00	4.00	0.00	7891991000727	4
253	SPRITE 600ML	1000	1	t	0.00	0.00	0.00	7894900681246	4
230	CREME DE LEITE MOCOCA	998	1	t	0.00	0.00	0.00	7891030003467	24
248	SUKITA LARANJA 2L	997	1	t	0.00	7.50	0.00	7891149440603	4
259	REFRIGERANTE IT SABOR LARANJA 2L	1000	1	t	0.00	0.00	0.00	7897395030216	4
260	REFRIGERANTE IT SABOR COLA 2L	1000	1	t	0.00	0.00	0.00	7897395030513	4
261	REFRIGERANTE IT  GUARANÁ 2L	1000	1	t	0.00	0.00	0.00	7898377662425	4
263	SUKITA LIMÃO 2L	1000	1	t	0.00	7.50	0.00	7891991297172	4
268	FANTA UVA 2L	1000	1	t	0.00	0.00	0.00	7894900051513	4
269	FANTA LARANJA 2L	1000	1	t	0.00	0.00	0.00	7894900031515	4
266	COCA-COLA ZERO 1L	1000	1	t	0.00	8.50	0.00	7894900701715	4
220	ARROZ TIPO BRANCO CAMIL	999	1	t	0.00	8.50	0.00	7896006711117	24
272	FANTA GUARANÁ 2L	1000	1	t	0.00	0.00	0.00	7894900093056	4
264	SUKITA TUBAÍNA 2L	1000	1	t	0.00	7.50	0.00	7891991300810	4
277	MONSTRER JUICE MANGO LOCO 473ML	1000	1	t	0.00	0.00	0.00	070847033301	6
278	MONSTRER ULTRA SEM AÇUCAR 473ML	1000	1	t	0.00	0.00	0.00	070847022206	6
237	CAIXA DE BOM-BOM LACTA	1000	1	t	0.00	15.90	0.00	7622210596413	25
258	GUARANÁ ANTARTICA 1L	999	1	t	0.00	0.00	0.00	7891991002561	4
281	VIBE LIMA-LIMÃO  2L	1000	1	t	0.00	12.00	0.00	859569007391	6
284	REDBULL SABOR FRUTAS TROPICAIS 250ML	1000	1	t	0.00	12.00	0.00	9002490229160	6
262	SUKITA UVA 2L	1000	1	t	0.00	7.50	0.00	7891149102808	4
285	REDBULL SABOR AÇAI 250ML	1000	1	t	7.29	12.00	64.61	9002490235192	6
254	GAROTO NEGRESCO	1000	1	t	0.00	8.00	0.00	7891008166330	25
234	PIPOCA KISABOR NATURAL	998	1	t	0.00	5.50	0.00	7898416527104	24
270	COCA COLA 2L	997	1	t	0.00	13.00	0.00	7894900027013	4
250	COCA COLA 600ML	996	1	t	0.00	7.00	0.00	7894900011609	4
244	SCHWEPPES TONICA 350ML	1000	1	t	2.85	4.50	57.89	7894900300017	4
235	PIPOCA YOKI SEM SAL	1000	1	t	0.00	0.00	0.00	7891095100125	24
241	CHOCOLATE GAROTO CONFETE	1000	1	t	0.00	0.00	0.00	7891008168853	25
246	FANTA UVA 350ML	1000	1	t	0.00	4.00	0.00	7894900050011	4
247	KUAT GUARANÁ 350ML	1000	1	t	0.00	0.00	0.00	7894900910018	4
271	COCA-COLA ZERO 2L	1000	1	t	0.00	12.00	0.00	7894900701517	4
221	FEIJÃO CARIOCA KICALDO 1KG	1000	1	t	5.85	9.00	53.85	7896116900029	24
257	SODA LIMONADA 600ML	1000	1	t	0.00	6.00	0.00	7891991002653	4
280	VIBE TROPICAL 2L	1000	1	t	0.00	12.00	0.00	7899914200674	6
275	IT LIMÃO 2L	1000	1	t	0.00	0.00	0.00	7897395030117	4
1304	ARROZ PARBOLIZADO 1KG	1000	1	t	0.00	9.00	0.00	7896011900025	24
245	SODA LIMONADA 350ML	1000	1	t	0.00	4.00	0.00	7891991000833	4
274	SPRITE 2L	998	1	t	0.00	10.00	0.00	7894900681000	4
1234	PASSPORT SELECTION	1000	1	t	0.00	70.00	0.00	7891050000101	20
1331	SPRITE 350ML	1000	1	t	0.00	4.00	0.00	7894900681017	4
1229	JACK DANIEL'S 1L	1000	1	t	0.00	180.00	0.00	082184090442	20
1231	JACK DANIEL'S HONEY 375ML	1000	1	t	0.00	80.00	0.00	082184001363	20
1233	BLONDE JOHNNIE WALKER 750ML	1000	1	t	0.00	135.00	0.00	5000267190556	20
1236	CONHAQUE DREHER 900ML	1000	1	t	0.00	25.00	0.00	7896010006360	22
1240	PARATUDO 900ML	1000	1	t	0.00	16.00	0.00	7896685200063	30
1338	DEL VALLE UVA 1L	1000	1	t	0.00	9.00	0.00	7898341430098	2
291	BADEN BADEN WITBIER 350ML	1000	1	t	0.00	8.49	0.00	7898230716630	5
1350	IT! COLA 2L	1000	1	t	0.00	6.50	0.00	7897395030513	4
305	DRAFT VINHO 600ML	996	1	t	0.00	12.50	0.00	7896494207314	16
1192	CHEETOS LUA 95G	999	1	t	0.00	9.99	0.00	7892840822514	17
329	SANTOME SUAVE 1L	1000	1	t	0.00	22.90	0.00	7896403900015	16
1145	SEDA ZOMO PRATA	1000	1	t	0.00	3.50	0.00	78418592	27
1289	TUCS BACON	1000	1	t	0.00	3.50	0.00	7896061301339	24
304	IMPERIO LONGNECK GOLD  210ML	1000	1	t	0.00	5.00	0.00	7898915949162	5
299	BUDWEISER LONGNECK 330ML	994	1	t	0.00	7.00	0.00	7891991014762	5
328	CANTINHO DO VALE 880ML	999	1	t	0.00	6.00	0.00	7896741609960	16
1221	NUSAKINHO IOUGURTE MORANGO 500ML	1000	1	t	0.00	18.00	0.00	000020161261	38
1326	MATTE LEÃO ORIGINAL 40G	998	1	t	0.00	5.00	0.00	7891098000040	24
821	ASKOV FUN  500ML	1000	1	t	0.00	8.00	0.00	7896092504853	33
1223	ASKOV FUN BLUEBERRY 500ML	1000	1	t	0.00	8.50	0.00	7896092504877	38
1225	ASKOV FUN PESSEGO 500ML	1000	1	t	0.00	9.00	0.00	7896092504907	38
466	GELO 1KG	1000	1	t	0.00	3.00	0.00	00000	24
1387	MORANGUETE 9G	1000	1	t	0.39	0.75	92.31	7896066761879	25
300	CORONA EXTRA LONGNECK  330ML	930	1	t	0.00	9.00	0.00	7891149108718	5
1244	CABARE PRATA 700ML	1000	1	t	0.00	40.00	0.00	7898377661992	30
1246	CABARE OURO 700ML	1000	1	t	0.00	40.00	0.00	7898377661978	30
1181	PAPEL TOALHA ECONOBOM FOLHA DUPLA	1000	1	t	0.00	6.90	0.00	7897844300730	24
1217	COCA COLA 200ML	958	1	t	1.69	3.00	77.51	78908901	4
1336	DEL VALLE MANGA 350ML	999	1	t	0.00	5.50	0.00	7894900660401	2
1242	BAIANINHA AMENDOIM 900ML	1000	1	t	0.00	16.00	0.00	7896092501302	38
429	CIGARRO DUNHILL (CALTON)	981	1	t	13.75	14.25	3.64	78941076	8
308	ITAIPAVAL 0,0% LONGNECK	994	1	t	0.00	5.25	0.00	7897395000882	5
514	BADEN BADEN CANELA E FRUTAS VERMELHAS 350ML	1000	1	t	0.00	9.00	0.00	7898230716784	5
294	BADEN BADEN IPA 600ML	1000	1	t	0.00	22.00	0.00	7898230715558	5
293	BADEN BADEN WITBIER 600ML	1000	1	t	0.00	22.00	0.00	7898230715213	5
290	BADEN BADEN CRISTAL 350ML	1000	1	t	0.00	9.00	0.00	7898230716616	5
1357	H2O! 1,5L	997	1	t	0.00	10.00	0.00	7892840812416	4
1215	BRAHMA CHOPP 350ML	995	1	t	0.00	5.50	0.00	7891149010509	5
1248	SANTOME TINTO BORDO	1000	1	t	0.00	24.00	0.00	7896403900282	16
929	LATITUDE 33 MALBEC ROSE	1000	1	t	0.00	70.00	0.00	7790975197791	16
1194	CHEETOS LUA 143G	999	1	t	0.00	12.90	0.00	7892840822736	17
292	BADEN BADEN IPA 350ML	1000	1	t	0.00	9.00	0.00	7898230716654	5
1321	LEITE ITALAC 1L	995	1	t	0.00	7.50	0.00	7898080640611	31
296	EISENBAHN LONGNECK 355ML	998	1	t	0.00	7.50	0.00	7898367980010	5
635	SORVETE FLOCOS 1,5	1000	1	t	0.00	0.00	0.00	7896513915237	18
1305	FEIJÃO MAXIMO 1KG	1000	1	t	0.00	9.00	0.00	7896401100042	24
252	FANTA LARANKA 600ML	1000	1	t	0.00	6.00	0.00	7894900031607	4
310	ITAIPAVA 350ML	754	1	t	0.00	3.00	0.00	7897395020101	5
1329	FANTA LARANJA 200ML	1000	1	t	0.00	2.50	0.00	78936478	4
1323	CHA LEÃO ERVA-DOCE 16G	1000	1	t	0.00	5.00	0.00	7891098001504	24
306	HEINEKEN 269ML	845	1	t	0.00	4.90	0.00	7896045506590	5
295	PURO MALTE 269ML	1000	1	t	0.00	2.50	0.00	7898915949780	5
1315	COCA COLA ZERO 600ML	1000	1	t	0.00	6.50	0.00	7894900701609	4
893	CHIVAS 18 ANOS 750ML	1000	1	t	0.00	580.00	0.00	5000299225028	20
1341	SU-FRESH MARACUJÁ 1L	1000	1	t	0.00	7.00	0.00	7898192030065	2
1344	GUARANA ANTARTICA 1,5L	1000	1	t	0.00	8.00	0.00	7891991008761	4
309	SKOL 350ML	164	1	t	0.00	3.90	0.00	7891149200504	5
307	HEINEKEN 350ML	751	1	t	0.00	6.50	0.00	7896045506873	5
1227	STIKSY	1000	1	t	0.00	12.20	0.00	7892840822613	17
618	CASILLERO DEL DIABLO DELVIS COLLECTION 750ML	1000	1	t	0.00	95.00	0.00	7804320561585	16
669	SUCO ADES MARACUJÁ 1L	1000	1	t	0.00	0.00	0.00	7894900087048	2
697	CERVEJA ENSEBAHN GERMAN PILSNER 355ML	1000	1	t	0.00	0.00	0.00	7898367984469	5
1186	SUCO TANG ABACAXI	1000	1	t	0.00	2.00	0.00	7622210571755	24
302	STELLA ARTOIS LONGNECK 330ML	987	1	t	5.29	7.90	49.34	7891991015462	5
303	IMPERIO LONGNECK LAGER 330ML	993	1	t	0.00	6.50	0.00	7898738660107	5
297	EISENBAHN IPA 355ML	998	1	t	5.45	8.90	63.30	7898367983813	5
178	CIGARRO SOLTO NATURAL AMERICAN SPIRIT	1000	1	t	0.00	0.00	0.00	0	8
324	SKOL BEATS SENSES 269ML	994	1	t	6.29	12.00	90.78	7891991301138	38
351	51 ICE MARACUJÁ 275ML	1000	1	t	0.00	8.00	0.00	7896002110457	38
335	NEVADO CARMENERE RESERVA 750ML	1000	1	t	0.00	0.00	0.00	7802150002223	16
350	51 ICE FRUIT MIX 275ML	999	1	t	0.00	8.00	0.00	7896002111508	38
946	BATATA PALHA  EXTRA FINA 100G	999	1	t	0.00	10.00	0.00	7898353393008	17
349	51 ICE LIMÃO 275ML	1000	1	t	0.00	8.00	0.00	7896002110419	38
739	IMPERIO LONGNECK ULTRA  275ML	1000	1	t	0.00	6.50	0.00	7898738660244	5
219	AÇUCAR REFINADO DA BARRA	999	1	t	0.00	0.00	0.00	7896032501010	24
361	ASKOV VODKA 900ML	1000	1	t	0.00	16.00	0.00	7896092502453	33
319	CERVEJA ANTARCTICA ORIGINAL 269ML	764	1	t	0.00	3.90	0.00	7891991295086	5
370	SKOL BEATS MINT SABOR MOJITO	1000	1	t	6.00	10.00	66.67	7891991300865	38
587	NUSAKINHOS ESPANHOLA 500ML	999	1	t	0.00	18.00	0.00	000020161259	38
117	PASSATEMPO CHOCOLATE	1000	1	t	0.00	3.50	0.00	7891000241356	26
369	SKOL BEATS SENSE LATA 269ML	997	1	t	3.50	8.50	142.86	7891149105564	38
323	ÁGUA BUONA VITA 1,5L	1000	1	t	1.50	3.50	133.33	7898994420095	3
340	CALVET VARIETALS 2017 750ML	999	1	t	0.00	96.00	0.00	3159560603286	16
359	SMIRNOFF ORIGINAL 998ML	999	1	t	0.00	45.00	0.00	7893218000473	33
347	PITU LIMÃO 350ML	1000	1	t	0.00	7.50	0.00	7896607100877	30
358	SMIRNOFF ICE 275ML	991	1	t	0.00	10.00	0.00	7893218003603	38
1290	TUCS SALAME	1000	1	t	0.00	3.50	0.00	7896061301872	24
143	CHESTERFIELD REMIX WILD	996	1	t	0.00	8.00	0.00	78938380	8
134	MAÇO CAMEL DOUBLE MENTA ROXO	995	1	t	13.50	14.25	5.56	78938953	8
346	SCHWEPPES CITRUS 1,5L	1000	1	t	0.00	10.00	0.00	7894900321753	4
320	THEREZÓPOLIS GOLD 350ML	999	1	t	0.00	0.00	0.00	7896371000007	5
1195	CHEETOS MIX QUEIJOS 131G	999	1	t	0.00	13.90	0.00	7892840822330	17
249	COCA-COLA ZERO 350ML	1000	1	t	2.90	5.00	72.41	7894900700015	4
314	EISENBAHN PILSEN 350ML	999	16	t	0.00	5.50	0.00	7898367983790	5
364	OUSADIA SABOR MORANGO 500ML	999	1	t	4.00	6.90	72.50	7896336809393	38
209	SUCO MID DE MORANGO	1000	1	t	0.00	0.00	0.00	7891132082384	24
326	BRAHMA ZERO ALCOOL 350ML	989	1	t	0.00	5.50	0.00	7891149104932	5
321	ÁGUA BUONA VITA 510ML	995	1	t	0.69	2.00	189.86	7898641870228	3
145	MAÇO DE CIGARRO LUCKY STRIKE CITRIC BLA	1000	1	t	11.75	13.00	10.64	78942844	8
330	BENJAMIN NIETO SENETINER 750ML	1000	1	t	0.00	0.00	0.00	7793440702964	16
331	BENJAMIN NIETO SENETINER SELECT MALBEC 7	1000	1	t	0.00	0.00	0.00	7793440827599	16
332	BENJAMIN NIETO SENETINER MALBEC 750ML	1000	1	t	0.00	0.00	0.00	7793440702940	16
333	CAVANZA MERLOT 2016 750ML	1000	1	t	0.00	0.00	0.00	7804330007080	16
334	CREMASEHI FURLOTTI TUCAPEL RESERVADO 750	1000	1	t	0.00	0.00	0.00	7804342004503	16
336	LE GREQ MERLOT 750ML	1000	1	t	0.00	0.00	0.00	8480017163370	16
337	SANTA HELENA RESERVADO 2017 750ML	1000	1	t	0.00	0.00	0.00	7804300121846	16
338	NEDERBURG PINOTAGE 2017 750ML	1000	1	t	0.00	0.00	0.00	6001108037626	16
365	OUSADIA SABOR MELANCIA 500ML	999	1	t	4.00	6.90	72.50	7896336810450	38
312	IMPERIO 350ML	210	1	t	0.00	3.90	0.00	7898915949209	5
342	CACHAÇA 51 965ML	1000	1	t	0.00	0.00	0.00	7896002100014	30
1182	ESPONJA MULTIUSO VIP	1000	1	t	0.00	2.50	0.00	7896314707871	24
348	51 ICE CITRUS 275ML	999	1	t	0.00	8.00	0.00	7896002111706	38
313	EISENBAHN PILSEN 269ML	1000	1	t	0.00	4.00	0.00	7898367984285	5
360	SEAGERS 1L	1000	1	t	0.00	50.00	0.00	7891121154009	34
984	FARDO (15) IMPERIO 269ML	1000	1	t	0.00	45.00	0.00	0000000000	5
325	BRAHMA MALZIBIER 350ML	997	1	t	0.00	5.50	0.00	7891149101528	5
353	CABARE ICE SABOR TANGERINA 275ML	1000	1	t	0.00	8.50	0.00	7897395001490	38
354	CABARE ICE SABOR FRUTAS AMARELAS 275ML	1000	1	t	0.00	8.50	0.00	7897395000479	38
352	CABARE ICE SABOR LIMÃO 275ML	998	1	t	0.00	8.50	0.00	7898377661848	38
367	COROTE MORANGO	1000	1	t	0.00	5.00	0.00	7896547501154	30
362	ASKOV MARACUJÁ 900ML	1000	1	t	0.00	16.00	0.00	7896092503252	33
341	VELHO BARREIRO 910ML	997	1	t	12.90	17.00	31.78	7896050200124	30
368	COROTE DO BARRIL MARACUJA	1000	1	t	0.00	5.00	0.00	7896273100812	30
366	COROTE SÃO BERNADO SABOR LIMÃO	1000	1	t	0.00	5.00	0.00	7898307573043	30
1218	CARVÃO DE EUCALIPTO PG	1000	1	t	0.00	18.00	0.00	7896916600044	24
327	CANTINHO DO VALE 2L	998	1	t	0.00	12.50	0.00	7896741649805	16
1222	NUSAKINHO ABACAXI COM VINHO BRANCO 500ML	1000	1	t	0.00	18.00	0.00	000020161220	38
315	PETRA PURO MALTE 350ML	745	1	t	0.00	4.00	0.00	7897395099329	5
339	SANTA CAROLINA RESERVADO CHILE 2018	1000	1	t	0.00	45.00	0.00	7804350596243	16
317	BUDWEISER LATA 269ML	974	1	t	0.00	3.75	0.00	7891991011877	5
276	ITUBAÍNA LONGNECK 355ML	999	1	t	0.00	5.00	0.00	7896052603497	4
393	GELO AMERICANO DE MARACUJA	971	1	t	0.00	3.00	0.00	7898946674811	24
437	CHOCOLATE NESTLE ALPINO	999	1	t	0.00	0.00	0.00	7891000306758	25
30	MONSTER PIPELINE PUNCH 473ML	1000	1	t	7.39	12.00	62.38	7898938890045	6
390	JURUPINGA 975ML	1000	1	t	23.90	32.90	37.66	7896356600161	16
435	SENSAÇÃO 38G	999	1	t	0.00	4.50	0.00	7891000405000	25
436	KIT KAT 46G	1000	1	t	0.00	4.00	0.00	7891000248768	25
415	FARDO (12) SKOL 350ML	1000	1	t	0.00	42.00	0.00	0000000	5
417	COPO 500ML	1000	1	t	0.00	0.50	0.00	0000000000	24
403	SORVETE COCO PALITO 55G	998	1	t	4.80	5.75	19.79	7896513912069	18
373	SKOL BEATS GT 269ML	997	1	t	6.29	12.00	90.78	7891991301114	38
374	SKOL BEATS 150 BPM	1000	1	t	0.00	6.00	0.00	7891991294584	38
376	BACARDÍ BIG APPLE 980ML	999	1	t	0.00	50.00	0.00	7891125000067	37
1306	MASSA DE LASANHA PETYBON	1000	1	t	0.00	4.50	0.00	7896005271377	24
418	COPO 700ML	1000	1	t	0.00	1.00	0.00	0000000000	24
406	KASCÃO CROSH	998	1	t	0.00	9.00	0.00	7896513912977	18
379	GORDON'S LONDON DRY DOCE (ROSA)	1000	1	t	0.00	100.00	0.00	500289929417	34
380	RED LABEL JOHNNIE WALKER 1L	998	1	t	0.00	120.00	0.00	5000267013602	20
396	GELO AMERICANO MAÇA VERDE	1000	1	t	0.00	3.00	0.00	7898946674842	24
919	CHEETOS REQUEIJÃO 160G	1000	1	t	0.00	14.99	0.00	7892840822323	17
382	BALLANTINES FINEST 1L	1000	1	t	0.00	120.00	0.00	5010106111925	20
392	NATU NOBILIS BLENDED WHISKY 1L	1000	1	t	0.00	55.00	0.00	7891050000309	20
1219	NUSAKINHO MARACUJA 500ML	1000	1	t	0.00	18.00	0.00	000020161220	38
422	MAÇO DE CIGARRO CAMEL DOUBLE	1000	1	t	13.00	14.25	9.62	78939615	8
411	6 BADEN BADEN WITBIER LATA	1000	1	t	0.00	50.00	0.00	7898230716647	5
412	FARDO (15) IMPERIO 350ML	1000	1	t	0.00	52.00	0.00	000000000	5
408	FARDO (12) AMSTEL LAGER 269 ML	1000	1	t	0.00	42.00	0.00	7896045506316	5
384	GRANT'S BLENDED SCOTCH WHISKY	1000	1	t	0.00	0.00	0.00	5010327000046	20
391	NESCAU 370G	1000	1	t	0.00	0.00	0.00	7891000352175	24
443	MAÇO GUDANG GARAM NACIONAL	997	1	t	0.00	35.00	0.00	78937567	8
399	KASKÃO LIMÃO	1000	1	t	0.00	0.00	0.00	7896513912205	18
400	KASCÃO MORANGO	1000	1	t	0.00	0.00	0.00	7896513912328	18
401	KASCÃO CHOCOLATE MILKAS	1000	1	t	0.00	0.00	0.00	7896513912151	18
440	MAÇO DE CIGARRO KENT AZUL	1000	1	t	11.00	11.75	6.82	78943148	8
404	SORVETE KASCÃO FRUTTY MILK	1000	1	t	0.00	0.00	0.00	7896513912410	18
405	KASCÃO SKIMO	1000	1	t	0.00	0.00	0.00	7896513912007	18
1291	PIPOCA KISABOR MANTEIGA	998	1	t	0.00	5.50	0.00	7898416527081	24
420	CHOCOLATE LATA AO LEITE CRUNCH 90G NESTL	1000	1	t	0.00	0.00	0.00	7891000277072	25
402	SORVETE MASK AVELÃ	1000	1	t	10.90	14.00	28.44	7896513914155	18
424	BATATA RUFFLES CEBOLA E SALSA 57G	1000	1	t	0.00	0.00	0.00	7892840820107	24
426	CIGARRO BOX  KENT BLUE	1000	1	t	0.00	0.00	0.00	78943001	8
428	CIGARRO CRETEC MENTHOL	1000	1	t	0.00	0.00	0.00	78939004	8
409	FARDO (12) ITAIPAVA 350ml	1000	1	t	0.00	36.00	0.00	7897395020132	5
398	KASCÃO CROCANTE	996	1	t	0.00	9.50	0.00	7896513921146	18
433	CIGARRO BOX  KENT RED	1000	1	t	0.00	0.00	0.00	78943261	8
397	GELO AMERICANO MORANGO	1000	1	t	0.00	3.00	0.00	7898946674804	24
438	LEITE CONDENSADO ITALAC 395G	1000	1	t	0.00	0.00	0.00	7898080640413	24
416	FARDO (6) SMIRNOFF ICE 275ML	1000	1	t	0.00	60.00	0.00	7893218003573	38
441	MAÇO DE CIGARRO LUCKY STRIKE BIG CHILL	1000	1	t	0.00	0.00	0.00	78942080	8
442	MAÇO DE CIGARRO LUCKY STRIKE DOUBLE ICE	1000	1	t	0.00	0.00	0.00	78942066	8
421	CHOCOLATE HERSHEY'S AMENDOIM	1000	1	t	0.00	0.00	0.00	7899970402883	25
395	GELO AMERICANO MELANCIA	999	1	t	0.00	3.00	0.00	7898946674866	24
431	TRENTO TORTA DE MARACUJA 32G	1000	1	t	0.00	3.00	0.00	7896306619434	25
427	CIGARRO CRETEC CHERRY	1000	1	t	0.00	19.00	0.00	78940765	8
375	51 ICE BAUNILHA COM LIMÃO 269ML	1000	1	t	0.00	6.00	0.00	7896002111799	38
378	STOCK MORANGO 720ML	1000	1	t	0.00	60.00	0.00	7891121210002	35
377	STOCK ANISETTE 720ML	1000	1	t	0.00	60.00	0.00	7891121201000	35
363	ASKOV FRUTAS VERMELHAS 900ML	999	1	t	0.00	16.00	0.00	7896092503276	33
318	AMSTEL 269ML	917	1	t	2.29	3.50	52.84	7896045505319	5
439	CAMEL KRETEK	996	1	t	12.00	14.50	20.83	78941106	8
387	BALLANTINES AMERICAN BARREL 750ML	1000	1	t	0.00	85.00	0.00	5000299628096	20
383	RED RYE FINISH JOHNNIE WALKER  750ML	1000	1	t	0.00	120.00	0.00	5000267164014	20
386	BLACK LABEL JOHNNIE WALKER  1L	1000	1	t	0.00	260.00	0.00	5000267023625	20
385	BUCHANAN'S MASTER	1000	1	t	0.00	230.00	0.00	5000196003774	20
1183	ABSORVENTE SYM COM ABAS	999	1	t	0.00	3.50	0.00	7896110002248	24
388	WHITE HORSE 1L	999	1	t	0.00	100.00	0.00	5000265001335	20
1307	MOLHO DE TOMATE TARANTELLA	1000	1	t	0.00	3.00	0.00	7896036099544	24
474	CERVEJA BECK'S 355 ML	1000	1	t	0.00	0.00	0.00	7891991014717	5
478	VIBE MELANCIA  2L	1000	1	t	0.00	12.00	0.00	7899914200667	6
471	OURO DE MINAS PÉ DE MOÇA 50G	1000	1	t	0.00	3.00	0.00	7898537841165	23
458	MAÇO DE CIGARRO MARLBORO VERMELHO	977	1	t	10.75	12.75	18.60	78922594	8
461	TODDY 400G	999	1	t	0.00	10.90	0.00	7892840819507	24
446	CIGARRO ROTTMANS RED	1000	1	t	0.00	0.00	0.00	78942738	8
447	CIGARRO ROTTMANS SILVER	1000	1	t	0.00	0.00	0.00	78941045	8
448	CIGARRO ROTTMANS CLICK PURPLE	1000	1	t	0.00	0.00	0.00	78902589	8
449	CIGARRO ROTTMANS CLICK CITRUS	1000	1	t	0.00	0.00	0.00	78941922	8
464	PETTIZ AMENDOIM CROCANTE CEBOLA E SALSA 50G	1000	1	t	0.00	4.00	0.00	7896058599794	17
455	CIGARRO BOX  KENT SILVER	1000	1	t	0.00	0.00	0.00	78943018	8
505	BISCOITO WAFFER CHOCOLATE PIRAQUE 100G	999	1	t	0.00	0.00	0.00	7896024760647	26
316	BRAHMA DUPLO MALTE 350ML	963	1	t	0.00	4.50	0.00	7891991294942	5
1184	PAEL HIGIENICO FOLHA SIMPLES	1000	1	t	0.00	4.50	0.00	7896053410025	24
457	CIGARRO ROTTMANS INTEL DOUBLE CLICK	1000	1	t	0.00	0.00	0.00	78941090	8
481	TORCIDA SABOR PÃO DE ALHO	998	1	t	0.00	3.50	0.00	7892840822620	17
1208	SKOL 550ML	952	1	t	4.00	7.00	75.00	7891149104123	5
456	CIGARRO ROTTMANS VERMELHO ORIGINAL	1000	1	t	0.00	7.00	0.00	78900394	8
483	TORCIDA COSTELINHA C/ LIMÃO	1000	1	t	0.00	3.50	0.00	7892840822606	17
477	MENTOS PURE FRESH MORANGO 56G	1000	1	t	0.00	14.00	0.00	7895144295664	28
479	TEQUI LOKA GOLD	1000	1	t	0.00	25.00	0.00	7898620850487	38
454	CIGARRO ROTHMANS GLOBAL AZUL	991	1	t	6.40	7.00	9.38	78919501	8
482	TORCIDA SABOR CHURRASCO	999	1	t	0.00	3.50	0.00	7892840822590	17
488	CIGARRO DUNHILL RED (ANTIGO KENT)	999	1	t	11.25	12.75	13.33	78943131	8
499	MILHO QUERO 280G	999	1	t	3.00	5.50	83.33	7896102500608	24
467	GELO IPO 3KG	1000	1	t	4.00	8.00	100.00	467	24
462	BATATA PALHA EXTRA FINA YOKI 100G	1000	1	t	0.00	0.00	0.00	7891095031122	24
1196	HEINEKEN LONGNECK ZERO  330ML	989	1	t	0.00	9.00	0.00	7896045506040	5
507	CATUABA AÇAI 900ML	1000	1	t	0.00	18.50	0.00	7896336810733	38
470	LACTA BIS  100G	998	1	t	0.00	9.90	0.00	7622210575975	25
469	ISQUEIRO CRICKET PEQ	1000	1	t	0.00	0.00	0.00	7896280835196	24
444	MAÇO DE CIGARRO MARLBORO GOLD  SELECTION	1000	1	t	0.00	10.00	0.00	78941618	8
451	CIGARRO ROTTMANS INTERNATIONAL MELAO	996	1	t	8.25	9.25	12.12	78942813	8
450	CIGARRO ROTTMANS INTERNATIONAL	999	1	t	10.00	10.25	2.50	78942806	8
472	BRIGADEIRO | OURO DE MINAS	999	1	t	0.00	3.00	0.00	7898537841233	23
485	BATATA RUFFLES CHURRASCO 57G	1000	1	t	0.00	0.00	0.00	7892840820114	24
1292	PIPOCA KISABOR BACON	1000	1	t	0.00	5.50	0.00	7898416527074	24
463	AÇUCAR REFINADO CARAVELAS	1000	1	t	0.00	5.50	0.00	7896894900013	24
486	BATATA RUFFLES  57G	1000	1	t	0.00	0.00	0.00	7892840820121	24
489	CHOCOLATE LATA LAKA 90G	1000	1	t	0.00	0.00	0.00	7622300991418	25
490	CHOCOLATE LAKA DIAMANTE NEGRO  90G	1000	1	t	0.00	0.00	0.00	7622210961679	25
492	CHOCOLATE DIAMANTE NEGRO  90G	1000	1	t	0.00	0.00	0.00	7622300991500	25
498	BATATA PALHA TRADICIONAL KI SABOR	1000	1	t	0.00	0.00	0.00	7898937864948	24
460	CIGARRO LM VERMELHO FIRSTCUT	998	1	t	0.00	7.00	0.00	78942653	8
500	SELETA LEGUMES 280G	1000	1	t	0.00	0.00	0.00	7896102500530	24
501	ATUM GOMES DA COSTA RALADO	1000	1	t	0.00	0.00	0.00	7891167011779	24
502	SARDINHA GOMES DA COSTA 125G	1000	1	t	0.00	0.00	0.00	7891167021013	24
503	PAPEL TOALHA PICCOLA DONNA	1000	1	t	0.00	0.00	0.00	7896076001644	24
504	BISCOITO WAFFER PIRAQUE 100G	1000	1	t	0.00	0.00	0.00	7896024760654	26
487	BATATA CHIPS 30G	989	1	t	0.00	4.00	0.00	7896903500036	24
506	BISCOITO WAFFER LIMÃO PIRAQUE 100G	1000	1	t	0.00	0.00	0.00	7896024760678	26
508	GRANULADO DORI 120G	1000	1	t	0.00	0.00	0.00	7896058599473	25
509	JUJUBA 32G	1000	1	t	0.00	0.00	0.00	7896058506105	28
511	DORITOS 84G	1000	1	t	0.00	0.00	0.00	7892840815912	17
512	SARDINHA COQUEIRO TOMATE	1000	1	t	0.00	0.00	0.00	7896009301063	24
445	CIGARRO ROTTMANS BLUE	999	1	t	0.00	7.50	0.00	78941014	8
491	LACTA OREO  90G	1000	1	t	0.00	9.00	0.00	7622210567567	25
468	HALLS PRATA	1000	1	t	1.60	3.00	87.50	78938878	29
476	MENTOS PURE FRESH 56G	1000	1	t	0.00	14.00	0.00	78922327	28
475	MENTOS PURE FRESH WHITE 56G	1000	1	t	0.00	14.00	0.00	78922334	28
465	GELO IPO 5KG	993	1	t	0.00	14.00	0.00	00000000	24
494	OUSADIA PEDACINHO DO CÉU 500ML	1000	1	t	4.00	6.90	72.50	7896336810474	38
497	MACARRÃO NINHO ADRIA 500G	1000	1	t	0.00	0.00	0.00	7896205788095	24
452	CIGARRO ROTTMANS INTERNATIONAL DOUBLE	980	1	t	8.25	10.25	24.24	78943087	8
453	CIGARRO ROTTMANS GLOBAL RED	999	1	t	0.00	6.50	0.00	78919464	8
559	SERRAMALTE 350ML	1000	1	t	0.00	5.50	0.00	7891991014809	5
581	CUP NOODLES SABOR LEGUMES	1000	1	t	0.00	7.50	0.00	7891079013090	24
576	AMA VITA CHURRASCO  200G	1000	1	t	0.00	0.00	0.00	7898931140857	24
540	TABACO THE OG	1000	1	t	0.00	17.50	0.00	3565847800017	27
544	PRINGLES CHURRASCO 104G	1000	1	t	0.00	16.00	0.00	7896004006406	17
1209	SPATEN LATA 350ML	960	1	t	0.00	5.50	0.00	7891991297424	5
575	CONHAQUE SAO JOÃO DA BARRA	1000	1	t	0.00	25.00	0.00	7896022610005	22
1293	ABSORVENTE C/ ABAS	1000	1	t	0.00	3.50	0.00	7896110002248	24
546	SORVETE ZERO COCO  PALITO 55G	999	1	t	0.00	0.00	0.00	7896513912694	18
526	CHANCELER 1L	999	1	t	0.00	40.00	0.00	7896072911244	20
1204	HEINEKEN ZERO 350ML	985	1	t	0.00	7.00	0.00	7896045506910	5
1397	ESPETO DE FRANGO	999	1	t	0.00	10.00	0.00	1397	32
519	QUEIJO RALADO TEIXEIRA 40G	1000	1	t	0.00	0.00	0.00	7896066801148	24
521	TIP CASE TRUNK	1000	1	t	0.00	0.00	0.00	42042013	27
522	TESOURA DOBRAVEL	1000	1	t	0.00	0.00	0.00	7908045130580	27
523	FILTRO 30	1000	1	t	0.00	0.00	0.00	7898712240523	27
524	FILTRO 30 LIMÃO	1000	1	t	0.00	0.00	0.00	7898712240516	27
525	FILTRO 30 MORANGO	1000	1	t	0.00	0.00	0.00	7898712240530	27
527	PASTILHA MORANGO	1000	1	t	0.00	0.00	0.00	78916968	29
528	PASTILHA TUTTI FRUTTI	1000	1	t	0.00	0.00	0.00	78917279	29
529	CHESTERFIELD REMIX BLOSSOM	1000	1	t	0.00	0.00	0.00	78945555	8
530	CIGARRO BOX L&M FORWARD	1000	1	t	0.00	0.00	0.00	78936560	8
532	MAÇO DE CIGARRO MARLBORO SILVER BLUE	1000	1	t	0.00	0.00	0.00	78911116	8
1388	GUARANA ANTARTICA 2 LITROS	1000	1	t	0.00	10.00	0.00	7891991001342	4
534	LE TIROP DE MONIN	1000	1	t	0.00	0.00	0.00	3052910015107	20
535	LE TIROP DE MONIN LIMÃO SICILIANO	1000	1	t	0.00	0.00	0.00	3052910056209	20
536	LE TIROP DE MONIN CRAMBERRY	1000	1	t	0.00	0.00	0.00	3052910010836	20
537	BISCOITO MAIZENA MARILAN 170G	1000	1	t	0.00	0.00	0.00	7896003738506	26
538	SALGADINHO ASSADO CHEEZ IT ORIGINAL	1000	1	t	0.00	0.00	0.00	7896004007045	17
539	SEDA SADHU SLIM	1000	1	t	0.00	0.00	0.00	7908212174669	27
541	TABACO PALAZZO	1000	1	t	0.00	0.00	0.00	700083378002	27
542	PITEIRA MADEIRA	1000	1	t	0.00	0.00	0.00	769503698939	27
545	SORVETE ZERO CHOCOLATE  PALITO 55G	1000	1	t	0.00	0.00	0.00	7896513912700	18
547	MAÇARICO FASHION LIGHTER	1000	1	t	0.00	0.00	0.00	6925284400398	24
551	WAFER RANCHEIRO	1000	1	t	0.00	0.00	0.00	7896253401540	26
552	BANANINHA 50G	1000	1	t	0.00	0.00	0.00	7898668732189	23
555	QUEIJO RALADO IPANEMA 40G	1000	1	t	0.00	0.00	0.00	7896114101817	24
573	ÇLKKO	1000	1	t	0.00	0.00	0.00	\N	24
556	SABÃO TIXAN  YPÉ 800G	1000	1	t	0.00	0.00	0.00	7896098909744	24
557	DESINFETANTE YPE TURQUESA	1000	1	t	0.00	0.00	0.00	7896098903636	24
558	MOLHO DE ALHO	1000	1	t	0.00	4.00	0.00	7898075643917	24
561	MARGARINA DORIANA 250G	1000	1	t	0.00	0.00	0.00	7894904574780	21
563	LEITE FERMENTADO YAKULT C6	1000	1	t	0.00	0.00	0.00	7891156001040	21
564	LEITE FERMENTADO YAKULT	1000	1	t	0.00	0.00	0.00	78911000	21
565	VINHO CABERNET SAUVIGNON RESERVADO	1000	1	t	0.00	0.00	0.00	7809625207626	16
567	CHOCOLATE CHARGE 40G	1000	1	t	0.00	0.00	0.00	7891000464908	25
550	AMENDOIM CROCANTE 50G	1000	1	t	0.00	4.00	0.00	7896058593174	17
570	CHOCOLATE DANKE AMENDOAS	1000	1	t	0.00	0.00	0.00	7908336300074	25
571	INTIMUS TRIPLA PROTEÇÃO C/ ABAS	1000	1	t	0.00	0.00	0.00	7896007540617	24
572	ABSORVENTE INTERNO INTIMUS C/8	1000	1	t	0.00	0.00	0.00	7896007541867	24
574	BATATA PALHA TRADICIONAL VITA	1000	1	t	0.00	0.00	0.00	7898931140512	24
569	TRENTO AMENDOIM	1000	1	t	0.00	0.00	0.00	7896306622366	25
577	AMA VITA QUEIJO 200G	1000	1	t	0.00	0.00	0.00	7898931140802	24
578	LEITE INTEGRAL TIROL 1L	1000	1	t	0.00	0.00	0.00	7896256600223	31
580	ESPUMANTE DE PRATA ROSE	1000	1	t	0.00	0.00	0.00	7896097722047	16
582	BATATA PALHA AMA VITA 140G	1000	1	t	0.00	0.00	0.00	7898931140543	24
566	PRINGLES ORIGINAL 104G	1000	1	t	0.00	16.00	0.00	7896004006277	17
584	LEITE DE COCO MENINA 200ML	1000	1	t	0.00	0.00	0.00	7896028014494	24
585	LEITE DE COCO MAIS COCO 200ML	1000	1	t	0.00	0.00	0.00	7896004400297	24
568	TRENTO DARK AVELÃ 26G	1000	1	t	0.00	4.50	0.00	7896306624391	25
579	CIGARRO HARMONY	1000	1	t	0.00	9.50	0.00	78941151	8
520	TABACO SESH	1000	1	t	0.00	18.50	0.00	3565847800024	27
413	PACK FECHADO HEINEKEN LATA 269ML	998	1	t	0.00	40.00	0.00	0000000000	5
560	DOBER BANANA 900ML	1000	1	t	0.00	25.00	0.00	7896711106284	37
533	TABACO ACREMA BLEND	1000	6	t	13.50	21.50	59.26	742832158732	27
657	CARIBE 28G	1000	1	t	0.00	3.00	0.00	7891008121193	25
627	CIGARRO LUCKY FRESH ICE	1000	1	t	11.75	12.50	6.38	78944251	8
603	OVINHOS DE AMENDOIM 145G	1000	1	t	0.00	8.50	0.00	7892840814816	17
642	BEM BOLADO VERDE 1/4	1000	1	t	0.00	4.00	0.00	742832800129	27
617	BLACK PRINCESS 355ML	1000	1	t	0.00	0.00	0.00	7897395000769	5
644	BEM BOLADO LARANJA 1/4	1000	1	t	0.00	4.00	0.00	040232780967	27
610	NEGRESCO	1000	1	t	0.00	4.00	0.00	7891000376768	26
624	CHOCOLATE ALPINO 280ML	998	1	t	5.00	8.50	70.00	7891000067048	2
639	AMSTEL LONGNECK 355ML	999	1	t	0.00	7.00	0.00	7896045507054	5
1294	ESPONJA VIP	1000	1	t	0.00	2.50	0.00	7896314707871	24
626	CIGARRO LUCKY FRESH WILD	999	1	t	11.25	13.00	15.56	78944329	8
625	NESTON 200ML	1000	1	t	4.00	8.50	112.50	7891000090732	24
586	QUEIJO RALADO VIGOR 50G	1000	1	t	0.00	0.00	0.00	7891999970053	24
1308	MACARRÃO ESPAGUETE 500G	1000	1	t	0.00	6.00	0.00	7896005286579	24
588	PAO DE FORMA PLUFI NUT	1000	1	t	0.00	0.00	0.00	7898904874048	26
590	BATATA PALHA CEBOLA & SALSA	1000	1	t	0.00	0.00	0.00	7898931140376	24
591	BATAT FRITA AMA ORIGINAL 45G	1000	1	t	0.00	0.00	0.00	7898931140437	24
592	BOLINHO ANA MARIA BAUNILHA 70G	1000	1	t	0.00	0.00	0.00	7896002362412	26
593	BOLINHO ANA MARIA GOTAS DE CHOCOLATE70G	1000	1	t	0.00	0.00	0.00	7896002363259	26
594	BOLINHO ANA MARIA CHOCOLATE 70G	1000	1	t	0.00	0.00	0.00	7896002362436	26
595	EXTRATO DE TOMATE FUGINI	1000	1	t	0.00	0.00	0.00	7897517206338	24
598	BOLACHA PASSATEMPO LEITE	1000	1	t	0.00	0.00	0.00	7891000051436	26
597	WAFER BAUDUCCO MORANGO 140G	1000	1	t	0.00	5.50	0.00	7891962037004	26
599	SALGADINHO LOBITOS CHURRASCO	1000	1	t	0.00	0.00	0.00	7896499901941	17
600	SALGADINHO LOBITOS QUEIJO 70G	1000	1	t	0.00	0.00	0.00	7896499903068	17
602	COOKIE ORIGINAL 100G	1000	1	t	0.00	7.00	0.00	7891962054100	26
1185	SUCO TANG UVA	1000	1	t	0.00	2.00	0.00	7622210571786	24
606	VINHO MON ROSÉ DE PROVENCE 2020	1000	1	t	0.00	0.00	0.00	3760081421596	16
607	SARDINHA PESCADOR	1000	1	t	0.00	0.00	0.00	7896114901738	24
608	SUPER BOND	1000	1	t	0.00	0.00	0.00	7891200017324	24
609	PITEIRA BROWN 35 UN	1000	1	t	0.00	0.00	0.00	798190052991	27
611	ARROZ BRANCO SABOROSO 1KG	1000	1	t	0.00	0.00	0.00	7896584300352	24
604	PILHA ALCALINA AAA C/2	1000	1	t	0.00	0.00	0.00	7896007974375	24
612	FEIJÃO CARIOCA MAXIMO 1KG	1000	1	t	0.00	0.00	0.00	7896401100042	24
613	FERMENTO DONA BENTA 100G	1000	1	t	0.00	0.00	0.00	7896005279489	24
614	GIN INVICTUS 900ML	1000	1	t	0.00	0.00	0.00	618341194540	33
615	GIN INVICTUS TROPICAL 900ML	1000	1	t	0.00	0.00	0.00	618341194564	33
616	GIN INVICTUS MELANCIA 900ML	1000	1	t	0.00	0.00	0.00	619205480038	33
619	TALENTO AMENDOAS E PASSAS	1000	1	t	0.00	0.00	0.00	7891008121827	25
620	TALENTO MORANGO 85G	1000	1	t	0.00	0.00	0.00	7891008121872	25
621	TALENTO DOCE DE LEITE 85G	1000	1	t	0.00	0.00	0.00	7891008121629	25
622	TALENTO CASTANHA DE CAJU 85G	1000	1	t	0.00	0.00	0.00	7891008122213	25
623	COOKIES NESTLE 120G	1000	1	t	0.00	0.00	0.00	7891000381663	25
656	CHOCOLATE LEITE MOÇA 38G	993	1	t	0.00	4.50	0.00	7891000405703	25
1197	CORONA EXTRA LATA 350ML	996	1	t	0.00	7.00	0.00	7891991295055	5
605	MINI OREO 36G	1000	1	t	0.00	4.50	0.00	7622210933454	26
631	ATUM COQUEIRO RALADO	1000	1	t	0.00	0.00	0.00	7896009301124	24
632	ATUM COQUEIRO RALADO EM OLEO	1000	1	t	0.00	0.00	0.00	7896009301131	24
633	SARDINHA COQUEIRO	1000	1	t	0.00	0.00	0.00	7896009301049	24
634	KASCÃO TREK	1000	1	t	0.00	0.00	0.00	7896513912755	18
1205	BRAHMA DUPLO MALTE 269ML	962	1	t	0.00	3.50	0.00	7891991295277	5
637	SORVETE CREME 1,5	1000	1	t	0.00	0.00	0.00	7896513915244	18
638	AÇAI 1,3KG	1000	1	t	0.00	0.00	0.00	7896513909014	18
643	BEM BOLADO BROWN 1/4	1000	1	t	0.00	0.00	0.00	742832800143	27
645	MAÇARICO SUMMER	1000	1	t	0.00	0.00	0.00	6925284488310	24
646	PIPOCA DOCE MAGITLEC 200G	1000	1	t	0.00	0.00	0.00	7896045318360	24
647	TWIX TRIPLO CHOCOLATE	1000	1	t	0.00	0.00	0.00	7896423405491	25
648	TORRADA BAUDUCCO NATURAL 142G	1000	1	t	0.00	0.00	0.00	7891962053189	26
649	CHOCOLATE GALAK	1000	1	t	0.00	0.00	0.00	7891000368626	25
650	CHOCOLATE CRUNCH	1000	1	t	0.00	0.00	0.00	7891000369371	25
651	AMENDOIM APIMENTADO COM LIMÃO	1000	1	t	0.00	0.00	0.00	7897115103916	23
652	AMENDOIM SABOR ALHO	1000	1	t	0.00	0.00	0.00	7897115107785	23
653	BISCOITO COOKIE NEGRESCO 60G	1000	1	t	0.00	0.00	0.00	7891000247624	25
654	BISCOITO COOKIE ALPINO 60G	1000	1	t	0.00	0.00	0.00	7891000350119	25
655	BISCOITO COOKIE GALAK  60G	1000	1	t	0.00	0.00	0.00	7891000350072	25
641	BEM BOLADO LARANJA	1000	1	t	0.00	4.00	0.00	7898924491324	27
601	COOKIE TRADICIONAL BAUDUCCO 60G	1000	1	t	0.00	7.00	0.00	7891962054810	26
640	BEM BOLADO VERDE	998	1	t	0.00	4.00	0.00	742832250535	27
1237	DOMECQ 1L	999	1	t	0.00	45.00	0.00	7896080001401	22
715	CHEETOS REQUEIJÃO 45G	1000	1	t	0.00	5.00	0.00	7892840821197	17
691	EeMOVER	1000	1	t	0.00	0.00	0.00	7896004400358	2
685	SABONETE YPÉ  85G	1000	1	t	0.00	0.00	0.00	7896098902226	24
696	HEINEKEN LONGNECK 250ML	1000	1	t	0.00	6.50	0.00	78935495	5
719	PITEIRA BLAC WHITE	1000	1	t	0.00	6.00	0.00	769503698960	27
728	KING BLUNT MELANCIA	1000	1	t	0.00	9.99	0.00	7898960207057	27
725	KING BLUNT CHOCOLATE	1000	1	t	0.00	9.99	0.00	7898960207019	27
658	TABACO PARA CACHIMBO VIRGINIA	1000	1	t	0.00	22.00	0.00	7898163220198	27
714	DORITOS 210G	1000	1	t	0.00	20.00	0.00	7892840817916	17
713	FRUIT TELLA C VTAMINA C	1000	1	t	0.00	3.50	0.00	7895144296906	29
712	BATATA RUFFLES CHURRASCO 76G	1000	1	t	0.00	12.00	0.00	7892840818210	17
659	CHARUTOS CAFE BRASIL C/5	1000	1	t	0.00	0.00	0.00	7898901932109	27
1251	PIPOCA DOCE	1000	1	t	0.00	4.00	0.00	7896045320660	24
661	SALTON SERIES DEMI SEC	1000	1	t	0.00	0.00	0.00	7896023012358	16
662	SALTON SERIES BRUT	1000	1	t	0.00	0.00	0.00	7896023012334	16
663	SALTON SERIES MOSCATEL	1000	1	t	0.00	0.00	0.00	7896023013911	16
664	BEEFEATER 750ML	1000	1	t	0.00	145.00	0.00	5000329002537	34
668	CIROC	1000	1	t	0.00	0.00	0.00	088076161863	20
670	SUCO ADES MORANGO 200ML	1000	1	t	0.00	0.00	0.00	7894900087093	2
671	SUCO ADES MAÇA 200ML	1000	1	t	0.00	0.00	0.00	7894900087079	2
672	CHÁ MATE LEÃO 1,5L PESSEGO	1000	1	t	0.00	0.00	0.00	7891098040602	4
673	CHÁ MATE LEÃO ZERO 450 ML	1000	1	t	0.00	0.00	0.00	7891098041074	4
674	ICE TEA LIMÃO ZERO 450 ML	1000	1	t	0.00	0.00	0.00	7891098041913	4
701	REDBULL ENERGY FIGO E MAÇA 250ML	1000	1	t	7.00	12.00	71.43	9002490266356	6
677	MUPY UVA  1L	1000	1	t	0.00	0.00	0.00	7896293806206	2
678	SUCO MUPY MORANGO 1L	1000	1	t	0.00	0.00	0.00	7896293806176	2
679	SUCO MUPY  1L	1000	1	t	0.00	0.00	0.00	7896293806183	2
680	KITANO MAIS SABOR 60G ARROZ	1000	1	t	0.00	0.00	0.00	7891095159529	24
681	KITANO MAIS SABOR 60G	1000	1	t	0.00	0.00	0.00	7898416520006	24
1403	CIGARRO SOLTO CARLTON	1000	1	t	0.00	1.00	0.00	1403	\N
686	CREME DENTAL CLOSEUP RED	1000	1	t	0.00	0.00	0.00	7891037744356	24
687	CREME DENTAL ICE CLEAN	1000	1	t	0.00	0.00	0.00	7896425511350	24
688	LEITE INTEGRAL JUSSARA 1L	1000	1	t	0.00	6.00	0.00	7896283800801	31
695	ESPUMANTE LIDER	1000	1	t	0.00	0.00	0.00	7898280620215	16
689	DEL VALLE FRUIT CITRICAS	1000	1	t	0.00	0.00	0.00	7894900666526	2
699	SAN MARTINI MOSCATEL	1000	1	t	0.00	0.00	0.00	7896267774074	16
700	LIDER MAÇA	1000	1	t	0.00	0.00	0.00	7898280820215	16
1409	CHOKITO 32G	999	1	t	0.00	3.50	0.00	7891000462300	25
703	ESPUMANTE LIDER MORANGO	1000	1	t	0.00	0.00	0.00	7898280620147	16
704	ESPUMANTE LIDER SEM ALCOOL	1000	1	t	0.00	0.00	0.00	7898280620505	16
705	ESPUMANTE LIDER PESSEGO	1000	1	t	0.00	0.00	0.00	7898280620130	16
706	ALFAJOR KIT KAT	1000	1	t	0.00	0.00	0.00	7898972960278	26
707	SUCO PONCHITO LIMÃO  450ML	1000	1	t	0.00	0.00	0.00	7897283400282	2
709	TNT MANGO 269ML	1000	1	t	5.10	8.00	56.86	7897395001650	6
682	SKOL BEATS TROPICAL GARRAFA 269ML	1000	1	t	6.29	12.00	90.78	7891991306188	38
667	GUARANA ANTARTICA 1L	1000	1	t	0.00	7.00	0.00	7891991015868	4
716	KINDER OVO 40G	1000	1	t	0.00	0.00	0.00	7898024395867	25
717	ESSENCIA SMYRNA	1000	1	t	0.00	0.00	0.00	8682084505750	27
718	PITEIRA BLAC BROWN	1000	1	t	0.00	0.00	0.00	769503698991	24
720	PRESERVATIVO PRUDENCE	1000	1	t	0.00	0.00	0.00	7898079003021	24
721	PRESERVATIVO PRUDENCE UVA	1000	1	t	0.00	0.00	0.00	7898079000327	24
722	PRESERVATIVO PRUDENCE CHICLETE	1000	1	t	0.00	0.00	0.00	7898079001355	24
723	PRESERVATIVO OLLA	1000	1	t	0.00	0.00	0.00	7896222718334	24
724	PRESERVATIVO OLLA MORANGO	1000	1	t	0.00	0.00	0.00	7896222716453	24
726	KING BLUNT UVA	1000	1	t	0.00	0.00	0.00	7898960207026	27
727	KING BLUNT VANILLA	1000	1	t	0.00	0.00	0.00	7898960207033	27
730	KING BLUNT MORANGO	1000	1	t	0.00	0.00	0.00	7898960207040	27
731	KING BLUNT MEL	1000	1	t	0.00	0.00	0.00	7898960207439	27
684	MAQUINA PARA ENROLAR	1000	1	t	0.00	0.00	0.00	609963918829	27
729	KING BLUNT MAÇA VERDE	1000	1	t	0.00	9.99	0.00	7898960207446	27
702	AMSTEL 350ML	860	1	t	0.00	4.50	0.00	7896045506934	5
690	MUPY LARANJA 1L	1000	1	t	0.00	0.00	0.00	7896293808194	2
711	BATATA RUFFLES CEBOLA E SALSA 76G	1000	1	t	0.00	12.00	0.00	7892840818180	17
660	CHIVAS REGAL  12 ANOS 1L	1000	1	t	0.00	190.00	0.00	080432400432	20
665	WHITE HORSE 700ML	1000	1	t	0.00	75.00	0.00	5000265101943	20
510	ALHO PICADO	999	1	t	0.00	5.00	0.00	7898913066564	24
693	VINHO 3 MEDALHAS SANTA RITA MERLOT	1000	1	t	0.00	0.00	0.00	7804330006731	16
1401	PORÇÃO MARISCO P	993	1	t	12.00	25.00	108.33	1401	40
733	CIGARRO LUCK STRIKE AZUL PATTERSON	999	5	t	6.00	7.00	16.67	78946439	8
757	AGUA CRYSTAL 5L	1000	1	t	0.00	12.00	0.00	7894900530056	3
752	DEL VALLE 100% UVA 1L	1000	1	t	0.00	7.50	0.00	7894900611014	2
799	DEL VALLE SABOR CAJU 1L	1000	1	t	0.00	9.00	0.00	7898341430081	2
800	DEL VALLE PESSEGO 1L	1000	1	t	0.00	9.00	0.00	7898341430036	2
797	DEL VALLE SABOR LARANJA 1L	1000	1	t	0.00	9.00	0.00	7898341430111	2
735	DUNHILL ICE BOOST	1000	1	t	11.75	12.75	8.51	78944367	8
698	MAIONESE HELLMANNS 250G	1000	1	t	0.00	5.00	0.00	7894000050027	24
784	VODKA PINNACLE 1L	1000	1	t	0.00	120.00	0.00	080686929413	33
759	AGUA CRYSTAL 500ML	1000	1	t	0.00	2.00	0.00	7894900530001	3
768	BISCOITO AGUA E SAL ADRIA 170G	1000	1	t	0.00	0.00	0.00	7896085087240	26
766	WYBOROWA 750ML	1000	1	t	0.00	90.00	0.00	7891050002730	33
775	ESSENCIA ZIGGY WATERMELON BOMB 50G	1000	1	t	0.00	14.50	0.00	7898927097820	27
777	CHARUTOS TALVIS	1000	1	t	0.00	0.00	0.00	7898911411151	27
1198	ORIGINAL GARRAFA 300ML	955	1	t	3.50	5.50	57.14	7891991009584	5
771	TABACO VIRGINIA MARAJÓ PETY 25G	1000	1	t	0.00	9.90	0.00	609963330591	27
549	BRAHMA DUPLO MALTE  BLACK 350ML	1000	1	t	0.00	5.50	0.00	7891991303880	5
798	DEL VALLE SABOR MANGA 1L	1000	1	t	0.00	9.00	0.00	7894900660357	2
788	TALENTO CASTANHA DO PARA 25G	999	1	t	0.00	0.00	0.00	78907478	25
781	PEREZ CRUZ CARMENERE	1000	1	t	0.00	100.00	0.00	7808770200025	16
746	MARTINI 750ML	1000	1	t	0.00	50.00	0.00	7891125000074	22
737	CIGARRO DUNHILL EVOQUE EFFECT	1000	1	t	12.75	15.25	19.61	78940925	8
787	CIGARRO  DUNHILL OM ICE TROPIC	1000	5	t	12.00	12.75	6.25	78944374	8
738	CIGARRO DUNHILL EVOQUE DOUBLE	1000	1	t	13.75	14.25	3.64	78944381	8
758	AGUA CRYSTAL COM GAS 1,5L	999	1	t	0.00	4.00	0.00	7894900531015	3
732	CIGARRO DUNHILL SILVER	1000	1	t	11.75	12.75	8.51	78944398	8
740	TIJUCA 355ML	1000	1	t	0.00	0.00	0.00	7896388010679	5
741	ESPUMANTE VERMOUNTE  AUREA 750ML	1000	1	t	0.00	0.00	0.00	7898994730507	16
742	ESPUMANTE SERIES MOSCATEL ROSE	1000	1	t	0.00	0.00	0.00	7896023015731	16
743	ESPUMANTE MIORANZA MOSCATEL 750ML	1000	1	t	0.00	0.00	0.00	7896589103163	16
744	LILLET ROSE 750ML	1000	1	t	0.00	0.00	0.00	3057230000277	16
747	BACARDÍ BIG APPLE LIMON 980ML	1000	1	t	0.00	0.00	0.00	891125000050	33
748	GROSELHA CERESER 1L	1000	1	t	0.00	0.00	0.00	7896072911800	2
749	SUCO DE UVA INTEGRAL ALIANÇA 1L	1000	1	t	0.00	0.00	0.00	7896100503090	2
750	SAQUE SENSHI 720ML	1000	1	t	0.00	0.00	0.00	7898339115709	33
751	CHANDON 750ML	1000	1	t	0.00	0.00	0.00	7891083611152	16
745	BEEFEATER LEMON & GINGER750ML	1000	1	t	0.00	160.00	0.00	5000299634189	34
763	ROYAL SALUTE 700ML	1000	1	t	0.00	0.00	0.00	5000299211243	20
765	BELVEDERE VODKA 700ML	1000	1	t	0.00	0.00	0.00	5901041003911	33
769	BISCOITO SALPET 100G	1000	1	t	0.00	0.00	0.00	7896058256406	26
770	NESCAU INST. 370G	1000	1	t	0.00	0.00	0.00	7891000379691	24
772	TABACO VIRGINIA BAUNILHA	1000	1	t	0.00	0.00	0.00	7898994709848	27
773	PALHEIROS TERRA TOMBADA C/10	1000	1	t	0.00	0.00	0.00	7898957589524	27
782	COLINA TINTO SECO 750ML	1000	1	t	0.00	15.00	0.00	7896100500815	16
780	LATITUD 33 SYRAH	1000	1	t	0.00	60.00	0.00	7790975017822	16
762	DORITOS PIMENTA MEXICANA 60G	1000	1	t	0.00	8.00	0.00	7892840823481	17
783	VINHO RESERVADO CATANIA	1000	1	t	0.00	0.00	0.00	7896589103255	16
785	KETEL ONE	1000	1	t	0.00	0.00	0.00	085156875009	33
774	ESSENCIA ZIGGY CAJU TROPICAL 50G	999	1	t	0.00	14.50	0.00	7898965792039	27
789	TALENTO MEIO AMERGO AMENDOAS 25G	1000	1	t	0.00	0.00	0.00	78907355	25
790	TALENTO CEREAIS E PASSAS  25G	1000	1	t	0.00	0.00	0.00	78907485	25
791	TALENTO AMENOAS E PASSAS	1000	1	t	0.00	0.00	0.00	78907492	25
792	PITÚ 470ML	1000	1	t	0.00	0.00	0.00	7896607100303	30
793	BAUDUCCO BISCUIT 36G	1000	1	t	0.00	0.00	0.00	7891962060361	26
794	COOKIE CHOCOLATE BAUDUCCO 60G	1000	1	t	0.00	7.00	0.00	7891962054476	26
795	VODKA ETERNITY 900ML	1000	1	t	0.00	0.00	0.00	7898422670207	33
796	MACARRÃO DONA BENTA LINGUINE 500G	1000	1	t	0.00	0.00	0.00	7896005275399	24
736	CIGARRO DUNHILL EVOQUE	1000	1	t	14.75	15.25	3.39	78946088	8
778	FILTRO PALHA	1000	1	t	0.00	9.50	0.00	798190162089	27
734	CIGARRO LUCKY FRESH MINT X	1000	1	t	11.75	12.50	6.38	78944305	8
786	OLD PARR 12 YEARS	1000	1	t	0.00	190.00	0.00	5000281004020	20
675	JACK DANIEL'S FIRE 1L	1000	1	t	0.00	200.00	0.00	7898945131346	20
764	LEBLON 750ML	1000	1	t	0.00	150.00	0.00	7898924668016	30
755	BEEFEATER LONDON STRAWBERRY 750ML	1000	1	t	109.00	179.00	64.22	5000299605950	34
754	RUFFLES ORIGINAL 76G	999	1	t	0.00	12.00	0.00	7892840818203	17
1309	MACARRÃO PENNE 500G	997	1	t	0.00	5.50	0.00	7896005281710	24
836	XEQUE MATE 350ML	1000	1	t	0.00	10.00	0.00	798190225388	37
198	OLEO DE SOJA SOYA	1000	1	t	0.00	9.50	0.00	7891107101621	24
801	DEL VALLE ABACAXI 1L	1000	1	t	0.00	9.00	0.00	7894900660364	2
856	CUP NOODLES COSTELA	1000	1	t	0.00	7.50	0.00	7891079013083	24
1310	FILTRO DE CAFE (30 UNIDADES)	1000	1	t	0.00	6.00	0.00	7891021002127	24
826	SNICKERS MORANGO	999	1	t	2.50	4.50	80.00	7896423445985	25
1206	SKOL 269ML	1000	1	t	0.00	3.25	0.00	7891149103102	5
864	KETCHUP QUERO	991	1	t	0.00	6.50	0.00	7896102502787	24
806	TRAKINAS MORANGO	1000	1	t	2.69	4.00	48.70	7622210592781	26
809	NUTELLA  B-READY FERRERO 22G	996	1	t	0.00	5.50	0.00	7898024397915	25
873	SEDA CELULOSE ALEDA SLIM	1000	1	t	0.00	4.00	0.00	7898634871003	27
827	ISQUEIRO BIC GRANDE REACE	1000	1	t	0.00	14.90	0.00	3086123646278	24
823	ASKOV MELANCIA 500ML	1000	1	t	0.00	8.00	0.00	7896092505492	33
829	ENERGY NUSAKINHO MAÇA VERDE	1000	1	t	0.00	10.00	0.00	7898221856260	6
830	ENERGY NUSAKINHO TRADICIONAL 2L	1000	1	t	0.00	10.00	0.00	7898221856253	6
844	MILKA STRAWBERRY 100G	1000	1	t	0.00	15.00	0.00	7622300498429	25
820	MAKERS MARK 750ML	1000	1	t	0.00	250.00	0.00	085246139431	20
802	TALENTO AVELAS 25G	1000	1	t	0.00	0.00	0.00	78907461	25
803	LICOR DE WISKY E APPLE	1000	1	t	0.00	0.00	0.00	7896711105751	33
804	FARINHA DE MANDIOCA KISABOR  500G	1000	1	t	0.00	0.00	0.00	7898416521089	24
842	OVINHOS AMENDOIM 65G	987	1	t	3.39	5.00	47.49	7892840818258	17
839	PILHA ALCALINA RAYOVAC AAA C/2	1000	1	t	0.00	10.90	0.00	7896009760655	24
810	BANANINHA CREMOSA 30G	1000	1	t	0.00	0.00	0.00	7898058980633	25
813	TALENTO AVELAS  85G	1000	1	t	0.00	0.00	0.00	7891008121728	25
814	TALENTO CASTANHA DO PARA 85G	1000	1	t	0.00	0.00	0.00	7891008121773	25
815	TALENTO MEIO AMARGO AMENDOAS 85G	1000	1	t	0.00	0.00	0.00	7891008121575	25
816	ESPONJA MULTIUSO BOM BRIL	1000	1	t	0.00	0.00	0.00	7891022100938	24
817	COCO RALADO INDIANO 50G	1000	1	t	0.00	0.00	0.00	7898910048044	24
824	NISSIN YAKISSOBA CARNE	1000	1	t	0.00	0.00	0.00	7891079013847	24
825	NISSIN YAKISSOBA LEGUMES	1000	1	t	0.00	0.00	0.00	7891079013861	24
831	FILTRO THE OG 130UNID	1000	1	t	0.00	0.00	0.00	3565847800048	24
832	TESOURA	1000	1	t	0.00	0.00	0.00	6225480185885	27
833	CHARUTO CHOCOLATE	1000	1	t	0.00	0.00	0.00	070235103951	27
834	ESSENCIA ZIGGY BANANA TROPICAL 50G	1000	1	t	0.00	0.00	0.00	7898965792060	27
835	ESSENCIA ZIGGY FRESH MELON50G	1000	1	t	0.00	0.00	0.00	7908479402185	27
838	MICHELOB ULTRA 350ML	1000	1	t	0.00	0.00	0.00	7891991302029	5
841	SALGADINHO CHEETOS 41G	1000	1	t	0.00	0.00	0.00	7892840818562	17
843	CHOCOLATE ALPINE MILK 90G	1000	1	t	0.00	0.00	0.00	7622210369444	25
860	BATATA LAYS CLASSICA 70G	1000	1	t	0.00	12.00	0.00	7892840823375	17
846	CHOCOLATE MILK 100G	1000	1	t	0.00	0.00	0.00	3045140105502	25
847	CERVEJA PURO MALTE 330ML	1000	1	t	0.00	0.00	0.00	7898953990324	5
848	FERRERO ROCHER 55G	1000	1	t	0.00	0.00	0.00	7898024397861	25
850	TIC TAC LARANJA 16G	1000	1	t	0.00	0.00	0.00	78945456	29
852	KINDER OVO MENINO 40G	1000	1	t	0.00	0.00	0.00	7898024395416	25
853	CHOCOLATE ALGODÃO DOCE 10G	1000	1	t	0.00	0.00	0.00	7891000388709	25
854	LEITE CONDENSADO CAMPOS DO JORDÃO 395G	1000	1	t	0.00	0.00	0.00	7897076021403	24
857	ARROZ BRANCO URBANO 1KG	1000	1	t	0.00	0.00	0.00	7896038321056	24
858	QUEIJO RALADO GRAN MESTRI	1000	1	t	0.00	0.00	0.00	7898670300185	24
861	TORTUGUITA BRIGADEIRO	1000	1	t	0.00	0.00	0.00	7898142865082	26
862	TORTUGUITA AO LEITE BRANCO	1000	1	t	0.00	0.00	0.00	7898142865068	26
865	SEDA SADHU NIGHT ROLL	1000	1	t	0.00	0.00	0.00	7898712240806	27
866	SEDA SADHU MORNING ROLL	1000	1	t	0.00	0.00	0.00	7898712240868	27
868	ADES UVA 1L	1000	1	t	0.00	0.00	0.00	7894900087123	2
869	SUCO ADES ABACAXI 1L	1000	1	t	0.00	0.00	0.00	7894900087000	2
870	SUCO ADES MAÇA1L	1000	1	t	0.00	0.00	0.00	7894900087062	2
872	FARDO (12) AMSTEL 350ML	1000	1	t	0.00	48.00	0.00	0000000000	5
837	HEINKEN LATA 473ML	999	1	t	0.00	0.00	0.00	7896045506248	5
811	BATON CREME 10G	1000	1	t	0.00	2.00	0.00	78930230	25
807	TRENTO BRANCO 32G	1000	1	t	1.20	3.00	150.00	7896306616389	25
851	TIC TAC MENTA 16G	1000	1	t	0.00	3.00	0.00	78945449	29
849	TIC TAC MIX DE FRUTAS	1000	1	t	0.00	3.00	0.00	78945463	29
1211	51 ICE MAÇA VERDE 269ML	1000	1	t	0.00	8.00	0.00	7896002111898	38
855	PAO DE FORMA VISCONTI	999	1	t	0.00	9.50	0.00	7891962051338	24
819	JIM BEAM BOURBON 1L	1000	1	t	0.00	140.00	0.00	080686027638	20
805	CREAM CRACKER TRIUNFO 170G	1000	1	t	0.00	5.00	0.00	7896058258738	24
863	TORTUGUITA AO LEITE BAUNILHA	995	1	t	0.00	2.00	0.00	7898142865044	25
1295	AZEITE ANDORINHA	1000	1	t	0.00	42.00	0.00	5601216120152	24
924	ALTOS PRATA MALBEC 750ML	1000	1	t	0.00	0.00	0.00	7790975017013	16
938	VIBE PESSEGO E MORANGO 2L	1000	1	t	0.00	12.00	0.00	7899914200452	6
880	SEDA SADHU SLIM LONGA BROWN	1000	1	t	0.00	4.50	0.00	7898712241537	27
548	BRAHMA DUPLO MALTE TOSTADA 350ML	1000	1	t	0.00	5.50	0.00	7891991305518	5
905	FEIJÃO CAMIL  1KG	999	1	t	0.00	10.90	0.00	7896006744115	24
896	WAFER BAUDUCCO AVELA 140G	1000	1	t	0.00	5.50	0.00	7891962036991	26
923	DIABLO BLACK CARBENET SUAVIGNON	1000	1	t	0.00	32.00	0.00	7804320750552	16
1311	NESCAU 200G	1000	1	t	0.00	7.00	0.00	7891000379585	24
1212	51 ICE KIWI 269ML	1000	1	t	5.00	8.00	60.00	7896002110983	38
884	FOLHA DE ALUMINIO C / 50 PCT (UNIDADE 1,00)	1000	1	t	0.00	29.90	0.00	558242663359	27
915	AGUA CRYSTAL 1L	1000	1	t	0.00	3.00	0.00	7894900530025	3
927	VINHO CASILLERO DEL DIABLO PEDRO JIMENEZ	1000	1	t	0.00	65.00	0.00	7804320750354	16
892	HOWLER HEAD 750ML	1000	1	t	0.00	160.00	0.00	850003347653	20
939	VIBE MAÇA VERDE 2L	1000	1	t	0.00	12.00	0.00	7899914200537	6
894	PASSPORT HONEY 670ML	1000	1	t	0.00	75.00	0.00	7891050003652	20
1238	APEROL 750ML	1000	1	t	0.00	65.00	0.00	7891136057012	22
921	WAFER BAUDUCCO CHOCOLATE 140G	995	1	t	0.00	5.50	0.00	7891962036984	26
922	TERRAZAS CABERNET SUAVIGNON 750ML	1000	1	t	0.00	130.00	0.00	7790975001494	16
882	PITEIRA SESH 70PITEIRAS	1000	1	t	0.00	5.00	0.00	3565847800369	27
877	SEDA PAPELITO	1000	1	t	0.00	0.00	0.00	7898950283054	27
1187	CARTELA DE OVOS KATAYAMA 20UN	1000	1	t	0.00	18.00	0.00	7898194600082	24
879	SEDA SADHU SLIM LONGA	1000	1	t	0.00	0.00	0.00	7898712241513	27
881	MAQUINA PARA ENROLAR PEQUENA	1000	1	t	0.00	0.00	0.00	069963918829	27
883	PITEIRA THE OG	1000	24	t	0.00	4.00	0.00	3565847800079	27
875	SEDA BLACK	1000	1	t	0.00	0.00	0.00	7898712241124	27
1314	GUARANÁ 600ML	999	1	t	0.00	6.00	0.00	7891991002646	4
886	SORVETE BRIGADEIRO 150G	1000	1	t	0.00	0.00	0.00	7896513940178	18
887	SORVETE ALEGRIA MILHO VERDE 150G	1000	1	t	0.00	0.00	0.00	7896513940239	18
888	FRUTHOS AÇAI LEITE EM PO 170G	1000	1	t	0.00	0.00	0.00	7896513909113	18
890	BUCHANAN'S SPECIAL RESERVE 18 ANOS	1000	1	t	0.00	0.00	0.00	50196913	20
859	BATATA LAYS SOUR CREAM	999	1	t	0.00	12.00	0.00	7892840823399	24
898	FARINHA DE MANDIOCA GROSSA  500G	1000	1	t	0.00	0.00	0.00	7896064101417	24
901	TORTUGUITA AO LEITE NAPOLITANO	1000	1	t	0.00	0.00	0.00	7898142865129	26
902	VINHO ROSÉ PISCINE	1000	1	t	0.00	0.00	0.00	3280111580005	16
904	SARDINHA 88  COM OLEO	1000	1	t	0.00	0.00	0.00	7891167023017	24
906	PAPEL HIGIENICO FOLHA DUPLA	1000	1	t	0.00	0.00	0.00	7897844300723	24
907	CIF MULTIUSO	1000	1	t	0.00	0.00	0.00	7891150071742	24
908	FOSFORO	1000	1	t	0.00	0.00	0.00	7896100900011	27
911	LAMEN SABOR CARNE NISSIN	1000	1	t	0.00	0.00	0.00	7891079000205	24
1269	PITU 350ML	996	1	t	0.00	7.50	0.00	7896607100044	30
913	FARINHA DE TRIFO PRIMOR 1KG	1000	1	t	0.00	0.00	0.00	7891080147807	24
925	CALEO PRIMITIVO	1000	1	t	0.00	95.00	0.00	8008863004014	16
914	BANANINHA CREMOSA S ACUCAR 30G	1000	1	t	0.00	0.00	0.00	7898947980027	25
916	SUCO ADES LARANJA 200ML	1000	1	t	0.00	0.00	0.00	7894900087055	2
876	SEDA SLIM ALFAFA	999	50	t	2.00	3.50	75.00	7842559000697	27
920	CAFE CABOCLO 250G	1000	1	t	0.00	0.00	0.00	7896089011203	31
897	SALGADINHO FANDANGOS SABOR PRESUNTO 80G	1000	1	t	0.00	0.00	0.00	7892840816346	17
926	RESERVA CASILLERO DEL DIABLO SHIRAZ	1000	1	t	0.00	80.00	0.00	7804320510170	16
930	CHANDON PINOT NOIR	1000	1	t	0.00	0.00	0.00	7891083611978	16
932	VINHO TRIVENTO ARGEBTINA 2020	1000	1	t	0.00	0.00	0.00	7798039599192	16
933	VINHO SANTA COLINA TANNAT 750ML	1000	1	t	0.00	0.00	0.00	7896100501584	16
934	VINHO SANTA COLINA MERLOT 750ML	1000	1	t	0.00	0.00	0.00	7896100501539	16
936	VINHO BOLA 375 ML	1000	1	t	0.00	0.00	0.00	8008960136748	16
940	BATATA PALHA TRADICIONAL KARIS	1000	1	t	0.00	0.00	0.00	7898078970027	24
942	BISCOITO WAFER MARILAN CHOCOLATE 115G	1000	1	t	0.00	0.00	0.00	7896003700657	26
943	BISCOITO WAFER MARILAN LIMÃO115G	1000	1	t	0.00	0.00	0.00	896003703399	26
944	ABSORVENTE DEFINITY S/ABAS	1000	1	t	0.00	0.00	0.00	7896064445207	24
874	SEDA SADHU NIGHT	1000	1	t	0.00	4.00	0.00	7898712241735	27
899	EISENBAHN SESSION IPA 350ML	1000	1	t	0.00	8.00	0.00	7898367984391	5
918	BRAHMA DUPLO MALTE TRIGO 350ML	1000	1	t	0.00	5.50	0.00	7891991305150	5
371	SKOL BEATS MINT SABOR GIN & TÔNICA	1000	1	t	0.00	8.00	0.00	7891149840878	38
891	JIM BEAM APPLE 1L	1000	1	t	0.00	130.00	0.00	080686043782	20
931	MARQUES CASA CONCHA ROSE 2019	1000	1	t	0.00	175.00	0.00	7804320746166	16
885	SORVETE MORANGO COM LEITE CONDENSADO	999	1	t	0.00	0.00	0.00	7896513940048	18
980	H2O! PITAYA 500ML	1000	1	t	0.00	6.50	0.00	7892840821999	4
987	TESOURA XZ	1000	1	t	0.00	0.00	0.00	6932335107113	27
1005	BATATA RUFFES CHURRASCO 115G	999	1	t	0.00	17.50	0.00	7892840818142	17
710	PRINGLES CHEDDAR E BACON 104G	1000	1	t	0.00	16.00	0.00	7896004008998	17
1009	LEITE CONDESADO PAULISTA 395G	1000	1	t	0.00	7.90	0.00	7896294901863	24
1296	VINAGRE DE ALCOOL VITALIA	1000	1	t	0.00	3.50	0.00	7896048284631	24
1003	KINDER OVO MENINA 20G	1000	1	t	6.49	10.90	67.95	78940840	25
956	TABACO TABEAR 25G	1000	1	t	0.00	18.90	0.00	798190132754	27
1001	SPRITE 200ML	1000	1	t	0.00	2.50	0.00	78939745	4
969	MOSTARDA QUERO 200G	1000	1	t	0.00	5.50	0.00	7896102509144	24
964	SABÃO MINUANO  800G	1000	1	t	0.00	10.90	0.00	7908324403268	24
947	BATATA PALHA  80G	1000	1	t	0.00	8.00	0.00	7898353390250	17
962	STIKSY 30G	1000	1	t	0.00	3.50	0.00	7892840822538	17
960	DORITOS 76G	998	1	t	0.00	12.00	0.00	7892840822347	17
959	BATATA RUFFLES ORIGINAL 68G	1000	1	t	0.00	10.90	0.00	7892840823054	17
945	TIC TAC MENTA FRESH	1000	1	t	0.00	0.00	0.00	78945494	29
948	SALGADINHO ASSADO CHEEZ IT CHEDDAR	1000	1	t	0.00	0.00	0.00	7896004007021	17
950	SALGADO	1000	1	t	0.00	0.00	0.00		17
951	PIPOCA KISABOR QUEIJO	1000	1	t	0.00	0.00	0.00	7898416527128	24
952	MACARRÃO PETYBON C/OVOS 500G	1000	1	t	0.00	0.00	0.00	7897721410071	24
953	MACARRÃO PETYBON ESPAGUETTI 500G	1000	1	t	0.00	0.00	0.00	7897721410002	24
954	MOLHO DE TOMATE BONARE 300G	1000	1	t	0.00	0.00	0.00	7899659901096	24
955	COQUETEL ALCOOLICO FRUTAS VERMELHAS	1000	1	t	0.00	0.00	0.00	7896273100829	33
957	SORVETE PINTA LÍNGUA 58G	1000	1	t	0.00	0.00	0.00	7896513912779	18
961	BATATA LAYS 70G	1000	1	t	0.00	0.00	0.00	7892840823382	17
963	BISCOITO WAFFWER CHOCOLATE140G	1000	1	t	0.00	0.00	0.00	7891203057075	26
965	AGUA SANITARIA OLIMPO 1L	1000	1	t	0.00	0.00	0.00	7896013100461	24
949	DORITOS 120G	1000	1	t	0.00	15.00	0.00	7892840822446	17
994	BATATA LAYS SOUR CREAM 115G	1000	1	t	0.00	15.00	0.00	7892840823412	17
971	MULTIUSO YPÊ	1000	1	t	0.00	0.00	0.00	7896098900802	24
972	DESINFETANTE YPÊ	1000	1	t	0.00	0.00	0.00	7896098906972	24
973	SORVETE PISTACHE 1,5L	1000	1	t	0.00	0.00	0.00	7896513915299	18
974	SORVETE PASSAS RUM 1,5L	1000	1	t	0.00	0.00	0.00	7896513915251	18
975	SORVETE ABACAXI  1,5L	1000	1	t	0.00	0.00	0.00	7896513915343	18
993	BACONZITOS 86G	996	1	t	0.00	12.99	0.00	7892840822774	17
977	LEITE INTEGRAL ITAMBÉ 400G	1000	1	t	0.00	0.00	0.00	7896294901689	31
978	LEITE INTEGRAL PARMALAT 1L	1000	1	t	0.00	0.00	0.00	7896034610017	31
979	TORTUGUITA AO LEITE AERADO	1000	1	t	0.00	0.00	0.00	7898142865037	26
982	VINHO CHARDONNAY CHILLAN	1000	1	t	0.00	0.00	0.00	7808765762606	16
983	VINHO RESERVA CARBENET SUAVIGNON CHILLAN	1000	1	t	0.00	0.00	0.00	7808765762613	16
988	ESSENCIA ZIGGY RED LEMONADE  50G	1000	1	t	0.00	0.00	0.00	7908479401911	27
989	ESSENCIA ZIGGY MAÇA VERDE 50G	1000	1	t	0.00	0.00	0.00	7908479402192	27
990	DORITOS 32G	1000	1	t	0.00	0.00	0.00	7892840822385	17
991	BACONZITOS 42G	1000	1	t	0.00	0.00	0.00	7892840822798	17
992	CEBOLITOS 91G	1000	1	t	0.00	0.00	0.00	7892840822804	17
995	BATATA LAYS CLASSICA 115G	997	1	t	0.00	15.00	0.00	7892840823405	24
996	STIKSY 76G	1000	1	t	0.00	0.00	0.00	7892840822583	17
998	BATATA RUFFLES CHURRASCO 68G	1000	1	t	0.00	0.00	0.00	7892840823047	24
981	CABERNET SAUVIGNON CHILLAN	1000	1	t	0.00	40.00	0.00	7808765762590	16
1004	TIC TAC MENTA CITRUS MIX	1000	1	t	0.00	0.00	0.00	78946033	29
976	SORVETE MORANGO 1,5L	1000	1	t	20.00	29.90	49.50	7896513915169	18
1011	VINHO COUNTRY WINE 750ML	1000	1	t	0.00	0.00	0.00	7891141011986	16
1012	LAMEN SABOR GALINHA NISSIN	1000	1	t	0.00	0.00	0.00	7891079000212	24
1014	VINHO CHALISE 750ML	1000	1	t	0.00	0.00	0.00	7896023081538	16
1015	CHEETOS 75G	1000	1	t	0.00	0.00	0.00	7892840816636	17
1016	LEITE INTEGRAL QUATA 1L	1000	1	t	0.00	0.00	0.00	7896183202187	31
1017	PAPEL HIGIENICO FAMILIAR SIMPLES	1000	1	t	0.00	0.00	0.00	7908782500059	24
968	MOSTARDA PREDILETA 200G	1000	1	t	0.00	5.00	0.00	7896292300477	24
1200	SPATEN LONGNECK 355ML	984	1	t	0.00	7.50	0.00	7891991297479	5
999	LEITE MOÇA MINI 65G	1000	1	t	0.00	5.00	0.00	7891000340431	23
970	M&M CRISPY	1000	1	t	0.00	5.50	0.00	7896423401066	25
985	FILTRO THE OG	1000	1	t	0.00	8.50	0.00	3565847800055	27
997	RUFFLES CEBOLA & SALSA 33 G	1000	1	t	0.00	5.00	0.00	7892840822958	17
1007	BATATA RUFFES CEBOLA E SALSA 115G	1000	1	t	0.00	17.50	0.00	7892840818159	17
1013	JACK DANIEL'S SINGLE BARREL 750ML	1000	1	t	0.00	350.00	0.00	082184087008	20
1271	MONTILLA 1L	1000	1	t	0.00	50.00	0.00	7891050004208	37
966	LACTA AO LEITE 80G	997	1	t	0.00	9.00	0.00	7622210673831	25
1297	OLEO MARIA	1000	1	t	0.00	8.50	0.00	7896036096437	24
1086	HALLS AZUL  MENTOL	1000	1	t	1.60	3.00	87.50	78938823	29
1021	ALFAJOR NUTELLA 40G	1000	1	t	0.00	0.00	0.00	7898972960247	26
1084	TRIDENT MORANGO	1000	1	t	0.00	3.00	0.00	7895800201503	28
1040	CHEETOS LUA 40G	1000	1	t	0.00	5.00	0.00	7892840821173	17
1068	KIT KAT CARAMELO 35G	1000	1	t	0.00	4.50	0.00	7891000349724	25
1072	BATON MORNAGO 10G	1000	1	t	0.00	2.00	0.00	78936911	25
903	M&M AMENDOIM 45G	1000	1	t	0.00	5.50	0.00	7896423469820	25
1052	CANELINHA DA ROCHA 1L	1000	1	t	0.00	19.00	0.00	7896685200223	30
1055	BATATA PALHA  FINA ELMA CHIPS 100	1000	1	t	0.00	0.00	0.00	7892840820398	24
1067	KIT KAT COOKIE & CREAM 35G	998	1	t	0.00	4.50	0.00	7891000349779	25
1061	LACTA BRANCO OREO	1000	1	t	0.00	9.00	0.00	7622210674357	25
1033	DORITOS 37G	1000	1	t	0.00	5.00	0.00	7892840822408	17
1041	SALGADINHO FANDANGOS SABOR PRESUNTO 105G	999	1	t	0.00	9.99	0.00	7892840822880	17
1070	MORANGUETE 25G	1000	1	t	0.00	1.50	0.00	7896066766560	25
1057	CEBOLITOS 138G	1000	1	t	0.00	16.50	0.00	7892840822941	17
1018	ALFAJOR OVOMALTINE 40G	1000	1	t	0.00	0.00	0.00	7898972960681	26
1019	ALFAJOR GALAK 40G	1000	1	t	0.00	0.00	0.00	7898972960018	26
1083	TRIDENT X SENSES INTENSE	1000	21	t	0.00	3.50	0.00	7622210564290	28
1022	BATATA RUFFES CHURRASCO 32G	1000	1	t	0.00	0.00	0.00	7892840823009	24
1024	BATATA RUFFES  ORIGINAL 32G	1000	1	t	0.00	0.00	0.00	7892840822996	24
1025	PINGO DE OURO 76G	1000	1	t	0.00	0.00	0.00	7892840823078	24
1026	OVINHO DE AMENDOIM BARBECUE 50G	1000	1	t	0.00	0.00	0.00	7892840820084	24
1028	AMENDOIM JAPONES 40G	1000	1	t	0.00	0.00	0.00	7892840815745	24
1029	CHEETOS BOLA 37G	1000	1	t	0.00	0.00	0.00	7892840821203	24
1037	LAYS 35G	1000	1	t	0.00	0.00	0.00	7892840822750	24
1038	LAYS SOUR CREAM 35G	1000	1	t	0.00	0.00	0.00	7892840822767	24
1042	PINGO DE OURO BACON 30G	1000	1	t	0.00	0.00	0.00	7892840822828	17
1043	CHOCOLATE HERSHEIS  BOLO TENTAÇÃO 77G	1000	1	t	0.00	0.00	0.00	7899970403101	25
1044	REDBULL ENERGY DRINK 355ML	1000	1	t	0.00	0.00	0.00	9002490209346	6
1045	TWIX 15G	1000	1	t	0.00	0.00	0.00	7896423424140	25
1046	FOLHA DE  ALUMINIO 7,5	1000	1	t	0.00	0.00	0.00	7898921466318	24
1047	FOLHA DE ALUMINIO 4M	1000	1	t	0.00	0.00	0.00	7898921466271	24
1048	BOLINHO ANA MARIA NAPOLITANO42G	1000	1	t	0.00	0.00	0.00	7896002368230	26
1049	BOLINHO ANA MARIA CHOCOLATE 42G	1000	1	t	0.00	0.00	0.00	7896002362054	26
1050	PAPEL HIGIENICO FAMILIAR FOLHA DUPLA	1000	1	t	0.00	0.00	0.00	7908782500011	24
1051	GUARDANAPO COQUETEL	1000	1	t	0.00	0.00	0.00	7896301800028	24
1053	MELNUTRE 1,230G	1000	1	t	0.00	0.00	0.00	7897711700472	30
1076	SNICKERS MARACUJA	1000	1	t	2.75	4.50	63.64	7896423456561	25
1056	OVINHO DE AMENDOIM BARBECUE 130G	1000	1	t	0.00	0.00	0.00	7892840820091	24
1054	NESCAFE MATINAL 50G	1000	1	t	0.00	0.00	0.00	7891000198414	24
845	CHOCOLATE OREO MILKA 100G	1000	1	t	0.00	15.00	0.00	7622210262202	25
1058	LACTA OURO BRANCO	997	1	t	0.00	9.00	0.00	7622210528216	25
967	LACTA DIAMANTE NEGRO 80G	1000	1	t	0.00	9.00	0.00	7622210674050	25
1063	BIS OREO 100G	1000	1	t	0.00	0.00	0.00	7622300989316	25
1077	SNICKERS DARK 42G	993	1	t	2.75	4.50	63.64	7896423481853	25
432	TRENTO AVELÃ 32G	1000	1	t	1.68	3.00	78.57	7896306612831	25
1066	BIS XTRA BLACK	1000	1	t	0.00	4.50	0.00	7622210566409	25
1207	SKOL BEATS TROPICAL LATA 269ML	1000	1	t	3.50	8.50	142.86	7891991306164	38
1071	STIKADINHO 70G	1000	1	t	0.00	4.50	0.00	7891330012725	25
1073	BATON EXTRA MILK 10G	1000	1	t	0.00	2.00	0.00	78939363	25
1064	BIS XTRA ORIGINAL	999	1	t	0.00	4.50	0.00	7622300988470	25
1060	LACTA BRANCO 80G	999	1	t	0.00	9.00	0.00	7622210674319	25
1080	TRENTO TRUFA DE CHOCOLATE 23G	999	1	t	0.00	3.00	0.00	7896306624964	25
1079	TRENTO SPECIAL BRANCO AVELÃ	1000	1	t	0.00	4.50	0.00	7896306623660	25
1059	LACTA SONHO DE VALSA	996	1	t	0.00	9.00	0.00	7622210528186	25
1075	NUTELLA 140G	999	1	t	0.00	13.00	0.00	7898024395232	23
1031	CHEETOS CRUNHY 78G	1000	1	t	0.00	7.00	0.00	7892840821982	17
1032	CHEETOS MIX CHEDDAR 41G	1000	1	t	0.00	5.00	0.00	7892840821180	17
1030	CHEETOS QUEIJO SUIÇO 41G	1000	1	t	0.00	5.00	0.00	7892840821203	17
1188	PRINGLES SABOR QUEIJO  104G	1000	1	t	0.00	16.00	0.00	7896004006284	17
1074	STIKADINHO 12G	995	1	t	0.55	1.00	81.82	78929340	25
1065	BIS XTRA OREO	997	1	t	0.00	4.50	0.00	7622300988517	25
1069	MORANGUETE 13G	993	1	t	0.00	1.00	0.00	7896066729091	25
1213	COROTE DUELO MELANCIA 500ML	1000	1	t	0.00	5.00	0.00	7896514703178	30
1034	DORITOS SWEET CHILI 75G	1000	1	t	0.00	12.00	0.00	7892840822361	17
1036	DORITOS PIZZA 140G	1000	1	t	0.00	17.50	0.00	7892840820077	17
1020	OREO WANDINHA  90G	998	1	t	0.00	4.50	0.00	7622300873554	26
1094	MENTOS KISS MORANGO 35G	999	1	t	0.00	12.50	0.00	7895144605685	28
1114	CIGARRO ROTHMANS ICE BOOST	1000	1	t	8.75	9.25	5.71	78944473	8
878	SEDA PAPELITO BRANCA	999	1	t	0.00	3.00	0.00	7898950283016	27
1123	SMIRNOFF MELANCIA 998ML	1000	1	t	0.00	60.00	0.00	7893218003726	33
1139	PITEIRA THE OG TAMANHO LARGO	999	1	t	0.00	4.90	0.00	3565847800062	27
1109	NOZÃO DE QUIEJO MATURADO	998	1	t	0.00	4.50	0.00	1231231231232	24
1081	TRIDENT X SENSES BLUEBERY	1000	21	t	0.00	3.50	0.00	7622210564276	28
1142	FILTRO OCB SLIM PREMIUM	999	1	t	0.00	11.50	0.00	30107014	27
1112	CIGARRO ROTHMANS AZUL ORIGINAL	972	1	t	8.05	8.50	5.59	78944541	8
1189	PETIZ SPECIAL AMENDOIM JAPONES	1000	1	t	0.00	3.50	0.00	7896058599053	17
1088	WINSTON PURPLE MINT (ROXO)	1000	1	t	0.00	8.00	0.00	78940093	8
1110	CONE RECHEADO | TRUFADO	998	1	t	0.00	5.00	0.00	000000000	23
1090	FREEGELS 🍒 (VEMELHO)	1000	1	t	1.00	2.50	150.00	7891151039550	29
1089	WINSTON EXOTIC MINT	1000	1	t	0.00	8.00	0.00	78940109	8
1122	EIGHT	999	1	t	0.00	6.50	0.00	78400924	8
1097	CIGARRO LM FIRSTCUT AZUL	993	1	t	6.00	7.00	16.67	78942646	8
1099	MENTOS FRUIT 24G	1000	1	t	0.00	4.00	0.00	7895144297378	28
1106	PALITO DE QUEIJO MATURADO	992	1	t	0.00	4.50	0.00	1234567890005	24
1087	CIGARRO WINSTON VERMELHO CLASSIC	999	1	t	6.25	7.00	12.00	78943353	8
1117	SONHO DE VALSA 20G	999	1	t	0.00	2.00	0.00	78939301	23
1116	PINGO DE LEITE	1000	1	t	0.00	2.50	0.00	7898947980768	23
1098	MENTOS MINT 24G	1000	1	t	0.00	4.00	0.00	7895144297415	28
1100	LUCKY STRIKE DOUBLE ICE	996	1	t	12.00	13.00	8.33	78946187	8
1121	CIGARO GUDANG GARAM MENTA	1000	1	t	0.00	35.00	0.00	78937734	8
1093	CHESTERFIELD TERRAS BRASILEIRAS AZUL	989	1	t	7.00	8.00	14.29	78947214	8
1298	FAROFA PRONTA YOKI	1000	1	t	0.00	10.00	0.00	7891095911486	24
1091	FREEGELS MARACUJÁ (AMARELO)	1000	1	t	1.00	2.50	150.00	7891151039574	29
1102	Mentos Fruit 37G	1000	1	t	0.00	3.00	0.00	7896262304351	28
1141	SEDA GREEN SILK LARGO 44MM	999	1	t	0.00	4.00	0.00	7898712240080	27
1082	TRIDENT TUTTI FRUTTI	1000	1	t	0.00	3.00	0.00	7895800430002	28
1104	LUCKY STRIKE BLUE BLEND	1000	1	t	0.00	7.00	0.00	78923898	8
1108	CIGARRO ROTHMANS PRATA	996	1	t	8.00	8.50	6.25	78944503	8
1096	MENTOS KISS MENTA FORTE 35G	1000	1	t	0.00	12.50	0.00	7895144400341	28
1111	PAÇOQUITA	1000	1	t	0.00	0.50	0.00	7896336005917	23
1103	PAÇOCÃO 90G	990	1	t	0.00	3.25	0.00	7898566410110	23
1133	CIGARRO DE PALHA JACKY PAIOLS	1000	1	t	0.00	24.90	0.00	0735201119885	8
1113	Chichets Hortelã	1000	1	t	0.00	0.50	0.00	78932609	28
1107	CIGARRO DUNHILL AZUL (ANTIGO KENT)	996	1	t	11.25	12.75	13.33	78942929	8
1115	CIGARRO ROTHMANS TROPICAL BOOST	1000	1	t	0.00	8.00	0.00	78940093	8
1119	OURO BRANCO 20G	1000	1	t	0.00	2.00	0.00	78939318	23
1144	SEDA SMOOKING PRATA	999	1	t	0.00	6.50	0.00	84196590	27
1095	CIGARRO CHESTERFIELD ORIGINAL AZUL	985	1	t	8.00	9.00	12.50	78937680	8
1124	CIGARRO CRETEC CHOCOLATE	1000	1	t	0.00	19.00	0.00	78939707	8
1092	HALLS  UVA VERDE	999	1	t	1.60	3.00	87.50	78938861	29
1130	CIGARO PALHA SANTROPEZ TRADICIONAL	1000	1	t	0.00	29.90	0.00	742832903837	8
1128	LICOR 43 CHOCOLATE	1000	1	t	0.00	250.00	0.00	8410221902915	35
1131	CIGARRO PALHA SANTROPEZ UVA	1000	1	t	0.00	29.90	0.00	742832996259	8
1127	LICOR 43 ORIGINAL	1000	1	t	0.00	199.99	0.00	8410221110130	35
1126	BALLENA 750ML	1000	1	t	0.00	199.99	0.00	618231762644	35
1125	AMARULA 750ML	1000	1	t	0.00	149.90	0.00	6001495062508	35
1132	CIGARRO DE PALHA SANTROPEZ MENTA	1000	1	t	0.00	29.90	0.00	742832903844	8
1135	CIGARRO DE PALHA PIRACANJUBA	1000	1	t	0.00	17.00	0.00	7898915505016	8
1136	STOCK CHOCOLATE 720ML	1000	1	t	0.00	60.00	0.00	7891121212006	35
1137	CIGARRO DE PALHA TERRA TOMABADA UVA	1000	1	t	0.00	9.90	0.00	7898957589548	8
583	FILTRO CACHIMBO CHILLIN	1000	1	t	0.00	10.00	0.00	7898659810100	24
1138	FILTRO VAUEN 9MM	1000	1	t	0.00	25.00	0.00	4014856211547	27
1140	SEDA SADHU LARGE 44MM	1000	1	t	0.00	7.00	0.00	7898712240837	27
1129	CIGARRO DE PALHA SANTROPEZ CAFÉ	999	1	t	0.00	29.90	0.00	742832175562	27
1101	MENTOS MINT 37G	998	1	t	0.00	3.00	0.00	7896262304306	28
1105	SALAME ARTESENAL	997	1	t	0.00	5.00	0.00	0000000000	24
1146	PHILLIES TITAN CHOCOLATE (UNIDADE)	1000	1	t	0.00	19.90	0.00	070235103951	27
1147	CHARUTO PHILLIES TITAN COGNAC (UNIDADE)	1000	1	t	0.00	19.90	0.00	070235103968	27
1148	PAPEL AROMATIZADOR MONKEY UVA	1000	1	t	0.00	7.90	0.00	123456	27
1149	PITEIRA DE VIDRO BLACK TRUNK UNIDADE	1000	1	t	0.00	34.00	0.00	04206781	27
1120	CIGARRO GUDANG GARAM	998	1	t	0.00	35.00	0.00	8998989121200	8
1118	CIGARRO GIFT	961	1	t	0.00	5.00	0.00	78410282	8
1160	ESSENCIA ZIGGY YELLOW STARBURST 50G	1000	1	t	0.00	14.50	0.00	7898927097707	27
1161	ESSENCIA ZIGGY MORANGO E LARANJA 50G	1000	1	t	0.00	14.50	0.00	7908479402130	27
1163	3 CARVÃO DE NAGUILLE (UNIDADE) 1 por 2$ e 3 por 5$	1000	1	t	0.00	5.00	0.00	699854	27
107	TRIDENT MELANCIA	997	21	t	0.00	3.50	0.00	7895800309780	28
1167	TABACO PARA FUMO VIRGINIA BLEND 35G	1000	1	t	0.00	27.50	0.00	7898956381167	27
1169	TABACO PARA FUMO GOLDEN VIRGINIA 35G	1000	1	t	0.00	26.90	0.00	7898994389811	27
1180	PAPEL HIGIENICO FOLHA DUPLA MAX PURE	1000	1	t	0.00	8.90	0.00	7898962794050	24
1150	DICHAVADOR HOLOGRAFICO METAL	1000	1	t	0.00	72.00	0.00	609963921317	27
1151	TESOURA OCULOS	1000	1	t	0.00	0.00	0.00	609963918478	27
1152	TESOURA TRADICIONAL	1000	1	t	0.00	11.50	0.00	1234567	27
1154	CINZEIRO DIVERSAS ESTAMPAS	1000	1	t	0.00	13.90	0.00	545687	27
1155	TOOBECK PORTA CIGARRO SADHU	999	12	t	0.00	7.50	0.00	7898712240899	27
1156	CUIA SOLTA PEQEUNA E GRANDE	1000	1	t	0.00	14.90	0.00	987513645	27
355	CABARE ICE SABOR FRUTAS VERMELHAS 275ML	1000	1	t	0.00	8.50	0.00	7897395000509	38
1214	COQUETEL DO BARRIL FRUTAS VERMELHAS  500ML	1000	1	t	0.00	5.00	0.00	7896273100829	30
1249	PERGOLA VINHO TINTO SUAVE	1000	1	t	0.00	30.00	0.00	7896855901417	16
1159	MINI MAQUINA PARA ENROLAR CIGARROS HIMALAYA SPLIFF	1000	1	t	0.00	16.90	0.00	609963918829	27
822	ASKOV FUN FRUTAS VERMELHAS 500ML	999	1	t	0.00	8.50	0.00	7896092504860	33
1220	NUSAKINHO CHOCOLATE AO LEITE 500ML	1000	1	t	0.00	18.00	0.00	000020161264	38
1162	ESSENCIA ZIGGY YORGURT 50G	1000	1	t	0.00	14.50	0.00	7908479402109	27
1157	CUIA SADHU MINI	1000	1	t	0.00	24.99	0.00	7898712240684	27
1153	SLICK SADHU (RESERVATORIO DE SILICONE)	1000	1	t	0.00	17.50	0.00	1345	27
1164	ISQUEIRO BIC GRANDE ESTAMPADO	1000	1	t	0.00	7.50	0.00	070330662476	24
1224	ASKOV FUN GIN COM MELANCIA	1000	1	t	0.00	8.50	0.00	7896092505492	38
1165	TABACO RAINBOW 25G	1000	1	t	0.00	21.50	0.00	7898956381105	27
1174	CREME DENTAL ORAL B	1000	1	t	0.00	4.00	0.00	7506339363883	24
1166	TABACO PARA FUMO DUBLIN 25G	1000	1	t	0.00	21.50	0.00	7898952050104	27
1201	DRAFT PESSEGO 600ML	1000	1	t	0.00	12.50	0.00	7896494209615	16
1226	RUFFLES TRADICIONAL 115G	1000	1	t	0.00	17.50	0.00	7892840817978	17
1170	TAABACO PARA FUMO ORIGINAL BR 25G	1000	1	t	0.00	18.90	0.00	07981901912256	27
1039	LAYS SENSAÇÃO 40G	1000	1	t	0.00	7.50	0.00	7892840820244	17
1171	TABACO PARA FUMO SASSO TABACCOS 25G	1000	1	t	0.00	22.90	0.00	7898994462019	27
459	MAÇO CIGARRO MARLBORO GOLD	996	1	t	0.00	11.25	0.00	78900073	8
1228	JACK DANIEL'S  200ML	1000	1	t	0.00	55.00	0.00	82184090527	20
1173	SABAO EM PO OMO 400G	1000	1	t	0.00	14.90	0.00	7891150065284	24
1230	JACK DANIEL'S HONEY 1L	1000	1	t	0.00	190.00	0.00	082184000328	20
1232	JACK DANIEL'S APPLE 1L	1000	1	t	0.00	190.00	0.00	82184004364	20
1175	SABONETE FRANCIS ORQUIDEA 85G	1000	1	t	0.00	2.99	0.00	7891176117462	24
818	JIM BEAM BLACK EXTRA AGED BOURBON 1L	1000	1	t	0.00	200.00	0.00	080686003205	20
1176	SABONETE FRANCIS ALFAZEMA 85G	1000	1	t	0.00	2.99	0.00	7891176117516	24
1235	PASSPORT SCOTCH 1L	1000	1	t	0.00	70.00	0.00	7891050000101	20
1239	CACHAÇA SELETA 1L	1000	1	t	0.00	60.00	0.00	7898010861246	30
1241	BAIANINHA MARACUJA 900ML	1000	1	t	0.00	16.00	0.00	7896092501340	38
1243	BAIANINHA COCO 900ML	1000	1	t	0.00	16.00	0.00	7896092505072	38
1245	CABARE AMBURANA 700ML	1000	1	t	0.00	40.00	0.00	7898377661954	30
73	VINHO SUAVE CANTINA DE PRATA 970ML	1000	1	t	10.50	18.00	71.43	7898540511611	16
1172	TABACO PARA FUMO CHOCOLATE MARLEY	1000	1	t	0.00	12.50	0.00	7898994709855	27
1312	CAFÉ 250G	1000	1	t	0.00	12.50	0.00	7891018427582	24
1247	SANTOMÉ SECO 1L	1000	1	t	0.00	22.00	0.00	7896403900022	16
1319	SUFLAIR 80G	1000	1	t	5.99	9.75	62.77	7891000329856	25
889	GIN TONIC TANQUERAY 269ML	999	1	t	0.00	18.00	0.00	7893218003931	34
1168	TABACO PARA FUMO AMSTERDAM 25G	1000	1	t	0.00	19.90	0.00	7898952050050	27
1158	MAQUINA PARA ENROLAR CIGARROS HIMALAYA SPLIFF	1000	1	t	0.00	19.90	0.00	609963918805	27
394	GELO AMERICANO DE COCO	993	1	t	0.00	3.00	0.00	7898946674828	24
1216	SALGADOS	923	1	t	0.00	7.00	0.00	0000000	32
419	GUARANÁ ANTARTICA 350ML	1000	1	t	0.00	0.00	0.00	7891991000826	4
372	SKOL BEATS MINT SABOR MOSCOW MULE	1000	1	t	0.00	0.00	0.00	7891991300841	38
473	CERVEJA ENSEBAHN SESSION IPA 355 ML	1000	1	t	0.00	0.00	0.00	7898367984254	5
1177	SABONETE FRANCIS GARDENIA 85G	999	1	t	0.00	2.99	0.00	7891176117486	24
1299	FARINHA DE TRIGO PALOMA	1000	1	t	0.00	5.00	0.00	7896425400272	24
562	MARGARINA QUALY 500G	1000	1	t	0.00	0.00	0.00	7893000394209	21
1190	PETIZ AMENDOIM PIMENTA VERMELHA	996	1	t	0.00	4.00	0.00	7896058593150	17
543	PRINGLES CREME E CEBOLA 104G	998	1	t	0.00	16.00	0.00	7896004006239	17
381	JAMESON IRISH WHISKY 750ML	1000	1	t	0.00	150.00	0.00	5011007003029	20
1367	LACTA CHOCOLATE AO LEITE 34G	999	1	t	0.00	4.50	0.00	7622210573384	25
1274	BEEFETER 24 750ML	1000	1	t	0.00	240.00	0.00	089540507583	34
1279	TRAKINAS MEIO MEIO MORANGO	1000	1	t	2.69	4.00	48.70	7622210592637	26
917	CHÁ MATE LEÃO LIMÃO 1,5L	1000	1	t	0.00	0.00	0.00	7891098040589	4
1272	SPATEN 600ML	998	1	t	0.00	12.50	0.00	7891991297547	5
1352	IT! LARANJA 2L	1000	1	t	0.00	6.50	0.00	7897395030216	4
1334	DEL VALLE MARACUJA 350ML	997	1	t	0.00	5.00	0.00	7894900660302	2
1324	CHA LEÃO HORTELÃ 16G	999	1	t	0.00	5.00	0.00	7891098000170	24
840	FANDANGOS SABOR PRESUNTO 160G	1000	1	t	0.00	16.50	0.00	7892840822903	17
1330	GUARANA ANTARTICA 200ML	994	1	t	0.00	2.50	0.00	7891991014908	4
1369	SALGADO FUNCIONARIO	908	1	t	3.50	6.00	71.43	789456	32
1355	AGUA FRESCCA 500ML	999	1	t	0.80	2.00	150.00	7898386200083	3
767	VEUVE CLIC QUOT BRUT 750ML	1000	1	t	0.00	0.00	0.00	3049610004104	16
1378	COCA COLA ZERO RETORNAVEL 2L (SEM VASILHAME)	1000	1	t	0.00	8.50	0.00	1378	4
1375	COCA COLA 1L RETORNAVEL (SEM VIDRO)	1000	1	t	0.00	10.00	0.00	74123	4
1316	PEPSI BLACK 350ML	999	1	t	0.00	4.00	0.00	7892840813505	4
1358	H2O! LIMONETO 1,5L	999	1	t	0.00	10.00	0.00	7892840812874	4
1253	FOFURA REQUEIJÃO	999	1	t	0.00	3.50	0.00	7892840823221	17
1353	H2O! LIMONETO 500ML	1000	1	t	3.99	6.50	62.91	7892840812850	4
909	PEPSI 1,5L	1000	1	t	0.00	8.00	0.00	7892840812386	4
958	BATATA RUFFLES CEBOLA E SALSA 68G	999	1	t	0.00	10.00	0.00	7892840823030	17
1363	ROTHMANS TROPICAL BOOST	999	1	t	8.75	9.25	5.71	78946354	8
1275	TODDYNHO 200ML	990	1	t	0.00	4.00	0.00	7894321722016	24
1360	BALY TRADICIONAL 2L	999	1	t	7.49	13.90	85.58	7898080662668	6
1267	SUFLALIR 50G	1000	1	t	3.50	5.50	57.14	7891000107836	25
1278	TRAKINAS TORTA DE LIMÃO	1000	1	t	2.69	4.00	48.70	7622210573933	26
1250	BISCOITO DE POLVILHO 70G	999	1	t	2.00	4.00	100.00	7898171341090	17
1276	ITUBAINA LONGNECK 355ML	998	1	t	3.00	5.00	66.67	7896000593979	4
776	ESSENCIA ZIGGY GRAPESTARBUST 50G	1000	1	t	0.00	14.50	0.00	7908479402116	27
867	SEDA SADHU EVENING ROLL	1000	1	t	0.00	7.00	0.00	7898712240837	27
935	VINHO SANTA COLINA CARBENET SUAVIGNON  7	1000	1	t	0.00	0.00	0.00	7896100501515	16
1300	QUEIJO RALADO  IPANEMA	1000	1	t	0.00	6.50	0.00	7896114101916	24
1023	BATATA RUFFES CEBOLA E SALSA32G	1000	1	t	0.00	0.00	0.00	7892840822989	24
1252	FOFURA QUEIJO	1000	1	t	0.00	3.50	0.00	7892840823214	17
1373	COCA COLA RETORNAVEL 1L (COM VIDRO)	987	1	t	0.00	7.50	0.00	7894900015119	4
1332	FANTA LARANJA 350ML	998	1	t	0.00	4.00	0.00	7894900030013	4
1255	MOSCATO SPRITZER	1000	1	t	0.00	40.00	0.00	7804320755205	16
1256	SANTA HELENA CARBERNET SAUVIGNON	1000	1	t	0.00	55.00	0.00	7804300003234	16
1257	LAMBRUSCO ROSSO DELL'EMILIA	1000	1	t	0.00	46.00	0.00	8000942084795	16
1258	DOBER MARACUJA	1000	1	t	0.00	25.00	0.00	7896711106253	34
1259	DOBER WHISKY & APPLE	1000	1	t	0.00	30.00	0.00	7896711105751	20
1260	DOBER MELANCIA	1000	1	t	0.00	25.00	0.00	7896711106215	34
1263	ETERNITY PESSEGO E FRAMBOESA 900ML	1000	1	t	0.00	30.00	0.00	7898422679514	34
1264	ETERNITY TROPICAL	1000	1	t	0.00	30.00	0.00	7898422679224	34
1265	ETERNITY MAÇA VERDE 900ML	1000	1	t	0.00	30.00	0.00	7898422679392	34
322	ÁGUA BUONA VITA COM GÁS  510ML	996	1	t	0.89	2.50	180.90	7898641870648	2
1337	DEL VALLE GOIABA 350ML	999	1	t	0.00	5.00	0.00	7894900660265	2
683	CIGARRO LUCK STRIKE VERMELHO PATTERSON	1000	1	t	6.00	7.00	16.67	78946392	8
1277	COCA-COLA ZERO 200ML	996	1	t	1.49	3.00	101.34	78933873	4
1327	FARINHA DE ROSCA HIRAKI 500G	1000	1	t	0.00	10.00	0.00	7891965120253	24
1273	STELLA ARTOIS 600ML	1000	1	t	0.00	13.00	0.00	7891991295109	5
1371	COCA COLA RETORNAVEL 2L (SEM VASILHAME)	999	1	t	7.14	12.00	68.07	1371	4
1254	FOFURA CEBOL.A	998	1	t	0.00	3.50	0.00	7892840823177	17
760	AGUA CRYSTAL 1,5L	1000	1	t	0.00	3.50	0.00	7894900530032	3
1339	SU-FRESH CAJU 1L	1000	1	t	0.00	7.00	0.00	7898377661770	2
1342	SU-FRESH UVA 1L	1000	1	t	0.00	7.00	0.00	7898192035008	2
238	LEITE CONDENSADO PIRACANJUBA	995	1	t	0.00	7.99	0.00	7898215152002	24
1345	GUARANA ANTARTICA ZERO  2L	1000	1	t	0.00	10.00	0.00	7891991001373	4
1349	IT! LEMON 2L	1000	1	t	0.00	6.50	0.00	7898377662449	4
1361	MAÇO CAMEL COMPACT AMARELO	998	1	t	9.75	12.50	28.21	78941267	8
311	IMPERIO 269ml	844	1	t	0.00	3.00	0.00	7898915949216	5
1270	CATUABA  900ML	999	1	t	0.00	18.50	0.00	7896336810740	38
1365	LAKA CHOCOLATE BRANCO 34G	1000	1	t	0.00	4.50	0.00	7622210573353	25
1268	CANELINHA 275ML	1000	1	t	0.00	8.50	0.00	7896685201077	38
1262	ETERNITY MELANCIA 900ML	999	1	t	0.00	30.00	0.00	7898422678272	34
1143	PITEIRA PAPELITO COM SEDA	999	1	t	0.00	7.50	0.00	7898950283092	27
1282	BONO LIMÃO	1000	1	t	0.00	4.00	0.00	7891000376881	26
1380	MOLHO DE TOMATE FUGINI 300G	1000	1	t	0.00	3.00	0.00	7897517206086	24
1348	IT! LEMON ICE 2L	1000	1	t	0.00	6.50	0.00	7897395030414	4
1313	LEITE ITALAC ZERO LACTOSE 1L	1000	1	t	0.00	8.25	0.00	7898080640932	31
1382	FRANGELICO 700ML	1000	1	t	90.00	150.00	66.67	8004160660304	35
1322	CHA LEÃO CAPIM-CIDREIRA 16G	1000	1	t	0.00	5.00	0.00	7891098000156	24
1393	ABSOLUT MANGO 750ML	1000	1	t	0.00	135.00	0.00	7312040180752	33
1008	CREME DE LEITE JUSSARA 200G	998	1	t	0.00	4.50	0.00	7896283800245	24
1407	PASSATEMPO MORANGO	1000	1	t	0.00	3.50	0.00	7891000241295	26
1354	H2O! CITRUS 500ML	1000	1	t	0.00	6.50	0.00	7892840812737	4
1391	GELO AMERICANO DE LIMÃO	1000	1	t	0.00	3.00	0.00	7898946674835	24
1372	CIGARRO ESPECIAL	955	1	t	0.00	2.00	0.00	789	8
1325	CHA LEÃO CAMOMILA 16G	999	1	t	0.00	5.00	0.00	7891098000163	24
1400	PORÇÃO DE FRITAS COM CALABRESA	1000	1	t	0.00	30.00	0.00	1400	40
1396	GIN GORDONS PREMIUM PINK	1000	1	t	0.00	99.90	0.00	5000289929417	34
1389	CIGARRO DE PALHA LOVE 66	1000	1	t	0.00	32.00	0.00	602883773530	8
1395	GIN ROCKS TRADICIONAL 1 LITRO	998	1	t	0.00	41.90	0.00	7896037916123	34
1356	AGUA COM GAS BIOLEVE 1,5L	997	1	t	0.00	4.50	0.00	7896843200867	3
1346	GUARANA ANTARTICA 2L	1000	1	t	0.00	12.00	0.00	7891991001342	4
1333	GUARANA ANTARTICA 350ML	1000	1	t	0.00	4.00	0.00	123456789	4
1399	MARMITEX PEQUENO FRANGO	997	1	t	0.00	23.00	0.00	1399	\N
1078	SNICKERS PÉ DE MOLOQUE 42G	995	1	t	2.75	4.50	63.64	7896423497984	25
1404	IMPERIO LAGER PROMOCAO	1000	1	t	0.00	5.39	0.00	1404	5
1366	DIAMANTE NEGRO 34G	1000	1	t	3.00	4.50	50.00	7622210573322	25
1402	DOSE DOMEQ	918	1	t	0.00	10.00	0.00	1402	41
1085	MAÇO CAMEL COMPACT	999	1	t	0.00	8.00	0.00	78943537	8
1317	PEPSI 350ML	994	1	t	0.00	4.00	0.00	7892840800079	4
1199	PETRA MALZBIER LONGNECK 330ML	1000	1	t	0.00	7.00	0.00	07897395001063	5
1000	GAROTO CHOCOTRIO BONO 90G	1000	1	t	0.00	8.00	0.00	7891000395509	25
1280	BONO CHOCOLATE	1000	1	t	0.00	4.00	0.00	7891000376843	26
1301	SAL GROSSO LEBRE 1KG	1000	1	t	0.00	4.00	0.00	7896110100814	24
1284	MAIZENA TRIUNFO	1000	1	t	0.00	5.00	0.00	7896058259100	26
1281	BONO MORANGO	1000	1	t	0.00	4.00	0.00	7891000376959	26
1283	TORRADA VISCONTI	1000	1	t	0.00	5.00	0.00	7891962052564	24
1285	AGUA E SAL TRIUNFO	1000	1	t	0.00	5.00	0.00	7896058258721	24
1328	PEPSI 200ML	991	1	t	0.00	2.50	0.00	7892840800567	4
11	BALY MELANCIA 2L	998	1	t	7.49	13.90	85.58	7898080664389	6
1347	PEPSI BLACK 1L	1000	1	t	0.00	6.50	0.00	7892840821043	4
72	MAGUARY MARACUJÁ 1L	1000	1	t	4.79	7.50	56.58	7896000530363	2
1340	SU-FRESH MORANGO 1L	1000	1	t	0.00	7.00	0.00	7898192030485	2
1343	GUARANA ANTARTICA ZERO 1,5L	1000	1	t	0.00	8.00	0.00	7891991008785	4
1370	COCA COLA RETORNAVEL 2l	974	1	t	5.00	8.00	60.00	7894900014211	4
1405	PRATO EXECUTIVO	990	1	t	0.00	25.00	0.00	1405	\N
1359	H2O! CITRUS 1,5L	1000	1	t	7.00	10.00	42.86	7892840812751	4
1390	COCA COLA DE VIDRO 250ML	999	1	t	0.00	4.00	0.00	78912908	4
1364	MAÇO ROTHMANS RED SERIES	1000	1	t	0.00	8.00	0.00	78909670	8
1351	IT  GUARANA 2L	1000	1	t	0.00	6.50	0.00	7898377662425	4
1381	FANDANGOS QUEIJO 160G	999	1	t	7.60	16.50	117.11	7892840822910	17
1286	MILHO PARA PIPOCA KISABOR	1000	1	t	0.00	8.00	0.00	7898416520563	24
1383	JAGERMEISTER	1000	1	t	105.00	155.00	47.62	4067700015044	35
1384	TEQUILA JOSE CUERVO	1000	1	t	100.00	160.00	60.00	7501035042322	22
1385	TEQUILA JOSE CUERVO ESPECIAL	1000	1	t	100.00	160.00	60.00	7501035010109	22
1394	ABSOLUT VANILIA 750ML	999	1	t	0.00	135.00	0.00	7312040350117	33
1374	PÃO DE QUEIJO	1000	1	t	0.00	5.00	0.00	255	32
1379	FLANELA	1000	1	t	0.00	2.00	0.00	1379	4
1320	CORONA ZERO 330ML	1000	1	t	6.49	9.90	52.54	7891991304184	5
1335	DEL VALLE PESSEGO 350ML	1000	1	t	0.00	5.50	0.00	7894900660319	2
1392	ASKOV BLUEBERRY 900ML	1000	1	t	10.42	16.90	62.19	7896092503559	38
1386	ROTHMANS PURPLE BOOST	997	1	t	8.75	9.25	5.71	78944466	8
1406	SMOKING BROWN SEDA	1000	1	t	0.00	6.50	0.00	8414775013547	27
1408	M&M CHOCOLATE 45G	1000	1	t	0.00	5.50	0.00	7896423470697	25
1411	BAUDUCCO CHOCOLATE 104G	1000	1	t	3.49	5.50	57.59	7891962050072	24
1412	COCA COLA OREO 310ML	1000	1	t	3.49	5.50	57.59	7894900029505	4
480	TORCIDA SABOR QUEIJO	999	1	t	0.00	3.50	0.00	7892840822644	17
1376	COCA COLA ZERO RETORNAVEL 2L (COM VASILHAME)	993	1	t	0.00	8.50	0.00	7894900704211	4
1362	MAÇO ROTHMANS RED	992	1	t	8.05	8.50	5.59	78944497	8
1430	TANQUERAY 750ML	999	1	t	94.00	149.00	58.51	5000291020706	34
1419	KINDER OVO MENINO 20G	1000	1	t	6.49	10.90	67.95	78940833	25
1261	ETERNITY TRADICIONAL 900ML	999	1	t	0.00	30.00	0.00	7898422671037	34
1431	ROCKS MELANCIA 1L	1000	1	t	28.00	42.00	50.00	7896037918899	34
1437	Chevete	998	1	t	10.00	10.00	0.00	7898307573043	38
1433	COCA COLA CAFÉ 220ML	1000	1	t	0.00	3.50	0.00	7894900025019	4
1456	CHEETOS REQUEIJÃO40G	998	1	t	0.00	4.00	0.00	7892840822309	17
1428	CHICLETE	1000	1	t	0.00	0.25	0.00	1428	28
1450	CUP NOODLES TERIYAKI	1000	4	t	0.00	7.50	0.00	7891079013045	24
1465	PITEIRA THE OG XL	10000	24	t	0.00	5.00	0.00	1465	27
1451	GAROTO CASTANHA DE CAJU	1000	6	t	4.50	8.00	77.78	7891008124170	25
1449	DEL VALLE UVA 290ML	1000	4	t	0.00	5.50	0.00	7894900660333	2
1453	TODDY 200G	1000	2	t	0.00	7.00	0.00	7894321711171	24
1454	RUFFLES CEBOLA 167G	1000	6	t	0.00	20.00	0.00	7892840254841	17
1455	RUFFLES ORIGINAL 167G	998	4	t	0.00	20.00	0.00	7892840253646	17
1438	Original 269 ml	1000	1	t	3.75	3.75	0.00	66669997	5
1442	TRENTO MASSIMO MORANGO	999	16	t	1.68	3.00	78.57	7896306623141	25
554	AMENDOIM COBERTO SABOR CEBOLA & SALSA	1000	1	t	0.00	3.50	0.00	7897115108010	17
1062	CAIXA DE BOMBOM SONHO DE VALSE & OURO BRANCO	1000	1	t	0.00	16.00	0.00	7622210568601	25
1410	BAUDUCCO GOIABA 112G	1000	1	t	3.49	5.50	57.59	7891962050065	24
1414	PORÇAO DE MARISCO PEQUENA	1000	1	t	0.00	20.00	0.00	1414	40
1417	PORÇÃO FRITAS GRANDE	1000	1	t	0.00	40.00	0.00	1417	40
1416	salgado	998	1	t	0.00	7.00	0.00	000001	\N
1429	SKOL G1	809	1	t	0.00	3.90	0.00	1429	5
1426	Marmita funcionario	992	1	t	0.00	12.00	0.00	1426	21
1413	PAO DE QUEIJO	999	1	t	0.00	5.00	0.00	1413	\N
1452	GAROTO CROCANTE	999	6	t	4.49	8.00	78.17	7891008124071	25
1466	SEDA ORGULHO	9999	25	t	0.00	3.00	0.00	7908346226104	27
1415	FIVESTAR	1000	1	t	0.00	3.00	0.00	7622210411501	\N
1421	DOSE JM	998	1	t	0.00	7.00	0.00	999	41
1439	BUDWEISER 300ML	997	1	t	0.00	5.25	0.00	7891991304986	5
1446	AMENDUPÃ AMENDOIM JAPONÊS	999	6	t	1.99	4.00	101.01	7897115100724	24
1445	FRUIT-TELLA CARAMELO 41G	999	16	t	1.93	3.50	81.35	7895144025117	29
1435	PORÇÃO MARISCO G	997	1	t	15.00	40.00	166.67	1435	40
1443	PIPOCA DOCE PIPA	1000	10	t	1.15	2.50	117.39	7898934546090	24
1444	FRUIT-TELLA MORANGO 41G	1000	16	t	1.93	3.50	81.35	7895144028019	29
1418	ÁGUA DE COCO QUADRADO 200ML	998	1	t	1.79	3.00	67.60	751320333650	3
1440	PIRULITO LOL	999	1	t	0.00	2.00	0.00	7898681350865	23
1447	TRENTO TORTA DE MAÇA	1000	16	t	1.68	3.00	78.57	7896306623226	25
1448	Pespi Black 1,5 litros	210	215	f	7.90	7.90	0.00	7892840820664	4
1459	TANQUERAY 275ML	1000	4	t	17.18	26.00	51.34	7893218003757	34
1461	BALLANTINES FINEST 750ML	1000	1	t	50.00	112.00	124.00	5010106111451	20
1463	LICOR 43 ORIGINAL EDIÇÃO LIMITADA	100	1	t	130.00	199.90	53.77	8410221110150	35
1467	FILTRO BEM BOLADO	1000	12	t	0.00	13.50	0.00	742832800198	27
1464	PORTA BIC	1000	12	t	0.00	19.50	0.00	1464	27
1460	CAMPARI 1L	1000	2	t	46.00	74.50	61.96	7896010006315	30
1468	TRITURADOR BOB MAX	6	1	t	0.00	14.50	0.00	1468	27
1469	BAUDUCCO BARINHA CHOCOLATE 25G	1000	36	t	1.99	2.00	0.50	7891962007366	26
1470	BAUDUCCO BARRINHA GOIABA	1000	32	t	1.09	1.99	82.57	7891962003894	26
1471	ROTHMANS SILVER	1000	2	t	0.00	7.50	0.00	78902596	8
1472	MAÇO DE CIGARRO MARLBORO GOLD SELECTION	200	200	t	10.00	10.00	0.00	1472	8
1474	GELO PARA CERVEJA	499	1	t	0.00	3.00	0.00	7898970731184	5
1475	MACARRAO PENNE	100	1	t	0.00	5.50	0.00	7896005281710	21
1476	MENTOS	100	1	t	0.00	3.50	0.00	7895144603063	28
1477	VALE	100	1	t	0.00	50.00	0.00	1477	21
589	STELLA ARTOIS PURE GOLD 330ML	995	1	t	5.65	8.90	57.52	7891991304870	5
1434	PORÇÃO DE MARISCO P	1000	1	t	0.00	20.00	0.00	1434	40
1457	CHEETOS36G	99	1	t	0.00	4.00	0.00	7892840822293	17
1458	OVINHO 145G	1000	4	t	6.50	10.00	53.85	7892840821470	17
1425	ITAIPAVA MALZBIER 330ML	999	1	t	0.00	7.50	0.00	7897395000943	5
1420	DOSE GIN	997	1	t	0.00	15.00	0.00	1420	41
1441	TRENTO BANOFFEE	997	16	t	1.68	3.00	78.57	7896306625169	25
1423	CUP NOODLES GALINHA CAIPIRA	999	1	t	0.00	7.50	0.00	7891079013038	24
1432	AGUA MONTE CARLO 500ML	997	1	t	0.79	2.00	153.16	7898996362508	3
1473	FRANGO ASSADO	994	1	t	0.00	42.00	0.00	1473	24
596	BISCOITO WAFER BAUDUCCO TRIPLO 140G	998	1	t	0.00	5.50	0.00	7891962037028	26
1501	PORCAO FRITAS E CARNE	999	10	t	0.00	48.00	0.00	0102	\N
1543	KIBON FRUITARE COCO	999	24	t	0.00	7.50	0.00	7891075020023	18
1483	SUCO DEL VALLE 1,5L	100	1	t	0.00	7.50	0.00	7894900550061	2
1484	PIRULITO UN	100	1	t	0.00	0.50	0.00	1484	28
1545	KIBON FRUITARE LIMÃO	997	24	t	0.00	7.50	0.00	7891075010161	18
1486	ISQUEIRO BARATO	99	1	t	0.00	2.00	0.00	1	21
1491	LOBITOS CEBOLA 40G	1000	10	t	0.00	3.00	0.00	1491	\N
1492	LOBITOS CEBOLA 40G,	999	10	t	0.00	3.00	0.00	7896499902627	17
1493	FRUIT - TELLA DOCE DE LEITE	1000	24	t	0.00	3.50	0.00	7895144025117	\N
1495	SPRITE FRESH LEMON 1,5L	9997	6	t	5.21	8.50	63.15	7894900680522	4
1507	ERVILHA 170g	19	1	t	0.00	4.90	0.00	7898902299379	21
1498	PRESTIGIO DARK	50	1	t	0.00	3.50	0.00	7891000118580	25
1541	CORNETTO CROCANTE 60G	999	24	t	0.00	11.00	0.00	7891150051973	18
1512	OUSADIA MORANGO 350 ML	100	1	t	0.00	6.90	0.00	7896336810467	38
1514	OUSADIA BLUEBERRY 350ML	100	1	t	0.00	6.90	0.00	7896336810429	38
1530	MONSTER ULTRA PEACHY	1000	2	t	7.39	12.00	62.38	7898938890090	6
1515	OUSADIA MELANCIA 350ML	100	1	t	0.00	6.90	0.00	7896336810450	38
1505	QUEIJO	1000	10	t	0.00	5.00	0.00	1505	\N
1516	OUSADIA PEDACINHO DO CÉU 350ML	100	1	t	0.00	6.90	0.00	7896336810474	38
1504	PETRA350ML	996	10	t	0.00	4.00	0.00	1504	\N
1485	MONSTER ZERO	98	1	t	0.00	11.90	0.00	7898938890076	6
1497	GUDANG SOLTO	779	1	t	0.00	2.00	0.00	1497	8
1508	ESTRELLA GALICIA ZERO 330ML	50	1	t	3.96	7.00	76.77	8412598000478	5
1538	NATUREL LARANJA 300ML	998	16	t	4.85	7.90	62.89	7897026000427	2
1522	BOLO ANA MARIA	9999	5	t	0.00	4.95	0.00	7896002311847	26
1488	FANDANGOS QUEIJO 37G	1	0	t	0.00	2.99	0.00	7892840821159	\N
1480	SORVETE	9	1	t	0.00	29.90	0.00	1480	21
1478	CUPIM KG	99	1	t	0.00	59.90	0.00	1478	21
1481	BOLSA	3	1	t	0.00	55.00	0.00	1481	21
1523	PORÇÃO FRITAS P	999	100	t	0.00	20.00	0.00	1523	40
1489	FINE	16	0	t	0.00	1.50	0.00	7898591459511	\N
1520	creme de leite paulista 200g	998	3	t	3.05	4.95	62.30	7896294901825	24
1533	NESCAU 270ML	995	3	t	4.37	8.50	94.51	7891000101926	24
1518	MICHELOR ULTRA 330MOL	1000	3	t	0.00	7.90	0.00	7891991299619	5
1427	HERSHEYS COOKIE AND CHOCOLATE	1000	1	t	4.49	7.90	75.95	7899970402869	25
1499	BOMBAY SAPHIRE	1000	2	t	80.00	125.00	56.25	5010677715003	34
1532	ALPINO 280ML	1000	3	t	4.37	8.50	94.51	7891000067048	24
1502	DOSE RED LABEL	93	1	t	0.00	30.00	0.00	1502	41
1539	SENHORA LARANJA + MANGA 1,5L	1000	12	t	16.50	25.50	54.55	7897026001271	2
1524	BISCOITO MAIZENA BAUDUCCO 170G	50	1	t	0.00	4.99	0.00	7891962032450	26
1536	PORÇÃO BATATA MEDIA	996	10	t	0.00	30.00	0.00	1536	40
1500	DOSE SANTA 50ML	99	1	t	0.00	5.00	0.00	1500	41
1526	KASKAO CROSH	50	1	t	0.00	9.00	0.00	7896513912977	21
1540	NATURAL JUICE PINK LEMONADE 900ML	1000	10	t	11.60	18.00	55.17	619205997864	2
1528	SPRITE FRESH 500ML	999	1	t	0.00	5.00	0.00	7894900680508	4
1550	MAGNUM BRANCO 69G	1000	24	t	0.00	16.00	0.00	7891150023093	18
1549	KIBON ESKI-BON	999	24	t	0.00	8.00	0.00	7891075080218	18
1519	oleo liza 900 ml	995	3	t	0.00	9.50	0.00	7896036090244	24
1529	DOSE 51 OURO	47	1	t	0.00	8.00	0.00	1529	41
1525	EMPADINHA	99	1	t	0.00	8.00	0.00	1525	32
1517	combo gin	998	10	t	0.00	49.90	0.00	1517	34
1510	REMOVI	996	10	t	1.00	10.00	900.00	7891991301114	\N
1521	BIS XTRA BRANCO 45G	997	24	t	2.68	4.50	67.91	7622210534576	25
1534	NISSAN LAMEN  GALINHA CAIPIRA	997	1	t	0.00	4.00	0.00	7891079000229	24
1527	+MU ACHOCOLATADO	49	1	t	0.00	4.50	0.00	736532573964	31
1511	CHOCOTRIO NEGRESCO GAROTO 90G	49	1	t	0.00	8.90	0.00	7891000395417	25
1537	MASK BROWNIE 85g	999	1	t	0.00	15.50	0.00	7896513912687	18
1503	Pedra 90	98	1	t	0.00	6.00	0.00	789110000500	30
1479	BISNAGUINHA	98	1	t	0.00	5.99	0.00	1479	21
1542	KIBON BRIGADEIRO 52G	991	24	t	0.00	10.00	0.00	7891075403192	18
1490	ACREMA BLEND 20G	999	10	t	13.00	21.50	65.38	7898634870129	27
1509	TRENTO CHOCOLATE 29G	995	1000	f	1.68	4.00	138.10	7896306625237	25
1531	NESCAFE 270ML	999	3	t	5.37	8.50	58.29	7891000110829	24
1496	TRINDENT X SENSE CEREJA ICE	999	16	t	0.00	3.50	0.00	7622210564337	28
1535	Dose de Cavalo	995	1	t	0.00	25.00	0.00	1535	41
1544	KIBON FRUITARE UVA	999	24	t	0.00	7.50	0.00	7891075010130	18
1546	KIBON CLASSICO	999	24	t	0.00	8.50	0.00	7891075030091	18
1548	KIBON TABLITO	999	24	t	0.00	10.00	0.00	7891075060210	18
1547	KIBON FRUITILLY MORANGO	999	24	t	0.00	6.00	0.00	7891150007680	18
1513	OUSADIA MAÇA VERDE 350ML	99	1	t	0.00	6.90	0.00	7896336810498	38
1551	MAGNUM CLASSICO 69G	1000	24	t	0.00	16.00	0.00	7891075403215	18
1552	MAGNUM COOKIE & CREAM	1000	24	t	0.00	17.00	0.00	7891150041042	18
1554	MINI CHICABON	1000	24	t	0.00	15.00	0.00	7891150094833	18
1555	MINI MORANGO	1000	24	t	0.00	15.00	0.00	7891150099548	18
1557	KASKAO COCO	1000	1	t	0.00	6.00	0.00	7896513912069	18
1558	KASKAO MORANGO 1,5L	999	1	t	0.00	29.90	0.00	7896513915169	18
1587	TANQUERAY ROYALE 700ML	1000	1	t	99.00	155.00	56.57	5000291026548	34
1588	TANQUERAY SEVILLA 700ML	1000	1	t	99.00	155.00	56.57	5000291023462	34
1560	CANTINHO DO VALE 500ML	1000	10	t	2.65	4.50	69.81	7896741703248	16
1589	DEL VALLE KAPO UVA	12	4	t	1.60	3.00	87.50	7894900593709	2
1561	DOSE TEQUILOKA	996	1	t	5.00	10.00	100.00	1561	22
1590	DEL VALLE KAPO MORANGO	12	4	t	1.60	3.00	87.50	7894900583700	2
1591	BLACK LABEL 1L	10000	5	t	179.90	259.90	44.47	5000267023601	\N
1563	PAULISTINHA OURO	1000	10	t	20.80	34.90	67.79	7898994570233	8
1564	PAULISTINHA MENTA	1000	10	t	20.80	34.90	67.79	7898960653182	\N
1566	TRENTO MASSIMO FRUTAS VERMELHAS	1000	16	t	1.68	3.00	78.57	7896306625008	25
1569	FILTRO HITABACCO	1000	10	t	8.50	14.50	70.59	7898629670703	8
1570	FILTRO OCB 120	1000	12	t	7.97	12.90	61.86	3057068103720	8
1568	TORRONE 70G	999	1	t	2.00	4.50	125.00	7896079816115	25
1571	EMPADA	15	1	t	3.00	8.00	166.67	1571	32
1572	DUNHILL AZUL	10000	5	t	13.30	14.25	7.14	78941083	8
1573	DUNHILL DOUBLE REFRESH	10000	5	t	13.00	14.25	9.62	78946286	8
1574	DUNHILL ICE REFRESH	10000	5	t	13.00	14.25	9.62	78946323	8
1575	CIGARRO HOTMANS GLOBAL VERMELHO	10000	10	t	6.44	7.00	8.70	78944220	8
1576	BALA DE HORTELÃ	1000	100	t	0.10	0.25	150.00	1576	29
1593	PORÇÃO CONTRA FILEC/FRITAS	4	3	t	40.00	59.00	47.50	1593	40
1553	MINI ESKI-BON	999	24	t	0.00	15.00	0.00	7891075081215	18
1578	AGUA DE COKO 200ML	1000	3	t	1.29	3.00	132.56	618341739178	3
1565	DOSE ABSOLUT SABOR	997	0	t	20.00	35.00	75.00	1565	41
1579	REDBULL CEREJA 250ML	1000	4	t	7.00	12.00	71.43	9002490264093	6
1600	SKOL BEATS CAIPIRINHA	1000	1	t	6.29	12.00	90.78	7891991304849	38
1580	SLA	1000	12	t	1.29	2.79	116.28	1580	21
1601	SKOL BEATS RED MIX	1000	1	t	6.29	12.00	90.78	7891991307208	38
1577	CHESTERFIELD ORIGINAL VERMELHO	999	1	t	8.00	9.00	12.50	78939424	8
1582	SUCO DEL VALLE SABOR LARANJA	1000	6	t	2.31	4.00	73.16	7892840818258	2
1583	SUCO DEL VALLE SABOR UVA	1000	6	t	3.21	4.00	24.61	7894900660432	2
1584	SUCO DEL VALLE SABOR PESSEGO	1000	6	t	3.21	4.00	24.61	7894900660425	2
1585	BALENA CHOCOLATE CARAMELO750ML	1000	3	t	139.90	229.90	64.33	7898726150023	22
1586	BUCHANAN'S DELUXE 1L	1000	1	t	199.00	265.00	33.17	50196364	20
1594	REMOVER	12	5	t	4.00	7.00	75.00	00000000000	5
1602	AMENDOIM SEM PELE 50G	1000	1	t	1.75	3.50	100.00	7897115100229	17
1603	HALLS MORANGO	1000	1	t	1.60	3.50	118.75	78938847	29
1604	HALLS MENTA	1000	1	t	1.60	3.00	87.50	78938830	29
1605	BALY CITRUS LIMÃO SICILIANO 2L	1000	1	t	7.49	13.90	85.58	7898080665072	6
1567	TRENTO MASSIMO BROWNIE	997	24	t	1.68	3.00	78.57	7896306624292	25
1592	DOSE DE ROCKS	9999	2	t	20.00	30.00	50.00	1592	41
1487	Dose 50ml	954	5	t	1.00	5.00	400.00	1487	41
1596	WINSTON CLASSIC RED	10000	10	t	5.00	8.50	70.00	78938489	8
636	SORVETE NAPOLITANO 1,5	1000	1	t	29.90	36.90	23.41	7896513915220	18
1597	FRUTHOS AÇAI 1,3KG	1000	1	t	35.00	43.90	25.43	7896513909038	18
1598	51 ICE AÇAI 275ML	1000	1	t	5.00	8.00	60.00	7896002111928	38
1599	51 ICE BALADA 275ML	1000	1	t	5.00	8.00	60.00	7896002111034	38
1606	GELO AMERICANO BLUEBERRY	1000	1	t	1.00	3.00	200.00	7898946674859	24
1607	GELO AMERICANO ABACAXI	1000	1	t	1.00	3.00	200.00	7898946674897	24
1608	GELO AMERICANO FRUTAS VERMELHAS	1000	1	t	1.00	3.00	200.00	7898946674910	24
1609	GELO AMERICANO PESSEGO	1000	1	t	1.00	3.00	200.00	7898946674903	24
1610	GELO AMERICANO LARANJA	1000	1	t	1.00	3.00	200.00	7898946674873	24
1562	PAULISTINHA TRADICIONAL	999	10	t	20.80	34.90	67.79	7898994570219	8
1595	WINSTON BLUE	9998	10	t	5.00	8.50	70.00	78938496	8
1581	ESTRELLA GALICIA LONGNECK 355ML	6	4	t	5.29	8.50	60.68	7898953990140	5
1611	SKOL BEATS RED MIX LATA	1000	1	t	3.50	8.50	142.86	7891991307185	38
1612	DOSE ASKOV	1000	1	t	6.00	10.90	81.67	1612	41
\.


--
-- Name: comandas_comment_id_seq; Type: SEQUENCE SET; Schema: public; Owner: postgres
--

SELECT pg_catalog.setval('public.comandas_comment_id_seq', 28, true);


--
-- Name: comandas_tab_id_seq; Type: SEQUENCE SET; Schema: public; Owner: postgres
--

SELECT pg_catalog.setval('public.comandas_tab_id_seq', 240, true);


--
-- Name: comandas_tabitem_id_seq; Type: SEQUENCE SET; Schema: public; Owner: postgres
--

SELECT pg_catalog.setval('public.comandas_tabitem_id_seq', 1741, true);


--
-- Name: core_timestampedmodel_id_seq; Type: SEQUENCE SET; Schema: public; Owner: postgres
--

SELECT pg_catalog.setval('public.core_timestampedmodel_id_seq', 1, false);


--
-- Name: pdv_compra_id_seq; Type: SEQUENCE SET; Schema: public; Owner: postgres
--

SELECT pg_catalog.setval('public.pdv_compra_id_seq', 10, true);


--
-- Name: pdv_itemcompra_id_seq; Type: SEQUENCE SET; Schema: public; Owner: postgres
--

SELECT pg_catalog.setval('public.pdv_itemcompra_id_seq', 278, true);


--
-- Name: produto_categoria_id_seq; Type: SEQUENCE SET; Schema: public; Owner: postgres
--

SELECT pg_catalog.setval('public.produto_categoria_id_seq', 42, true);


--
-- Name: produto_produtos_id_seq; Type: SEQUENCE SET; Schema: public; Owner: postgres
--

SELECT pg_catalog.setval('public.produto_produtos_id_seq', 1612, true);


--
-- Name: comandas_comment comandas_comment_content_a1806e2c_uniq; Type: CONSTRAINT; Schema: public; Owner: postgres
--

ALTER TABLE ONLY public.comandas_comment
    ADD CONSTRAINT comandas_comment_content_a1806e2c_uniq UNIQUE (content);


--
-- Name: comandas_comment comandas_comment_pkey; Type: CONSTRAINT; Schema: public; Owner: postgres
--

ALTER TABLE ONLY public.comandas_comment
    ADD CONSTRAINT comandas_comment_pkey PRIMARY KEY (id);


--
-- Name: comandas_tab comandas_tab_pkey; Type: CONSTRAINT; Schema: public; Owner: postgres
--

ALTER TABLE ONLY public.comandas_tab
    ADD CONSTRAINT comandas_tab_pkey PRIMARY KEY (id);


--
-- Name: comandas_tab comandas_tab_telefone_cliente_key; Type: CONSTRAINT; Schema: public; Owner: postgres
--

ALTER TABLE ONLY public.comandas_tab
    ADD CONSTRAINT comandas_tab_telefone_cliente_key UNIQUE (telefone_cliente);


--
-- Name: comandas_tabitem comandas_tabitem_pkey; Type: CONSTRAINT; Schema: public; Owner: postgres
--

ALTER TABLE ONLY public.comandas_tabitem
    ADD CONSTRAINT comandas_tabitem_pkey PRIMARY KEY (id);


--
-- Name: core_timestampedmodel core_timestampedmodel_pkey; Type: CONSTRAINT; Schema: public; Owner: postgres
--

ALTER TABLE ONLY public.core_timestampedmodel
    ADD CONSTRAINT core_timestampedmodel_pkey PRIMARY KEY (id);


--
-- Name: pdv_compra pdv_compra_pkey; Type: CONSTRAINT; Schema: public; Owner: postgres
--

ALTER TABLE ONLY public.pdv_compra
    ADD CONSTRAINT pdv_compra_pkey PRIMARY KEY (id);


--
-- Name: pdv_itemcompra pdv_itemcompra_pkey; Type: CONSTRAINT; Schema: public; Owner: postgres
--

ALTER TABLE ONLY public.pdv_itemcompra
    ADD CONSTRAINT pdv_itemcompra_pkey PRIMARY KEY (id);


--
-- Name: produto_categoria produto_categoria_categoria_key; Type: CONSTRAINT; Schema: public; Owner: postgres
--

ALTER TABLE ONLY public.produto_categoria
    ADD CONSTRAINT produto_categoria_categoria_key UNIQUE (categoria);


--
-- Name: produto_categoria produto_categoria_pkey; Type: CONSTRAINT; Schema: public; Owner: postgres
--

ALTER TABLE ONLY public.produto_categoria
    ADD CONSTRAINT produto_categoria_pkey PRIMARY KEY (id);


--
-- Name: produto_produto produto_produtos_pkey; Type: CONSTRAINT; Schema: public; Owner: postgres
--

ALTER TABLE ONLY public.produto_produto
    ADD CONSTRAINT produto_produtos_pkey PRIMARY KEY (id);


--
-- Name: produto_produto produto_produtos_produto_key; Type: CONSTRAINT; Schema: public; Owner: postgres
--

ALTER TABLE ONLY public.produto_produto
    ADD CONSTRAINT produto_produtos_produto_key UNIQUE (produto);


--
-- Name: comandas_comment_author_id_3799d7da; Type: INDEX; Schema: public; Owner: postgres
--

CREATE INDEX comandas_comment_author_id_3799d7da ON public.comandas_comment USING btree (author_id);


--
-- Name: comandas_comment_content_a1806e2c_like; Type: INDEX; Schema: public; Owner: postgres
--

CREATE INDEX comandas_comment_content_a1806e2c_like ON public.comandas_comment USING btree (content varchar_pattern_ops);


--
-- Name: comandas_comment_tab_id_fdc6bb28; Type: INDEX; Schema: public; Owner: postgres
--

CREATE INDEX comandas_comment_tab_id_fdc6bb28 ON public.comandas_comment USING btree (tab_id);


--
-- Name: comandas_tab_telefone_cliente_3d21945d_like; Type: INDEX; Schema: public; Owner: postgres
--

CREATE INDEX comandas_tab_telefone_cliente_3d21945d_like ON public.comandas_tab USING btree (telefone_cliente varchar_pattern_ops);


--
-- Name: comandas_tabitem_adicionado_por_id_3528b386; Type: INDEX; Schema: public; Owner: postgres
--

CREATE INDEX comandas_tabitem_adicionado_por_id_3528b386 ON public.comandas_tabitem USING btree (adicionado_por_id);


--
-- Name: comandas_tabitem_produto_id_b73ba0cb; Type: INDEX; Schema: public; Owner: postgres
--

CREATE INDEX comandas_tabitem_produto_id_b73ba0cb ON public.comandas_tabitem USING btree (produto_id);


--
-- Name: comandas_tabitem_tab_id_4bd32267; Type: INDEX; Schema: public; Owner: postgres
--

CREATE INDEX comandas_tabitem_tab_id_4bd32267 ON public.comandas_tabitem USING btree (tab_id);


--
-- Name: pdv_itemcompra_compra_id_5d9f5cf1; Type: INDEX; Schema: public; Owner: postgres
--

CREATE INDEX pdv_itemcompra_compra_id_5d9f5cf1 ON public.pdv_itemcompra USING btree (compra_id);


--
-- Name: pdv_itemcompra_produto_id_2779ff5e; Type: INDEX; Schema: public; Owner: postgres
--

CREATE INDEX pdv_itemcompra_produto_id_2779ff5e ON public.pdv_itemcompra USING btree (produto_id);


--
-- Name: produto_categoria_categoria_e6c99fe3_like; Type: INDEX; Schema: public; Owner: postgres
--

CREATE INDEX produto_categoria_categoria_e6c99fe3_like ON public.produto_categoria USING btree (categoria varchar_pattern_ops);


--
-- Name: produto_produto_categoria_id_9747952b; Type: INDEX; Schema: public; Owner: postgres
--

CREATE INDEX produto_produto_categoria_id_9747952b ON public.produto_produto USING btree (categoria_id);


--
-- Name: produto_produtos_produto_afaee7e0_like; Type: INDEX; Schema: public; Owner: postgres
--

CREATE INDEX produto_produtos_produto_afaee7e0_like ON public.produto_produto USING btree (produto varchar_pattern_ops);


--
-- Name: comandas_comment comandas_comment_author_id_3799d7da_fk_auth_user_id; Type: FK CONSTRAINT; Schema: public; Owner: postgres
--

ALTER TABLE ONLY public.comandas_comment
    ADD CONSTRAINT comandas_comment_author_id_3799d7da_fk_auth_user_id FOREIGN KEY (author_id) REFERENCES public.auth_user(id) DEFERRABLE INITIALLY DEFERRED;


--
-- Name: comandas_comment comandas_comment_tab_id_fdc6bb28_fk_comandas_tab_id; Type: FK CONSTRAINT; Schema: public; Owner: postgres
--

ALTER TABLE ONLY public.comandas_comment
    ADD CONSTRAINT comandas_comment_tab_id_fdc6bb28_fk_comandas_tab_id FOREIGN KEY (tab_id) REFERENCES public.comandas_tab(id) DEFERRABLE INITIALLY DEFERRED;


--
-- Name: comandas_tabitem comandas_tabitem_adicionado_por_id_3528b386_fk_auth_user_id; Type: FK CONSTRAINT; Schema: public; Owner: postgres
--

ALTER TABLE ONLY public.comandas_tabitem
    ADD CONSTRAINT comandas_tabitem_adicionado_por_id_3528b386_fk_auth_user_id FOREIGN KEY (adicionado_por_id) REFERENCES public.auth_user(id) DEFERRABLE INITIALLY DEFERRED;


--
-- Name: comandas_tabitem comandas_tabitem_produto_id_b73ba0cb_fk_produto_produto_id; Type: FK CONSTRAINT; Schema: public; Owner: postgres
--

ALTER TABLE ONLY public.comandas_tabitem
    ADD CONSTRAINT comandas_tabitem_produto_id_b73ba0cb_fk_produto_produto_id FOREIGN KEY (produto_id) REFERENCES public.produto_produto(id) DEFERRABLE INITIALLY DEFERRED;


--
-- Name: comandas_tabitem comandas_tabitem_tab_id_4bd32267_fk_comandas_tab_id; Type: FK CONSTRAINT; Schema: public; Owner: postgres
--

ALTER TABLE ONLY public.comandas_tabitem
    ADD CONSTRAINT comandas_tabitem_tab_id_4bd32267_fk_comandas_tab_id FOREIGN KEY (tab_id) REFERENCES public.comandas_tab(id) DEFERRABLE INITIALLY DEFERRED;


--
-- Name: pdv_itemcompra pdv_itemcompra_compra_id_5d9f5cf1_fk_pdv_compra_id; Type: FK CONSTRAINT; Schema: public; Owner: postgres
--

ALTER TABLE ONLY public.pdv_itemcompra
    ADD CONSTRAINT pdv_itemcompra_compra_id_5d9f5cf1_fk_pdv_compra_id FOREIGN KEY (compra_id) REFERENCES public.pdv_compra(id) DEFERRABLE INITIALLY DEFERRED;


--
-- Name: pdv_itemcompra pdv_itemcompra_produto_id_2779ff5e_fk_produto_produto_id; Type: FK CONSTRAINT; Schema: public; Owner: postgres
--

ALTER TABLE ONLY public.pdv_itemcompra
    ADD CONSTRAINT pdv_itemcompra_produto_id_2779ff5e_fk_produto_produto_id FOREIGN KEY (produto_id) REFERENCES public.produto_produto(id) DEFERRABLE INITIALLY DEFERRED;


--
-- Name: produto_produto produto_produto_categoria_id_9747952b_fk_produto_categoria_id; Type: FK CONSTRAINT; Schema: public; Owner: postgres
--

ALTER TABLE ONLY public.produto_produto
    ADD CONSTRAINT produto_produto_categoria_id_9747952b_fk_produto_categoria_id FOREIGN KEY (categoria_id) REFERENCES public.produto_categoria(id) DEFERRABLE INITIALLY DEFERRED;


--
-- PostgreSQL database dump complete
--

