--
-- PostgreSQL database dump
--

-- Dumped from database version 16.3 (Debian 16.3-1.pgdg120+1)
-- Dumped by pg_dump version 16.4 (Ubuntu 16.4-1.pgdg20.04+2)

SET statement_timeout = 0;
SET lock_timeout = 0;
SET idle_in_transaction_session_timeout = 0;
SET client_encoding = 'UTF8';
SET standard_conforming_strings = on;
SELECT pg_catalog.set_config('search_path', '', false);
SET check_function_bodies = false;
SET xmloption = content;
SET client_min_messages = warning;
SET row_security = off;

SET default_tablespace = '';

SET default_table_access_method = heap;

--
-- Name: auth_group; Type: TABLE; Schema: public; Owner: postgres
--

CREATE TABLE public.auth_group (
    id integer NOT NULL,
    name character varying(150) NOT NULL
);


ALTER TABLE public.auth_group OWNER TO postgres;

--
-- Name: auth_group_id_seq; Type: SEQUENCE; Schema: public; Owner: postgres
--

ALTER TABLE public.auth_group ALTER COLUMN id ADD GENERATED BY DEFAULT AS IDENTITY (
    SEQUENCE NAME public.auth_group_id_seq
    START WITH 1
    INCREMENT BY 1
    NO MINVALUE
    NO MAXVALUE
    CACHE 1
);


--
-- Name: auth_group_permissions; Type: TABLE; Schema: public; Owner: postgres
--

CREATE TABLE public.auth_group_permissions (
    id bigint NOT NULL,
    group_id integer NOT NULL,
    permission_id integer NOT NULL
);


ALTER TABLE public.auth_group_permissions OWNER TO postgres;

--
-- Name: auth_group_permissions_id_seq; Type: SEQUENCE; Schema: public; Owner: postgres
--

ALTER TABLE public.auth_group_permissions ALTER COLUMN id ADD GENERATED BY DEFAULT AS IDENTITY (
    SEQUENCE NAME public.auth_group_permissions_id_seq
    START WITH 1
    INCREMENT BY 1
    NO MINVALUE
    NO MAXVALUE
    CACHE 1
);


--
-- Name: auth_permission; Type: TABLE; Schema: public; Owner: postgres
--

CREATE TABLE public.auth_permission (
    id integer NOT NULL,
    name character varying(255) NOT NULL,
    content_type_id integer NOT NULL,
    codename character varying(100) NOT NULL
);


ALTER TABLE public.auth_permission OWNER TO postgres;

--
-- Name: auth_permission_id_seq; Type: SEQUENCE; Schema: public; Owner: postgres
--

ALTER TABLE public.auth_permission ALTER COLUMN id ADD GENERATED BY DEFAULT AS IDENTITY (
    SEQUENCE NAME public.auth_permission_id_seq
    START WITH 1
    INCREMENT BY 1
    NO MINVALUE
    NO MAXVALUE
    CACHE 1
);


--
-- Name: auth_user; Type: TABLE; Schema: public; Owner: postgres
--

CREATE TABLE public.auth_user (
    id integer NOT NULL,
    password character varying(128) NOT NULL,
    last_login timestamp with time zone,
    is_superuser boolean NOT NULL,
    username character varying(150) NOT NULL,
    first_name character varying(150) NOT NULL,
    last_name character varying(150) NOT NULL,
    email character varying(254) NOT NULL,
    is_staff boolean NOT NULL,
    is_active boolean NOT NULL,
    date_joined timestamp with time zone NOT NULL
);


ALTER TABLE public.auth_user OWNER TO postgres;

--
-- Name: auth_user_groups; Type: TABLE; Schema: public; Owner: postgres
--

CREATE TABLE public.auth_user_groups (
    id bigint NOT NULL,
    user_id integer NOT NULL,
    group_id integer NOT NULL
);


ALTER TABLE public.auth_user_groups OWNER TO postgres;

--
-- Name: auth_user_groups_id_seq; Type: SEQUENCE; Schema: public; Owner: postgres
--

ALTER TABLE public.auth_user_groups ALTER COLUMN id ADD GENERATED BY DEFAULT AS IDENTITY (
    SEQUENCE NAME public.auth_user_groups_id_seq
    START WITH 1
    INCREMENT BY 1
    NO MINVALUE
    NO MAXVALUE
    CACHE 1
);


--
-- Name: auth_user_id_seq; Type: SEQUENCE; Schema: public; Owner: postgres
--

ALTER TABLE public.auth_user ALTER COLUMN id ADD GENERATED BY DEFAULT AS IDENTITY (
    SEQUENCE NAME public.auth_user_id_seq
    START WITH 1
    INCREMENT BY 1
    NO MINVALUE
    NO MAXVALUE
    CACHE 1
);


--
-- Name: auth_user_user_permissions; Type: TABLE; Schema: public; Owner: postgres
--

CREATE TABLE public.auth_user_user_permissions (
    id bigint NOT NULL,
    user_id integer NOT NULL,
    permission_id integer NOT NULL
);


ALTER TABLE public.auth_user_user_permissions OWNER TO postgres;

--
-- Name: auth_user_user_permissions_id_seq; Type: SEQUENCE; Schema: public; Owner: postgres
--

ALTER TABLE public.auth_user_user_permissions ALTER COLUMN id ADD GENERATED BY DEFAULT AS IDENTITY (
    SEQUENCE NAME public.auth_user_user_permissions_id_seq
    START WITH 1
    INCREMENT BY 1
    NO MINVALUE
    NO MAXVALUE
    CACHE 1
);


--
-- Name: core_timestampedmodel; Type: TABLE; Schema: public; Owner: postgres
--

CREATE TABLE public.core_timestampedmodel (
    id bigint NOT NULL,
    created timestamp with time zone NOT NULL,
    modified timestamp with time zone NOT NULL
);


ALTER TABLE public.core_timestampedmodel OWNER TO postgres;

--
-- Name: core_timestampedmodel_id_seq; Type: SEQUENCE; Schema: public; Owner: postgres
--

ALTER TABLE public.core_timestampedmodel ALTER COLUMN id ADD GENERATED BY DEFAULT AS IDENTITY (
    SEQUENCE NAME public.core_timestampedmodel_id_seq
    START WITH 1
    INCREMENT BY 1
    NO MINVALUE
    NO MAXVALUE
    CACHE 1
);


--
-- Name: django_admin_log; Type: TABLE; Schema: public; Owner: postgres
--

CREATE TABLE public.django_admin_log (
    id integer NOT NULL,
    action_time timestamp with time zone NOT NULL,
    object_id text,
    object_repr character varying(200) NOT NULL,
    action_flag smallint NOT NULL,
    change_message text NOT NULL,
    content_type_id integer,
    user_id integer NOT NULL,
    CONSTRAINT django_admin_log_action_flag_check CHECK ((action_flag >= 0))
);


ALTER TABLE public.django_admin_log OWNER TO postgres;

--
-- Name: django_admin_log_id_seq; Type: SEQUENCE; Schema: public; Owner: postgres
--

ALTER TABLE public.django_admin_log ALTER COLUMN id ADD GENERATED BY DEFAULT AS IDENTITY (
    SEQUENCE NAME public.django_admin_log_id_seq
    START WITH 1
    INCREMENT BY 1
    NO MINVALUE
    NO MAXVALUE
    CACHE 1
);


--
-- Name: django_content_type; Type: TABLE; Schema: public; Owner: postgres
--

CREATE TABLE public.django_content_type (
    id integer NOT NULL,
    app_label character varying(100) NOT NULL,
    model character varying(100) NOT NULL
);


ALTER TABLE public.django_content_type OWNER TO postgres;

--
-- Name: django_content_type_id_seq; Type: SEQUENCE; Schema: public; Owner: postgres
--

ALTER TABLE public.django_content_type ALTER COLUMN id ADD GENERATED BY DEFAULT AS IDENTITY (
    SEQUENCE NAME public.django_content_type_id_seq
    START WITH 1
    INCREMENT BY 1
    NO MINVALUE
    NO MAXVALUE
    CACHE 1
);


--
-- Name: django_migrations; Type: TABLE; Schema: public; Owner: postgres
--

CREATE TABLE public.django_migrations (
    id bigint NOT NULL,
    app character varying(255) NOT NULL,
    name character varying(255) NOT NULL,
    applied timestamp with time zone NOT NULL
);


ALTER TABLE public.django_migrations OWNER TO postgres;

--
-- Name: django_migrations_id_seq; Type: SEQUENCE; Schema: public; Owner: postgres
--

ALTER TABLE public.django_migrations ALTER COLUMN id ADD GENERATED BY DEFAULT AS IDENTITY (
    SEQUENCE NAME public.django_migrations_id_seq
    START WITH 1
    INCREMENT BY 1
    NO MINVALUE
    NO MAXVALUE
    CACHE 1
);


--
-- Name: django_plotly_dash_dashapp; Type: TABLE; Schema: public; Owner: postgres
--

CREATE TABLE public.django_plotly_dash_dashapp (
    id integer NOT NULL,
    instance_name character varying(100) NOT NULL,
    slug character varying(110) NOT NULL,
    base_state text NOT NULL,
    creation timestamp with time zone NOT NULL,
    update timestamp with time zone NOT NULL,
    save_on_change boolean NOT NULL,
    stateless_app_id integer NOT NULL
);


ALTER TABLE public.django_plotly_dash_dashapp OWNER TO postgres;

--
-- Name: django_plotly_dash_dashapp_id_seq; Type: SEQUENCE; Schema: public; Owner: postgres
--

ALTER TABLE public.django_plotly_dash_dashapp ALTER COLUMN id ADD GENERATED BY DEFAULT AS IDENTITY (
    SEQUENCE NAME public.django_plotly_dash_dashapp_id_seq
    START WITH 1
    INCREMENT BY 1
    NO MINVALUE
    NO MAXVALUE
    CACHE 1
);


--
-- Name: django_plotly_dash_statelessapp; Type: TABLE; Schema: public; Owner: postgres
--

CREATE TABLE public.django_plotly_dash_statelessapp (
    id integer NOT NULL,
    app_name character varying(100) NOT NULL,
    slug character varying(110) NOT NULL
);


ALTER TABLE public.django_plotly_dash_statelessapp OWNER TO postgres;

--
-- Name: django_plotly_dash_statelessapp_id_seq; Type: SEQUENCE; Schema: public; Owner: postgres
--

ALTER TABLE public.django_plotly_dash_statelessapp ALTER COLUMN id ADD GENERATED BY DEFAULT AS IDENTITY (
    SEQUENCE NAME public.django_plotly_dash_statelessapp_id_seq
    START WITH 1
    INCREMENT BY 1
    NO MINVALUE
    NO MAXVALUE
    CACHE 1
);


--
-- Name: django_session; Type: TABLE; Schema: public; Owner: postgres
--

CREATE TABLE public.django_session (
    session_key character varying(40) NOT NULL,
    session_data text NOT NULL,
    expire_date timestamp with time zone NOT NULL
);


ALTER TABLE public.django_session OWNER TO postgres;

--
-- Name: estoque_estoque; Type: TABLE; Schema: public; Owner: postgres
--

CREATE TABLE public.estoque_estoque (
    timestampedmodel_ptr_id bigint NOT NULL,
    nf integer,
    movimentos character varying(1) NOT NULL,
    funcionario_id integer NOT NULL,
    CONSTRAINT estoque_estoque_nf_check CHECK ((nf >= 0))
);


ALTER TABLE public.estoque_estoque OWNER TO postgres;

--
-- Name: estoque_estoqueitens; Type: TABLE; Schema: public; Owner: postgres
--

CREATE TABLE public.estoque_estoqueitens (
    id bigint NOT NULL,
    quantidade integer NOT NULL,
    saldo integer NOT NULL,
    estoque_id bigint NOT NULL,
    produto_id bigint NOT NULL,
    CONSTRAINT estoque_estoqueitens_quantidade_check CHECK ((quantidade >= 0)),
    CONSTRAINT estoque_estoqueitens_saldo_check CHECK ((saldo >= 0))
);


ALTER TABLE public.estoque_estoqueitens OWNER TO postgres;

--
-- Name: estoque_estoqueitens_id_seq; Type: SEQUENCE; Schema: public; Owner: postgres
--

ALTER TABLE public.estoque_estoqueitens ALTER COLUMN id ADD GENERATED BY DEFAULT AS IDENTITY (
    SEQUENCE NAME public.estoque_estoqueitens_id_seq
    START WITH 1
    INCREMENT BY 1
    NO MINVALUE
    NO MAXVALUE
    CACHE 1
);


--
-- Name: produto_categoria; Type: TABLE; Schema: public; Owner: postgres
--

CREATE TABLE public.produto_categoria (
    id bigint NOT NULL,
    categoria character varying(50) NOT NULL
);


ALTER TABLE public.produto_categoria OWNER TO postgres;

--
-- Name: produto_categoria_id_seq; Type: SEQUENCE; Schema: public; Owner: postgres
--

ALTER TABLE public.produto_categoria ALTER COLUMN id ADD GENERATED BY DEFAULT AS IDENTITY (
    SEQUENCE NAME public.produto_categoria_id_seq
    START WITH 1
    INCREMENT BY 1
    NO MINVALUE
    NO MAXVALUE
    CACHE 1
);


--
-- Name: produto_cliente; Type: TABLE; Schema: public; Owner: postgres
--

CREATE TABLE public.produto_cliente (
    id bigint NOT NULL,
    nome character varying(255) NOT NULL,
    telefone character varying(11) NOT NULL
);


ALTER TABLE public.produto_cliente OWNER TO postgres;

--
-- Name: produto_cliente_id_seq; Type: SEQUENCE; Schema: public; Owner: postgres
--

ALTER TABLE public.produto_cliente ALTER COLUMN id ADD GENERATED BY DEFAULT AS IDENTITY (
    SEQUENCE NAME public.produto_cliente_id_seq
    START WITH 1
    INCREMENT BY 1
    NO MINVALUE
    NO MAXVALUE
    CACHE 1
);


--
-- Name: produto_compra; Type: TABLE; Schema: public; Owner: postgres
--

CREATE TABLE public.produto_compra (
    id bigint NOT NULL,
    data timestamp with time zone NOT NULL,
    metodo_pagamento character varying(10) NOT NULL,
    total numeric(10,2) NOT NULL
);


ALTER TABLE public.produto_compra OWNER TO postgres;

--
-- Name: produto_compra_id_seq; Type: SEQUENCE; Schema: public; Owner: postgres
--

ALTER TABLE public.produto_compra ALTER COLUMN id ADD GENERATED BY DEFAULT AS IDENTITY (
    SEQUENCE NAME public.produto_compra_id_seq
    START WITH 1
    INCREMENT BY 1
    NO MINVALUE
    NO MAXVALUE
    CACHE 1
);


--
-- Name: produto_itemcompra; Type: TABLE; Schema: public; Owner: postgres
--

CREATE TABLE public.produto_itemcompra (
    id bigint NOT NULL,
    quantidade integer NOT NULL,
    preco_unitario numeric(7,2) NOT NULL,
    compra_id bigint NOT NULL,
    produto_id bigint NOT NULL,
    CONSTRAINT produto_itemcompra_quantidade_check CHECK ((quantidade >= 0))
);


ALTER TABLE public.produto_itemcompra OWNER TO postgres;

--
-- Name: produto_itemcompra_id_seq; Type: SEQUENCE; Schema: public; Owner: postgres
--

ALTER TABLE public.produto_itemcompra ALTER COLUMN id ADD GENERATED BY DEFAULT AS IDENTITY (
    SEQUENCE NAME public.produto_itemcompra_id_seq
    START WITH 1
    INCREMENT BY 1
    NO MINVALUE
    NO MAXVALUE
    CACHE 1
);


--
-- Name: produto_itemtab; Type: TABLE; Schema: public; Owner: postgres
--

CREATE TABLE public.produto_itemtab (
    id bigint NOT NULL,
    quantidade integer NOT NULL,
    preco_unitario numeric(7,2) NOT NULL,
    produto_id bigint NOT NULL,
    tab_id bigint NOT NULL,
    CONSTRAINT produto_itemtab_quantidade_check CHECK ((quantidade >= 0))
);


ALTER TABLE public.produto_itemtab OWNER TO postgres;

--
-- Name: produto_itemtab_id_seq; Type: SEQUENCE; Schema: public; Owner: postgres
--

ALTER TABLE public.produto_itemtab ALTER COLUMN id ADD GENERATED BY DEFAULT AS IDENTITY (
    SEQUENCE NAME public.produto_itemtab_id_seq
    START WITH 1
    INCREMENT BY 1
    NO MINVALUE
    NO MAXVALUE
    CACHE 1
);


--
-- Name: produto_produto; Type: TABLE; Schema: public; Owner: postgres
--

CREATE TABLE public.produto_produto (
    id bigint NOT NULL,
    produto text NOT NULL,
    estoque integer NOT NULL,
    estoque_minimo integer NOT NULL,
    nivel_estoque boolean NOT NULL,
    preco_custo numeric(7,2) NOT NULL,
    preco_venda numeric(7,2) NOT NULL,
    margem_vendas numeric(6,2),
    "codigoBarra" character varying(16),
    categoria_id bigint,
    CONSTRAINT produto_produtos_estoque_minimo_check CHECK ((estoque_minimo >= 0))
);


ALTER TABLE public.produto_produto OWNER TO postgres;

--
-- Name: produto_produtos_id_seq; Type: SEQUENCE; Schema: public; Owner: postgres
--

ALTER TABLE public.produto_produto ALTER COLUMN id ADD GENERATED BY DEFAULT AS IDENTITY (
    SEQUENCE NAME public.produto_produtos_id_seq
    START WITH 1
    INCREMENT BY 1
    NO MINVALUE
    NO MAXVALUE
    CACHE 1
);


--
-- Name: produto_tab; Type: TABLE; Schema: public; Owner: postgres
--

CREATE TABLE public.produto_tab (
    id bigint NOT NULL,
    nome_cliente character varying(100) NOT NULL,
    telefone_cliente character varying(11) NOT NULL,
    subtotal numeric(10,2) NOT NULL,
    aberta boolean NOT NULL,
    data_criacao timestamp with time zone NOT NULL
);


ALTER TABLE public.produto_tab OWNER TO postgres;

--
-- Name: produto_tab_id_seq; Type: SEQUENCE; Schema: public; Owner: postgres
--

ALTER TABLE public.produto_tab ALTER COLUMN id ADD GENERATED BY DEFAULT AS IDENTITY (
    SEQUENCE NAME public.produto_tab_id_seq
    START WITH 1
    INCREMENT BY 1
    NO MINVALUE
    NO MAXVALUE
    CACHE 1
);


--
-- Name: produto_tabitem; Type: TABLE; Schema: public; Owner: postgres
--

CREATE TABLE public.produto_tabitem (
    id bigint NOT NULL,
    quantidade integer NOT NULL,
    preco_unitario numeric(7,2) NOT NULL,
    produto_id bigint NOT NULL,
    tab_id bigint NOT NULL,
    adicionado_por_id integer,
    data_criacao timestamp with time zone NOT NULL,
    CONSTRAINT produto_tabitem_quantidade_check CHECK ((quantidade >= 0))
);


ALTER TABLE public.produto_tabitem OWNER TO postgres;

--
-- Name: produto_tabitem_id_seq; Type: SEQUENCE; Schema: public; Owner: postgres
--

ALTER TABLE public.produto_tabitem ALTER COLUMN id ADD GENERATED BY DEFAULT AS IDENTITY (
    SEQUENCE NAME public.produto_tabitem_id_seq
    START WITH 1
    INCREMENT BY 1
    NO MINVALUE
    NO MAXVALUE
    CACHE 1
);


--
-- Data for Name: auth_group; Type: TABLE DATA; Schema: public; Owner: postgres
--

COPY public.auth_group (id, name) FROM stdin;
\.


--
-- Data for Name: auth_group_permissions; Type: TABLE DATA; Schema: public; Owner: postgres
--

COPY public.auth_group_permissions (id, group_id, permission_id) FROM stdin;
\.


--
-- Data for Name: auth_permission; Type: TABLE DATA; Schema: public; Owner: postgres
--

COPY public.auth_permission (id, name, content_type_id, codename) FROM stdin;
1	Can add log entry	1	add_logentry
2	Can change log entry	1	change_logentry
3	Can delete log entry	1	delete_logentry
4	Can view log entry	1	view_logentry
5	Can add permission	2	add_permission
6	Can change permission	2	change_permission
7	Can delete permission	2	delete_permission
8	Can view permission	2	view_permission
9	Can add group	3	add_group
10	Can change group	3	change_group
11	Can delete group	3	delete_group
12	Can view group	3	view_group
13	Can add user	4	add_user
14	Can change user	4	change_user
15	Can delete user	4	delete_user
16	Can view user	4	view_user
17	Can add content type	5	add_contenttype
18	Can change content type	5	change_contenttype
19	Can delete content type	5	delete_contenttype
20	Can view content type	5	view_contenttype
21	Can add session	6	add_session
22	Can change session	6	change_session
23	Can delete session	6	delete_session
24	Can view session	6	view_session
25	Can add time stamped model	7	add_timestampedmodel
26	Can change time stamped model	7	change_timestampedmodel
27	Can delete time stamped model	7	delete_timestampedmodel
28	Can view time stamped model	7	view_timestampedmodel
29	Can add produto	8	add_produto
30	Can change produto	8	change_produto
31	Can delete produto	8	delete_produto
32	Can view produto	8	view_produto
33	Can add estoque	9	add_estoque
34	Can change estoque	9	change_estoque
35	Can delete estoque	9	delete_estoque
36	Can view estoque	9	view_estoque
37	Can add estoque itens	10	add_estoqueitens
38	Can change estoque itens	10	change_estoqueitens
39	Can delete estoque itens	10	delete_estoqueitens
40	Can view estoque itens	10	view_estoqueitens
41	Can add dash app	11	add_dashapp
42	Can change dash app	11	change_dashapp
43	Can delete dash app	11	delete_dashapp
44	Can view dash app	11	view_dashapp
45	Can add stateless app	12	add_statelessapp
46	Can change stateless app	12	change_statelessapp
47	Can delete stateless app	12	delete_statelessapp
48	Can view stateless app	12	view_statelessapp
49	Can add categoria	13	add_categoria
50	Can change categoria	13	change_categoria
51	Can delete categoria	13	delete_categoria
52	Can view categoria	13	view_categoria
53	Can add item venda	14	add_itemvenda
54	Can change item venda	14	change_itemvenda
55	Can delete item venda	14	delete_itemvenda
56	Can view item venda	14	view_itemvenda
57	Can add venda	15	add_venda
58	Can change venda	15	change_venda
59	Can delete venda	15	delete_venda
60	Can view venda	15	view_venda
61	Can add venda	16	add_venda
62	Can change venda	16	change_venda
63	Can delete venda	16	delete_venda
64	Can view venda	16	view_venda
65	Can add compra	17	add_compra
66	Can change compra	17	change_compra
67	Can delete compra	17	delete_compra
68	Can view compra	17	view_compra
69	Can add item compra	18	add_itemcompra
70	Can change item compra	18	change_itemcompra
71	Can delete item compra	18	delete_itemcompra
72	Can view item compra	18	view_itemcompra
73	Can add tab	19	add_tab
74	Can change tab	19	change_tab
75	Can delete tab	19	delete_tab
76	Can view tab	19	view_tab
77	Can add item tab	20	add_itemtab
78	Can change item tab	20	change_itemtab
79	Can delete item tab	20	delete_itemtab
80	Can view item tab	20	view_itemtab
81	Can add cliente	21	add_cliente
82	Can change cliente	21	change_cliente
83	Can delete cliente	21	delete_cliente
84	Can view cliente	21	view_cliente
85	Can add tab item	22	add_tabitem
86	Can change tab item	22	change_tabitem
87	Can delete tab item	22	delete_tabitem
88	Can view tab item	22	view_tabitem
\.


--
-- Data for Name: auth_user; Type: TABLE DATA; Schema: public; Owner: postgres
--

COPY public.auth_user (id, password, last_login, is_superuser, username, first_name, last_name, email, is_staff, is_active, date_joined) FROM stdin;
6	pbkdf2_sha256$720000$SQASpl1dNpl8zLCFilSFN7$tyrubGrCxJmGntM26b7eqXIAYNkatYWq3GamAglVIh8=	2024-10-19 05:03:36.68712+00	f	Gabriel				f	t	2024-09-18 23:43:59.815092+00
7	pbkdf2_sha256$720000$9KunmJfAE0XN3EGcppJ4cR$SUEVgzm/Cd0NNBCXcNDw7B2aeA5mkm+mRisWtMzK8NA=	2024-10-20 02:24:02.511741+00	t	Cibele	Cibele	Rodrigues	contato@email.com	t	t	2024-10-14 00:31:30+00
2	pbkdf2_sha256$720000$34L8wLr6P4EjjIhrPCayrN$VMnQuubMoC01YCkpa3T9EL9PdOr2DwN/B+oXLkT7YwU=	2024-09-12 11:17:09.041414+00	f	teste	test	User	pablotroli@outlook.com	t	t	2024-08-03 05:45:40+00
5	pbkdf2_sha256$720000$vRLqY3PEkYeT3wuArOkNCy$VHFlkmsSsMv/22IuGXH1xsAkbsAZXOH1GOswRHaCET8=	2024-10-04 21:03:40.974029+00	f	João	João	Henrique		f	t	2024-09-18 23:41:19+00
1	pbkdf2_sha256$720000$HzAo7IlkSvUFAX61OD4QdO$hfReidz4H8JxjacRJWrla4L/urpISwLbUjGFTSEburs=	2024-10-14 00:26:53.554436+00	t	troli	Pablo	Troli	brawlixo123@gmail.com	t	t	2024-07-30 01:28:32+00
3	pbkdf2_sha256$720000$gz5sDty0rydAAYVBKsaUhm$LxpvBmBFxmheRDSZg8lKyOSbRNioZSCIxGP/WmnZsC8=	2024-10-15 13:13:04.665233+00	t	yasmin	Yasmin	Cardoso	yasmin_silva015@hotmail.com	t	t	2024-08-03 13:21:10+00
\.


--
-- Data for Name: auth_user_groups; Type: TABLE DATA; Schema: public; Owner: postgres
--

COPY public.auth_user_groups (id, user_id, group_id) FROM stdin;
\.


--
-- Data for Name: auth_user_user_permissions; Type: TABLE DATA; Schema: public; Owner: postgres
--

COPY public.auth_user_user_permissions (id, user_id, permission_id) FROM stdin;
\.


--
-- Data for Name: core_timestampedmodel; Type: TABLE DATA; Schema: public; Owner: postgres
--

COPY public.core_timestampedmodel (id, created, modified) FROM stdin;
\.


--
-- Data for Name: django_admin_log; Type: TABLE DATA; Schema: public; Owner: postgres
--

COPY public.django_admin_log (id, action_time, object_id, object_repr, action_flag, change_message, content_type_id, user_id) FROM stdin;
1	2024-08-03 01:36:08.277139+00	1	troli	2	[{"changed": {"fields": ["First name", "Last name"]}}]	4	1
2	2024-08-03 05:45:40.996437+00	2	teste	1	[{"added": {}}]	4	1
3	2024-08-03 05:46:37.896459+00	2	teste	2	[{"changed": {"fields": ["First name", "Last name", "Staff status"]}}]	4	1
4	2024-08-03 13:21:10.546824+00	3	yasmin	1	[{"added": {}}]	4	1
5	2024-08-03 13:23:23.634652+00	3	yasmin	2	[{"changed": {"fields": ["First name", "Last name", "Email address", "Staff status"]}}]	4	1
6	2024-08-05 17:40:41.572346+00	1	Destilados	1	[{"added": {}}]	13	1
7	2024-08-05 17:40:57.610691+00	2	Sucos	1	[{"added": {}}]	13	1
8	2024-08-05 17:41:12.765031+00	3	Água	1	[{"added": {}}]	13	1
9	2024-08-05 17:41:44.214969+00	4	Refrigerante	1	[{"added": {}}]	13	1
10	2024-08-05 18:17:22.818098+00	5	Cerveja	1	[{"added": {}}]	13	1
11	2024-08-05 18:17:35.505169+00	6	Energetico	1	[{"added": {}}]	13	1
12	2024-08-05 18:17:43.0192+00	7	Vinho	1	[{"added": {}}]	13	1
13	2024-08-05 18:18:12.390603+00	8	Cigarro	1	[{"added": {}}]	13	1
14	2024-08-07 23:34:42.93331+00	9	Bebidas Diversas	1	[{"added": {}}]	13	1
20	2024-08-08 04:06:23.56705+00	3	AGUA	2	[{"changed": {"fields": ["Categoria"]}}]	13	1
21	2024-08-08 04:06:49.191157+00	16	VINHOS	2	[{"changed": {"fields": ["Categoria"]}}]	13	1
22	2024-08-08 04:08:06.199572+00	4	REFRIGERANTE	2	[{"changed": {"fields": ["Categoria"]}}]	13	1
23	2024-08-08 04:08:22.080294+00	7	Vinho	3		13	1
24	2024-08-08 04:08:37.755796+00	2	SUCOS	2	[{"changed": {"fields": ["Categoria"]}}]	13	1
25	2024-08-08 04:09:13.794752+00	6	ENERGÉTICO	2	[{"changed": {"fields": ["Categoria"]}}]	13	1
26	2024-08-08 04:09:25.147607+00	9	Bebidas Diversas	3		13	1
27	2024-08-08 04:10:22.944145+00	8	CIGARRO	2	[{"changed": {"fields": ["Categoria"]}}]	13	1
28	2024-08-08 04:10:43.128426+00	5	CERVEJA	2	[{"changed": {"fields": ["Categoria"]}}]	13	1
29	2024-08-08 04:10:53.926355+00	1	Destilados	3		13	1
30	2024-08-08 04:11:30.739543+00	15	Energeticos	3		13	1
31	2024-08-08 04:13:55.427022+00	66	REDBULL TROPICAL 250ML	3		8	1
32	2024-08-08 04:16:23.36855+00	4	RED BULL TROPICAL 250ML	3		8	1
33	2024-08-08 06:40:51.45774+00	43	SUCO DEL VALLE LATA MARACUJÁ 290ML	3		8	1
34	2024-08-08 06:40:51.460416+00	42	SUCO DEL VALLE LATA PESSÊGO 290ML	3		8	1
35	2024-08-08 06:40:51.462298+00	41	SUCO DEL VALLE LATA GOIABA 290ML	3		8	1
36	2024-08-08 06:40:51.464034+00	40	SUCO DEL VALLE LATA LARANJA 290ML	3		8	1
37	2024-08-08 06:40:51.465717+00	39	SUCO DEL VALLE LATA UVA 290ML	3		8	1
60	2024-08-09 13:12:38.444677+00	38	COQUETEL ALCOOLICO	1	[{"added": {}}]	13	1
68	2024-08-15 01:02:33.196214+00	1035	Remover	3		8	1
69	2024-08-15 01:02:33.271136+00	900	RemoveR	3		8	1
70	2024-08-15 01:02:33.345577+00	414	REMOVER	3		8	1
71	2024-08-15 01:02:33.42582+00	407	rEmOvEr	3		8	1
72	2024-08-15 01:02:33.499817+00	301	remover	3		8	1
73	2024-08-15 04:05:50.604404+00	666	rEMOVER	3		8	1
74	2024-08-15 04:05:50.606848+00	410	remover	3		8	1
75	2024-08-15 04:05:50.608937+00	357	REmoVER	3		8	1
76	2024-08-15 04:05:50.61051+00	356	reMover	3		8	1
77	2024-08-15 04:05:50.612171+00	344	rEmOvEr	3		8	1
78	2024-08-15 04:05:50.613593+00	298	removeR	3		8	1
79	2024-08-15 04:50:18.646757+00	493	REMOVER	3		8	1
80	2024-08-15 04:50:18.650383+00	434	remover	3		8	1
81	2024-08-15 04:50:18.652643+00	345	REMOVE	3		8	1
82	2024-08-15 04:50:18.654916+00	343	remove	3		8	1
83	2024-08-16 03:48:46.377062+00	1006	ReMOVER	3		8	1
84	2024-08-16 03:48:46.452016+00	895	rEMOVEr	3		8	1
85	2024-08-16 03:48:46.530929+00	828	rEMOVER	3		8	1
86	2024-08-16 03:48:46.605494+00	756	REMOVER	3		8	1
87	2024-08-16 03:48:46.68029+00	389	remove	3		8	1
88	2024-08-28 22:17:06.731711+00	1002	REmoVE	3		8	1
89	2024-08-28 22:17:06.735286+00	941	REMOVER	3		8	1
90	2024-08-28 22:17:06.737575+00	910	remover	3		8	1
91	2024-08-28 22:17:06.74005+00	871	remove	3		8	1
92	2024-08-28 22:17:06.742248+00	761	REMOVer	3		8	1
93	2024-08-28 22:17:06.744147+00	753	removE	3		8	1
94	2024-08-28 22:17:06.746076+00	694	rEMOVEr	3		8	1
95	2024-08-28 22:17:06.74778+00	692	ReMOVE	3		8	1
96	2024-08-28 22:17:06.749652+00	255	removeR	3		8	1
97	2024-08-28 22:17:06.751556+00	240	ReMoVe	3		8	1
98	2024-08-29 18:03:48.443327+00	1010	remove	3		8	1
99	2024-08-29 18:03:48.446239+00	812	RemoveR	3		8	1
100	2024-08-29 18:03:48.449251+00	708	REMOVEr	3		8	1
101	2024-08-29 18:03:48.451046+00	553	Remover	3		8	1
102	2024-08-29 18:03:48.452965+00	289	REMOVE	3		8	1
103	2024-08-29 18:03:48.454699+00	273	remover	3		8	1
104	2024-08-29 18:03:48.456522+00	140	removER	3		8	1
105	2024-08-29 18:03:48.458437+00	21	REMOVeR	3		8	1
106	2024-08-31 23:34:48.634382+00	2	teste	2	[{"changed": {"fields": ["password"]}}]	4	1
107	2024-08-31 23:45:42.246231+00	4	gonzaguinha	3		4	1
108	2024-08-31 23:46:19.138064+00	2	teste	2	[{"changed": {"fields": ["Email address"]}}]	4	1
109	2024-09-06 15:28:13.093348+00	531	REMOve	3		8	1
110	2024-09-06 15:28:13.096169+00	283	REMOVER	3		8	1
111	2024-09-06 15:28:13.098396+00	232	REMOver	3		8	1
112	2024-09-06 15:28:13.100826+00	176	REMOVE	3		8	1
113	2024-09-06 15:28:13.103302+00	175	REmove	3		8	1
114	2024-09-12 11:16:29.570374+00	2	teste	2	[{"changed": {"fields": ["password"]}}]	4	1
115	2024-09-17 19:42:36.031944+00	3	yasmin	2	[{"changed": {"fields": ["Superuser status"]}}]	4	1
116	2024-09-18 23:41:19.52453+00	5	João	1	[{"added": {}}]	4	1
117	2024-09-18 23:42:19.151848+00	5	João	2	[{"changed": {"fields": ["First name", "Last name"]}}]	4	1
118	2024-09-18 23:44:00.234787+00	6	Gabriel	1	[{"added": {}}]	4	1
119	2024-10-14 00:31:31.426023+00	7	Cibele	1	[{"added": {}}]	4	1
120	2024-10-14 00:32:27.462077+00	7	Cibele	2	[{"changed": {"fields": ["First name", "Last name", "Email address", "Staff status", "Superuser status"]}}]	4	1
121	2024-10-14 00:46:27.886323+00	7	Cibele	2	[{"changed": {"fields": ["password"]}}]	4	1
\.


--
-- Data for Name: django_content_type; Type: TABLE DATA; Schema: public; Owner: postgres
--

COPY public.django_content_type (id, app_label, model) FROM stdin;
1	admin	logentry
2	auth	permission
3	auth	group
4	auth	user
5	contenttypes	contenttype
6	sessions	session
7	core	timestampedmodel
8	produto	produto
9	estoque	estoque
10	estoque	estoqueitens
11	django_plotly_dash	dashapp
12	django_plotly_dash	statelessapp
13	produto	categoria
14	pdv	itemvenda
15	pdv	venda
16	produto	venda
17	produto	compra
18	produto	itemcompra
19	produto	tab
20	produto	itemtab
21	produto	cliente
22	produto	tabitem
\.


--
-- Data for Name: django_migrations; Type: TABLE DATA; Schema: public; Owner: postgres
--

COPY public.django_migrations (id, app, name, applied) FROM stdin;
1	contenttypes	0001_initial	2024-07-26 04:33:45.804823+00
2	auth	0001_initial	2024-07-26 04:33:54.509007+00
3	admin	0001_initial	2024-07-26 04:33:56.459841+00
4	admin	0002_logentry_remove_auto_add	2024-07-26 04:33:56.784809+00
5	admin	0003_logentry_add_action_flag_choices	2024-07-26 04:33:57.79395+00
6	contenttypes	0002_remove_content_type_name	2024-07-26 04:33:59.473306+00
7	auth	0002_alter_permission_name_max_length	2024-07-26 04:34:00.555988+00
8	auth	0003_alter_user_email_max_length	2024-07-26 04:34:01.575009+00
9	auth	0004_alter_user_username_opts	2024-07-26 04:34:01.965946+00
10	auth	0005_alter_user_last_login_null	2024-07-26 04:34:03.622805+00
11	auth	0006_require_contenttypes_0002	2024-07-26 04:34:04.03536+00
12	auth	0007_alter_validators_add_error_messages	2024-07-26 04:34:04.865447+00
13	auth	0008_alter_user_username_max_length	2024-07-26 04:34:05.821464+00
14	auth	0009_alter_user_last_name_max_length	2024-07-26 04:34:06.542282+00
15	auth	0010_alter_group_name_max_length	2024-07-26 04:34:07.273321+00
16	auth	0011_update_proxy_permissions	2024-07-26 04:34:08.03476+00
17	auth	0012_alter_user_first_name_max_length	2024-07-26 04:34:09.465829+00
18	core	0001_initial	2024-07-26 04:34:10.796057+00
19	produto	0001_initial	2024-07-26 04:34:12.536497+00
20	estoque	0001_initial	2024-07-26 04:34:14.272258+00
21	estoque	0002_estoqueitens	2024-07-26 04:34:16.42647+00
22	produto	0002_rename_produtos_produto	2024-07-26 04:34:18.885301+00
23	produto	0003_alter_produto_nivel_estoque_alter_produto_produto	2024-07-26 04:34:19.904669+00
24	produto	0004_alter_produto_nivel_estoque	2024-07-26 04:34:20.519886+00
25	produto	0005_alter_produto_nivel_estoque	2024-07-26 04:34:21.45007+00
26	produto	0006_alter_produto_options_remove_produto_preco_and_more	2024-07-26 04:34:23.573682+00
27	produto	0007_produto_margem_vendas	2024-07-26 04:34:25.228761+00
28	produto	0008_alter_produto_estoque_alter_produto_estoque_minimo_and_more	2024-07-26 04:34:26.564655+00
29	sessions	0001_initial	2024-07-26 04:34:28.511316+00
30	produto	0009_remove_produto_ncm_produto_codigobarra	2024-08-04 23:22:16.387812+00
31	produto	0009_alter_produto_codigobarra	2024-08-04 23:31:05.719255+00
32	django_plotly_dash	0001_initial	2024-08-05 04:48:50.227075+00
33	django_plotly_dash	0002_add_examples	2024-08-05 04:48:50.291303+00
34	produto	0010_alter_produto_codigobarra	2024-08-05 04:48:50.48117+00
35	produto	0011_categoria_alter_produto_options_produto_categoria	2024-08-05 13:23:45.170248+00
36	pdv	0001_initial	2024-08-06 05:08:12.40952+00
37	produto	0012_venda	2024-08-10 00:51:28.880419+00
38	produto	0013_compra_itemcompra	2024-08-10 03:22:06.250873+00
39	produto	0014_tab_itemtab	2024-09-01 03:06:39.026656+00
40	produto	0015_cliente_remove_tab_nome_remove_tab_sobrenome_and_more	2024-09-01 03:32:13.492562+00
41	produto	0014_tab_tabitem_tab_produtos	2024-09-01 04:50:45.758048+00
42	produto	0015_alter_produto_codigobarra	2024-09-04 19:13:50.75656+00
43	produto	0016_tabitem_adicionado_por	2024-09-10 11:11:25.951037+00
44	produto	0017_tabitem_data_criacao	2024-09-17 18:51:50.351861+00
45	produto	0018_alter_tabitem_data_criacao	2024-09-17 18:54:47.341795+00
46	produto	0019_alter_tabitem_data_criacao	2024-09-17 19:06:39.787996+00
47	produto	0020_alter_tabitem_data_criacao	2024-09-17 19:09:19.311744+00
\.


--
-- Data for Name: django_plotly_dash_dashapp; Type: TABLE DATA; Schema: public; Owner: postgres
--

COPY public.django_plotly_dash_dashapp (id, instance_name, slug, base_state, creation, update, save_on_change, stateless_app_id) FROM stdin;
\.


--
-- Data for Name: django_plotly_dash_statelessapp; Type: TABLE DATA; Schema: public; Owner: postgres
--

COPY public.django_plotly_dash_statelessapp (id, app_name, slug) FROM stdin;
\.


--
-- Data for Name: django_session; Type: TABLE DATA; Schema: public; Owner: postgres
--

COPY public.django_session (session_key, session_data, expire_date) FROM stdin;
z0rv2k4mnsn1k3nfhwz44phtnru92zwb	.eJxVjDsOwyAQBe9CHaHF_FOm9xnQwkJwEmHJ2FWUu0dILpL2zcx7s4DHXsPR8xYWYlcm2eV3i5ieuQ1AD2z3lae17dsS-VD4STufV8qv2-n-HVTsddQaSUyofPIZjHRWoRVSO2cRPEiKUExxQBBtMjFRKtZMICQoEkpozz5f1W03Nw:1spCmZ:5pf-fDiXx45yRA2GrBwOwmWJMrbhMyeAsZZ0qUyUO1M	2024-09-27 20:20:43.485236+00
1yzphp9eknz8gjaou60po048vi4c5fq0	.eJxVjMsOwiAQRf-FtSG8Cy7d-w1khgGpGkhKuzL-uzbpQrf3nHNfLMK21riNvMSZ2JlJdvrdENIjtx3QHdqt89TbuszId4UfdPBrp_y8HO7fQYVRv7UVQWdjSIC1SYTJZVlQm-StL-B1kkRakRJWgnAO0StXQgGJ3ujJOMneH88SNzo:1sh7gB:pwfTDva_5a5_62qqnkf5EBUWVHdstp-_8dsOklg4Hnk	2024-09-05 13:16:43.443907+00
etvcqkpm61gbwox7utd62ee9tdpl0yrf	.eJxVjEEOwiAQRe_C2hAKI864dN8zkIFBqRpISrsy3l2bdKHb_977LxV4XUpYe57DJOqsBnX43SKnR64bkDvXW9Op1WWeot4UvdOuxyb5edndv4PCvXzrzMmKNeIRxQPSlcA5h9FQMpjZxpPNBi1HmwYDIEQoYBzHowfCROr9AdjbN0w:1sa5QG:x2qe-XBDJV_iOXcfYMVs-0RR84ujB665XvF6KS_DY-g	2024-08-17 03:27:12.67139+00
vd15ckv38urcllyhxzuz1u93vnzl5cpw	.eJxVjEEOwiAQRe_C2hAKI864dN8zkIFBqRpISrsy3l2bdKHb_977LxV4XUpYe57DJOqsBnX43SKnR64bkDvXW9Op1WWeot4UvdOuxyb5edndv4PCvXzrzMmKNeIRxQPSlcA5h9FQMpjZxpPNBi1HmwYDIEQoYBzHowfCROr9AdjbN0w:1srRkr:o83c-NhHIkFGyqPG2dXY6AVBeyGYGnPvzBZTyH7waf8	2024-10-04 00:44:13.09206+00
jiyrkh8qq8tz15bk4ytbp0ugyinq8v3j	.eJxVjEEOwiAQRe_C2hAKI864dN8zkIFBqRpISrsy3l2bdKHb_977LxV4XUpYe57DJOqsBnX43SKnR64bkDvXW9Op1WWeot4UvdOuxyb5edndv4PCvXzrzMmKNeIRxQPSlcA5h9FQMpjZxpPNBi1HmwYDIEQoYBzHowfCROr9AdjbN0w:1sa5UZ:2TSsjCQT4-jbAog3iu6mdmOQHUJauW1TsdWDheN2YxM	2024-08-17 03:31:39.739035+00
dpv1ls4i6sfxh387yvlhntrqca116ykv	.eJxVjcEOgjAQRP-lZ9OUtuIuR-9-Q7PtLoKaNqHAxfjvQsJBr_Nm3rxVoGUewlJlCiOrTjXq9JtFSk_JO-AH5XvRqeR5GqPeK_qgVd8Ky-t6dP8EA9VhWwsly9ZwC8CtB-zRO-cgGkwGhGy8WDFgKdrUGO8ZEdgbR_HceoSEmzSXlcK6HZDqenpV-XwBM1w-Ig:1sp4RP:FmMwO5uUQtKqlQelEgBg-9hMhiPRYUbHTUmfQnjybOY	2024-09-27 11:26:19.373113+00
1ejj7ywvkv8e9ltlk6fevzjhdrhn0zns	.eJxVjEEOwiAQRe_C2hAKI864dN8zkIFBqRpISrsy3l2bdKHb_977LxV4XUpYe57DJOqsBnX43SKnR64bkDvXW9Op1WWeot4UvdOuxyb5edndv4PCvXzrzMmKNeIRxQPSlcA5h9FQMpjZxpPNBi1HmwYDIEQoYBzHowfCROr9AdjbN0w:1sa5hh:hqE6YjU2LBKd_sXjaPmKJ2dVneQSfmQJErcvnc3GSDw	2024-08-17 03:45:13.431445+00
bdhilxmnz6au4qa17ieyapaidhkb9nyp	.eJxVjEEOwiAQRe_C2hAKI864dN8zkIFBqRpISrsy3l2bdKHb_977LxV4XUpYe57DJOqsBnX43SKnR64bkDvXW9Op1WWeot4UvdOuxyb5edndv4PCvXzrzMmKNeIRxQPSlcA5h9FQMpjZxpPNBi1HmwYDIEQoYBzHowfCROr9AdjbN0w:1sa67o:Tta33eC5aAtT3Ncj-1jN6fTw6PjAVtcAc5nA1NVaqs0	2024-08-17 04:12:12.178863+00
p2xbpt8g9cn8dfipdnksy892042irb94	.eJy1j8FugzAQRH8F-YyQjY0x3AhCSaRUVC23qkILNsVtardgcony7zVRVLW3Xqq97cy82T2jFhY3tsusplZLlCOCwp-7Dvo3ZVZBvoJ5sVFvjZt0F62W6KbO0Z2V6ri5eX8BRphHn05wRhVjEkOS9DhLuSJDR1kvEjGAoD2RksYyxgkBzHnXiZgP2QCkE4ymjK9XGXuC9uQLAOUDHGcVIu2UmVH-dEYfk5WLs9cfmEhX97vyvZui8ROUu_39Y0Dx1nM-FzBOS5BeJ6FPqt62i9EOJm19hEUYo0v4_8yUfyPLXV3Wh6Kpgm3xUDd1UNTBodo31R_Y4sp-vnwBfH2RDw:1sqdqZ:yJyRb9gIi1XBmpSaEDX8hurkktdw--4TyDMm1onMkp4	2024-10-01 19:26:47.092177+00
x4l92b5nxbciyl3afa0p1t8555m6wsnd	.eJxVjUEOwiAURO_CuiEUsH66dO8JjCEfPrXVBpJCuzHeXZp0odt5M2_ezOJaRrvmsNiJWM9a1vxmDv0rxB3QE-MjcZ9iWSbH9wo_aObXRGG-HN0_wYh5rOuAXpIU1AFQp8EMRiulwAnjBQSU7iyDAIlO-lZoTcYAaaHQnTptwJsqnUqImfW3e8Py6koqOFexqCSmDe1Wr5H1A845fL7W9EYz:1t09EC:f4Nfzs_hlpZVtnJm-sEovN5mpyQ_2QJHpyGUU8-n2X4	2024-10-28 00:46:28.251504+00
kfzmvdgfje0z024pyz5t3xgpzvpw9asb	.eJyNj8tOwzAURH_lyuvIcm032OwKRIDaJBWwoqmi6wdNShtLcbJC_DuJVCRYwXZmzpHmg9Q4Dk09Rt_XrSPXZEGSn5lB--67uXBH7A6B2tANfWvoPKGXNtI8OH-6uWx_CRqMzUR7tNxx5lKlXCqVftNSCKEM05Ypj9xccc8UR8PtgknptFZOMoFmmUqtrJ6lZx8jHnycdLtdRer6GEP3nVYkAZYAXyZQkW0f3DgEeM7uVvBa5iVsn1YvK0DX2jZ06ALYcIY42gkOdGYrUpF9Av_zPmSPRbbOCtiUxX2R3a5BCJZv_vTvpxtxNEMY8DS9YJQx8vkFr_d6Yg:1skXII:iAmAHzWs__WuiqtBVS8mamS5EJQhGopu5ZaO3pSESIQ	2024-09-14 23:14:10.91299+00
yc3roppjrc2n9zj1b06jhuvxtzmfhgth	.eJxVjMsOwiAQRf-FtSG8Cy7d-w1khgGpGkhKuzL-uzbpQrf3nHNfLMK21riNvMSZ2JlJdvrdENIjtx3QHdqt89TbuszId4UfdPBrp_y8HO7fQYVRv7UVQWdjSIC1SYTJZVlQm-StL-B1kkRakRJWgnAO0StXQgGJ3ujJOMneH88SNzo:1secV5:OCxcbxcy-VY3kntXEaoWKY3z8lI-aSfbn9n8NkAjcoo	2024-08-29 15:34:55.447864+00
77j0daabmha8m5y1ft3e4fhc3ql51u6t	.eJxVjEEOwiAQRe_C2hAKI864dN8zkIFBqRpISrsy3l2bdKHb_977LxV4XUpYe57DJOqsBnX43SKnR64bkDvXW9Op1WWeot4UvdOuxyb5edndv4PCvXzrzMmKNeIRxQPSlcA5h9FQMpjZxpPNBi1HmwYDIEQoYBzHowfCROr9AdjbN0w:1sa9jM:Ab6eCaPdy9v4blf0BhrbHZoSGXjEmXzoo9V_cD7gCyI	2024-08-17 08:03:12.430905+00
1sqxpmycc9q3svuld0x4qtfowcgtxz27	.eJxVjMsOwiAQRf-FtSG8Cy7d-w1khgGpGkhKuzL-uzbpQrf3nHNfLMK21riNvMSZ2JlJdvrdENIjtx3QHdqt89TbuszId4UfdPBrp_y8HO7fQYVRv7UVQWdjSIC1SYTJZVlQm-StL-B1kkRakRJWgnAO0StXQgGJ3ujJOMneH88SNzo:1seoVM:HaRf6R0Ov_EUr0gFmnnNo9O49Q9w-QQsPz8DUCJ5aGY	2024-08-30 04:24:00.483966+00
x6tjwdq8b8s9kg5mk2oo7yshtade0ycf	.eJxVjEEOwiAQRe_C2hAKI864dN8zkIFBqRpISrsy3l2bdKHb_977LxV4XUpYe57DJOqsBnX43SKnR64bkDvXW9Op1WWeot4UvdOuxyb5edndv4PCvXzrzMmKNeIRxQPSlcA5h9FQMpjZxpPNBi1HmwYDIEQoYBzHowfCROr9AdjbN0w:1saFEg:pWlV6LzRMtXczGi4viDVNW8ckVWN5nMofcgx0xDaijo	2024-08-17 13:55:54.519429+00
ch8zw92ybxcd0mk2f2a4jrabj4m8c20a	.eJxVjMsOwiAQRf-FtSG8Cy7d-w1khgGpGkhKuzL-uzbpQrf3nHNfLMK21riNvMSZ2JlJdvrdENIjtx3QHdqt89TbuszId4UfdPBrp_y8HO7fQYVRv7UVQWdjSIC1SYTJZVlQm-StL-B1kkRakRJWgnAO0StXQgGJ3ujJOMneH88SNzo:1sf8yO:5eZpl8kMHJyS5K5Wlp9vWsI6i0EYpLe9ggSOG0BOTh4	2024-08-31 02:15:20.02918+00
095yo3qz269olck8rwvo41cnhtg2m1y2	.eJxVjEEOwiAQRe_C2hAKI864dN8zkIFBqRpISrsy3l2bdKHb_977LxV4XUpYe57DJOqsBnX43SKnR64bkDvXW9Op1WWeot4UvdOuxyb5edndv4PCvXzrzMmKNeIRxQPSlcA5h9FQMpjZxpPNBi1HmwYDIEQoYBzHowfCROr9AdjbN0w:1sakpu:o7DaoFvI8IuWXbE6Vb6ge3u4Ws6r0vEhRzf7FY0f5Q4	2024-08-18 23:40:26.493192+00
j18fnhxeerahyxx6n10ynitpnky7s01p	.eJxVjMsOwiAQRf-FtSHA8HTp3m8gwwBSNTQp7cr479qkC93ec859sYjb2uI2yhKnzM5Ms9PvlpAepe8g37HfZk5zX5cp8V3hBx38OufyvBzu30HD0b41KeWNAw1JFnCGSEntapLGg7DSonKUEQQS6CCxmlq8DRBkEoCUcmXvD8C1N5A:1saqjE:m6SXfvDBr_TTLR0EsRAefZpvWU3EiWxwyqNJjyHN20U	2024-08-19 05:57:56.451328+00
vvwcjskh9ezo248ajkk9rpk28rplpwrv	.eJxVjEEOwiAQRe_C2hAKI864dN8zkIFBqRpISrsy3l2bdKHb_977LxV4XUpYe57DJOqsBnX43SKnR64bkDvXW9Op1WWeot4UvdOuxyb5edndv4PCvXzrzMmKNeIRxQPSlcA5h9FQMpjZxpPNBi1HmwYDIEQoYBzHowfCROr9AdjbN0w:1scgSq:4O5mi_T-OxOBhBeTEc3C2qQOyU_zMEy-Do8AQw1s-H8	2024-08-24 07:24:36.351798+00
39t1ajlc9ft6g6bjdnmx0ck12fgurq75	.eJxVjEEOwiAQRe_C2hAKI864dN8zkIFBqRpISrsy3l2bdKHb_977LxV4XUpYe57DJOqsBnX43SKnR64bkDvXW9Op1WWeot4UvdOuxyb5edndv4PCvXzrzMmKNeIRxQPSlcA5h9FQMpjZxpPNBi1HmwYDIEQoYBzHowfCROr9AdjbN0w:1sc6mU:e5vXo0yjLIdlgzQI5QKa5upEuod8p8smDKzbGpFquHg	2024-08-22 17:18:30.52253+00
vpr3q39ddnex5qqemfbfqgmplk06e66r	.eJzlk81OwzAQhF_F8tmK3CQNTo-gCFB_4MCtqaKN7TZuGy_ENpeKd8cpRYIDdwSSTzszn1Yrz4k2EHzXBKeHxig6oxPKvs5akAdtR0Htwe4wkWj9YNpktCQX1SVLVPp4ffF-A3TgupjWIFOVclUIoYpclNsyz7JMtLyUXGhI26tUc5FCm8oJz3NVlkLlPIN2WuSlkOUI7bVzsNMu4tbrmjbN3qH9nNaUEc5IOmWkpo8DquCR3FX3q2percjiYXW7qm7mJMv4ckFAGWnQgkIisScuyAjBZGTUtKYbRv42_wkVOhKf8do6ssUBejLoHl_NKIzYTssDBv97dv6PN9nEb39eh87WJ_r8QTv3dMKoxV7HKvzAjsmXANYbBSraUhbjWmITrPEwGIxJkXBO3zaMutB69HAc61-ch-9KXkf7:1shpTc:k-FmvoLZU0YeKfytHmBpib9KilRyi16X6NjGB7JmuEw	2024-09-07 12:02:40.002443+00
bz5v8uujdzlgr2p94joyfwqvthb1p1e4	.eJxVkM1uwyAQhF8F7dmyMNgO5Nb20FOV3OPIWn4akybQGjhFeffiNK3SE9LszOy3XGDEnKYxRzuPzsAaGqgeNYX6w_plYI7oD6HWwafZqXqx1PdprN-Csafnu_dfwYRxKmmLmhlGTS-E6Vsh32XLOReKSk2FRaZWzFLBUDHd0LY1UgrTUo6q61sptCylLlkfYb27wOccTE7hBtw0lFfgw9mWLdunIVOqV5uX28s3RNLXEv3K6JMzaIqpq0re6jBm7xLOLpQcr1kH130FMasUEp6Wj-gXsdxytjHiwZbVsNsNMI7HGPyvOkBFaEVYV5EBtj9cpGD8cTyAEDROu-DRBKLDmcSsS0mol44BBtjv4foNmkl-qA:1shpjB:SrE8LTtdWO5P2puvmhIL2t8klF-k_JD91HzdLTosgk4	2024-09-07 12:18:45.573076+00
7zihsnavr205fcjxqinygokhjhjybzsf	.eJxVjDEOwyAQBP9CHSFsHxhSpvcb0MEdwUmEJWNXUf4eI7lImi12Z_YtPO5b9nvl1c8krsKIy28XMD65tIEeWO6LjEvZ1jnIhshzrXJaiF-3k_07yFhzs4Oxo4sxaWV16LVNitERAQ49HAnASEMXrEnE4GB0DIYwdCmhOjzx-QICXDkC:1t21cm:q1oTlwtr5--AAHtVekdGs9crWNmS6DgPJzZ0FklmfIM	2024-11-02 05:03:36.69083+00
uhc1do01gc8n5h72gatxuhdxtexpje7q	.eJxVjEEOwiAQRe_C2hAKI864dN8zkIFBqRpISrsy3l2bdKHb_977LxV4XUpYe57DJOqsBnX43SKnR64bkDvXW9Op1WWeot4UvdOuxyb5edndv4PCvXzrzMmKNeIRxQPSlcA5h9FQMpjZxpPNBi1HmwYDIEQoYBzHowfCROr9AdjbN0w:1sqWL6:uMwH6mbvSS26jugB09kRb6j1eo60A3jLvIEEgK6JocM	2024-10-01 11:25:48.816527+00
c0zgl61jk73c91x6n5pv18rhfpwazgwp	.eJxVjcsOwiAURP-FtSE8ikCX7v0CY5oLF2y1gaTQboz_Lk260O2cmTNvMsBax2EtYRkmJD3R5PSbOfCvkHaAT0iPTH1OdZkc3Sv0oIVeM4b5cnT_BCOUsa1jQHQOWcRoRWCSK62Ry66zxutzEJwLh9xixz3ziinJjELDY2eFgmhkk041pEL62_1EyupqrjA3MWsk5Q2GrV0D6SPMJXy-CX1Gig:1t1xfZ:D_lgUUjOyQczeN_Fd0IGZckJoKV-kJ2u33VHyeRvmo0	2024-11-02 00:50:13.054945+00
sjdqlrio72g2nw37udv2mswfzx84d94w	.eJxVjMsOwiAQRf-FtSEMDwGX7vsNBJhBqgaS0q6M_65NutDtPefcFwtxW2vYBi1hRnZhlp1-txTzg9oO8B7brfPc27rMie8KP-jgU0d6Xg_376DGUb91IcSUUBQsXpJQYKxFUFp7l-2ZJIBMCB41ZJGNMEo4gw6K9tLE4hR7fwD8Cjej:1t09Eh:geOfC_ZPwxWCuMkmgubfo9bLEidq1sxee7hrp2s6obs	2024-10-28 00:46:59.624382+00
zidhlifh933cjfc8b0zsmg8es4871x84	.eJxVjcsOgyAURP-FtTEXQUCX3fcLmoZcXtXWQCLopum_FxMX7XbOzJk30biVSW_Zr3p2ZCSMNL-ZQfvy8QDuifGRWptiWWfTHpX2pLm9JueXy9n9E0yYp2Pdo6Md8sEOHgRTkqOkrFdKIgzAnIEgggIHRlphrLNBig4oA-4op_1QpXPxMZPxdm9I3kxJBZcqhkpi2lHv9RrJGHDJ_vMFz9VGHg:1sqeBa:qP8E9Sg2N9whaM9XurW8M50fX76vZBHrZzyfbJ5hIkg	2024-10-01 19:48:30.099746+00
z3x6ua1m38i3onko2wj08a9lqgedbv5c	.eJxVjkFuwjAQRa-CvEaWEwcnZgmKaAWkB0AoGnscYtra1LFXiLs3iVjAdv57_8-dtJBi36bBhNYiWZOcLF9vCvS3cVOAV3AXT7V3MVhFJ4Q-04EePZqfzZN9K-hh6Ee76ITgHVNCSyi1ylDDqiqylUQl8lxgobkoFRNYoaw6zhQvpWFQaFQZE3IqtdG4gaxPd3ILHlP088PZkjj_a8aJj_qzqfd1szh8Nbum3u4XnLPjYTT_ErhoEdDM_C0Y7dvkbIRg_WhWlDHyOD_-AYthVqE:1sohwo:nBJLgKqgK3wXvokpJFb0EGpy8SHRsFO5iL0o-_g__C0	2024-09-26 11:25:14.87395+00
e3lrmfhga12uwnr2vtaz6h2lm7fs2434	.eJxVjUEOwiAURO_CuiEUsH66dO8JjCEfPrXVBpJCuzHeXZp0odt5M2_ezOJaRrvmsNiJWM9a1vxmDv0rxB3QE-MjcZ9iWSbH9wo_aObXRGG-HN0_wYh5rOuAXpIU1AFQp8EMRiulwAnjBQSU7iyDAIlO-lZoTcYAaaHQnTptwJsqnUqImfW3e8Py6koqOFexqCSmDe1Wr5H1A845fL7W9EYz:1sl0Yb:H1kjmZf-gJ8ECpATioO8Wuylg6u83kLsTJvNcE9fTNY	2024-09-16 06:28:57.498369+00
ilss3f9s8dw3xw3kj1dxo6l50gzru3q1	.eJxVjcEOgjAQRP-lZ9OUtuIuR-9-Q7PtLoKaNqHAxfjvQsJBr_Nm3rxVoGUewlJlCiOrTjXq9JtFSk_JO-AH5XvRqeR5GqPeK_qgVd8Ky-t6dP8EA9VhWwsly9ZwC8CtB-zRO-cgGkwGhGy8WDFgKdrUGO8ZEdgbR_HceoSEmzSXlcK6HZDqenpV-XwBM1w-Ig:1t1rIJ:9MT3XdrEksCuKTqngTzjTKhk5W_3WWhauxID4JaHp0Q	2024-11-01 18:01:47.684944+00
nj15agj9mfs1xa8v7jvjiujwbajeamin	.eJx9j11PgzAUhv8K6TUhbWn52N0-yCTbQN12pYYcaHHoRhXKboz_3UIW53Tx9rzveZ5zPlAGnd5lXSubrBJohAiyf85yKF5l3QfiBepn5RSq1k2VO33FOaWts1JC7ien7gVgB-3ObHMcupIxgYHzAoe-J0mZu6wIeFBC4BZECJcKijkB7Hl5HlCvDEsgecBcn3n9VbU6QnY0AkCjEvattFGlZd2i0cMHemuU6LQafqC-17cP0njjzXYyfuwwLkQytpZpMk-i6cJyOV8tDfO9g1pXAoTpUttQZKGyrq40NJXqz3YwRp_2JZ9gn30L1pt4MZ7FyU1qETr_heRXkKRH2qjtcq007DPzw-EfU3A2JfF0Ed2vrdvhn9CaRdYqXaZ328hif9TeFTVz-DU19Qf30zkxQ5cOwy8MJ6py:1sx82o:4wDEjY-cB5QO1RHOS08mu3l42hybjT0bBYfBTzEYCCY	2024-10-19 16:54:14.189472+00
w81ffq7u1c2mht88pyrnro43pqvy3kqe	.eJy1VtGOozYU_ZUrnqMIbAgwbw4wjDcORsZMd9VWEQF2J-0MtAnZl1X_vU5mGtiNI3la9RHbnON7fc6995u1qY7D0-Z4aPebXWPdWY41m65tq_r3tjttNL9V3Zd-XvfdsN9t56cj87fdw3zdN-3z8u3sdwBP1eFJ_d1WNWqQ3SyCoFm4Qfg5dDHGwdYOaztoK7T1UWsHqNqi2rFdtwnDoHFtXG29hRsGdahAu_5rtfmqCCrr7nP1fGhn1m5ou4N19_M364993xyH_hwDtsPT6ZdW8RYrzgB79pophD-PVTfsmqpRO85M_dPW_ebY7YZqv-vVYTwPbeuv2fdoDsaLC1ycMHgkjCWwJllKjJG9uWerY4fjduiH6nmjLv7yz_IVoeuOhGSdZHGZ_3K07RrD-YvTNXwgOc_Oi1VhQO_ObR39efmK3nGCC31EUyIEh5TeS6MwNYDogiaSGJYlYyAFiWlEeUYYIMMUOrY-iNf1qygC70K7ZCRaQSQSmaxAZVA-cCPC4AZhoCX0HP_CWPcv2x6-7DqTtwn1qnPdC1xaEkEyAiSTREgaEXBmnkkINyLQB2D7I2Mh6Uo9UfbAwUGpSbJu5ErPtBgNuuYqtLRUbwMO_h-YxpiWtICPSnnABU2pkp6RcXQGxZOnzpO8oMZ1QO84PMlHQVhKYg73ZXY2iKDcAHehxUUT3JzK0viavr5c-fpyFfoTpcbqNaHgTJpcG-muHTpjMjIarRJRgOuZSEP7Wr49rT__sfz8CD6R1wjOc2XRdyDrpev6-IJ9f_IIB1IUShomidAm1gsmMpMJY6qiCMmVLfJSJJByFgPGZpcO9S4MdbxG_RiZ9mPsjA9KJaE5eTTvw1h3P9dDVw1PcClViy-AZjIRGZGvaol5uWSJUeVFnsaQk7t_KEWZ09MQwYgkoLxqphak9-br-rWK8OgmwaNVoRogI6q0qB5iVLDQjdFBqzDfm3TdJLlPiEoeMK6GlgwKZbuflokQn8A3tYZ_Q2dvG9ezCxpnF0YjLsDFED3wiKskm7ybMq2e8W1DMx1eaSdSYxqDJSvNhPKOFu1NnCT3bTf00LQQPfV1_1wN7b9uQMidNIpEqEpA4PHc_aXSP4eiJI8mwWB9jpA_ykLyOP50Qkb2O1rmrdn113Hj1J88Z-4q2_0Nssf3DQ:1t2ttj:75GqA4tH4NFIdrCU3jNBah5oreu6Ao6tNg3q9oxGj3w	2024-11-04 15:00:43.806065+00
yetj3zizkdihu6vn34ahbc0qxk6hnjzc	.eJzF0kFvgjAUB_CvQnomTQutgDfciDpRNp2HZVlIoWWyYbtB8WL87pbFTLd44LBk177_-73mtXuQslZv0rYRdVpyMAQesC_PMpa_C9kV-BuTrwrmSuq6zGAXgadqA-eKi2p0yv4ANqzZmO5CcJ5lHBW8CByBXEw9j2OXkMDPvYFwMHYyjgNOcI5yiqiLfMp9XJDAoazwXYOWWsgGDJ_34KNWvNXq68KYOIENpNoKM2U1S2JrjE34s2VSl5xxc4xt0yFylbay1KwulUm6MEDgYP-yKBqcLVaxrYA9LArRFctBZyqMx-HtdDFJrHh9M3uyVuEoWVoP62h6l_QYgP5nAEXke8J99LgMXYrmcQ-OXOPci91OoukimkULyxkEPcUrz_UH4osNmjbTSrOqWwPovB1Ld-YbMzAsWNWIwxEgpPym:1t20kp:PTBBWfhe8LCj_ja_JYVzOkYVJ8d661Ui4JiF3LtLfZU	2024-11-02 04:07:51.218799+00
7bh4vsyzedvhpsxw56ylxdd11dxqeg3d	.eJxVjcsOwiAURP-FtSE8ikCX7v0CY5oLF2y1gaTQboz_Lk260O2cmTNvMsBax2EtYRkmJD3R5PSbOfCvkHaAT0iPTH1OdZkc3Sv0oIVeM4b5cnT_BCOUsa1jQHQOWcRoRWCSK62Ry66zxutzEJwLh9xixz3ziinJjELDY2eFgmhkk041pEL62_1EyupqrjA3MWsk5Q2GrV0D6SPMJXy-CX1Gig:1t22hx:Ebn7sR1cJ_gTqbFDXqS--GVZ0lG1iAzpufbaYVmCRcU	2024-11-02 06:13:01.779171+00
5gtednqmfmcmh5giwtevohhu5pqzmk4n	.eJxVjcsOwiAURP_lrhtCAeulS_d-gTHk8qitNpAU2o3x36VJF7qdOXPmDYbWMpo1h8VMHnpoofnNLLlXiHvhnxQfibkUyzJZtiPsaDO7Jh_my8H-CUbKY10HcsIL7jtE3ynUg1ZSSrRcO46BhD2LwFGQFa7lSnmt0SsuyZ46pdHpKo1pI7PVA4J-oDmHBqYSYob-dm8gr7akQnP94vD5Au9tRjM:1snrfd:1F9ChHCkYfKBrfKcfR53gnsiX10s6CX7EniMobM0dhI	2024-09-24 03:36:01.896255+00
z4qcuxo5kdr12hxq00nacmqoctp6suvp	.eJzVlV1vmzAYhf-KxXUU2QZD6J0Bl7IZHBlSaV-KHCBrthS2BHpT9b_PRF1IVyZZlXaxW4wfHx_Oe3i01qrv7tb9sT6sd5V1ZdnW7PLZRpXf62ZYqL6p5ms7L9umO-w28-GV-fPqcZ62Vb0Pnt99AbhTx7thN1EVwsrxS7-Grr3wHOUhmywWnoI-tKsN3LrbBazgxivdTVmVW8_FENnQqZCDiK-hu65ujtbVp0frx6Gt-q49CUYYeTOrae9rfUooQgpCwSnAEKZcb_rZq6bbVarSy2imd9Zlu-6bXacOu1bvwHMCrafZH0zb9c_MnPKYRgJcr7IwERmViTDgunM4wXX8UWu8imgWg1zwwgSIJ4H-qJOzpGAgyQoWS8rBMpE0pNm7VUAN6N6UDTaCZ3pS0GRJbymwiZmx9l8MIKOxSzkovpYsvwGcpSIDaEZM2ItJtQSPOaABldqMkIGcBkICnqSfewhLWwDsEaMLTB7iwfEQmuYF48aGOJNJI9A-A5d1dVDAh2-Nl41HcwNJb1IKUso_JkHCpLFMMikTXcqkJys9Ef621IexUSIwmcgYGjOWLpmeLoBd_37_9oi54yeKRM5AJFIWGuAQnDQV4VcCzWfAnxCoA3gmFiKKPmQ3wrivnMk7_7O-whfc94KDGL312s7leCYxlVIAKYoipVl-ai2Z0WLQy_UHWwWcGY3oRKL-n_J2fOdlUm8Z11HQ1SVZIk24ZJKL4aseiFZLLoY20IWrx8swvUMTfJlZx37TtZ3a62dDNzXtg1o_6B-9sq62an-sn34Bt7OPYQ:1t2Br0:nZJT86Hmo--6CHczvgzAFTjr-mvB_HTz4olserGcsnU	2024-11-02 15:58:58.374239+00
i33gvnevyvvm9hcdouuotxreu02tvutz	.eJzFWF1z4jYU_SsaP7NU8gfGeROyYrQRFiPbmc12OhmDTUObhTbAvmz3v_eaMLGzqB2VQPrCMBgfXd97z7nn-ptzX-62D_e7Tf10v6ycKyd0et3fZuX893rVXKh-K1e_rvvz9Wr7tJz1m7_0D1c3_cm6qh9Hh_--AngoNw9w96KuqtmswotqEbk19kgQhhXxfD8azsNB7RLizioSVT6Z43mAAw8Pg2pIFn7kBuVi6AHocluvNs7Vz9-cP57W1W673gdMXBL2nNX6Sw2nMMUoYkpS5GI8kXDTn7tytV1WZQWXSQ_urOfr-91quS2flmu4w-0H2Pne-wETBy-QuRYxT3M0gQ_60y3XMbeA9fr4GDZwB22kY5oyLrlGxCZMH5sACY5eAEcqVShWjKOYI8lFbhOmb0RtQWlSUHStecYgr6QX2ITqGTNKCO5UKeVIczbmNFboL5Tr4hq-WWAH75NWN3zdUh_2LfWZa_W2vgp87wV3qkWaSJ4hpvmEI44YHzWnEOwnFvhkYIrcHZi4YJWKobFsA7_FEwnVkIFMyVwhWbCbO5QBO26g41QxkhwJZtNzxJhy0jYylXfANgmFFMBjm9iJ148MmP6wzUa83tQowF8eTyVviN2WFpMs5xJ5gV0v-KbUep1HFpMp1wKaaxCdHqCHWxqMuUj5DU8bRMsQjQmM2gQmRUzT5Ln6Vv1vqrLvttqS3SiJEmL1uIbg2mpoHqNRISXoCI0FEyqlErmWtSFGBTh_Ln3SoT5lN-ga9K-Rvxd4SXNqf4ZZuPyo5WusMo5uuRwrNALicqFPVtjzMsnrjAKRUzGlt9SaS-_U-udmO_E83KES1TSliIKj0Llgb3Url8S-1Ci8GLCHw-NesK3dwKzU7pFS27erUVfPJ4MkaqH2rg-JNOeJBgmcCk0ZTT8WI2qBHpqr1KpWrjQTMUUZHSl9cCsn28FzZgBHwZFJAW8JpNXXgssYKS0S0QwF-rmwKZo5FRfT1vOl4vzKetZCeYMOFpVJM_6ui3Q_sYFUVvw0xXgp3M5eQWH9i5WYgKGeoCksGLAVCbDBHB0OPDnB73FIOGj7Yr_SMX2X5UCIt6x0Zx-RQQdwT7CMw_gCd2czCox-qKuNlIG9GokMjWA-MgV7FrbZs4bGogUd887Giqm8GQop6C6sygqBBimoW2R1QmTkygXeaviBe6STEGc-oWm2nxo6pfmze35e6KzS4wb_30GEEONJ4_1Jjdq_aL-V7JusZUf1Ey4VApJqsFXNyxbY2aH0J5vWiyGDILZ836_TrzYjq7XoH5xmiA1dqTl4g5TCPESuzVZg5hQO2zGeFiAnzZsL34pCxJwG3EnDgf_P3B9aEtM4EDvNfeA505CK1OqFm_HR_fAoTtCptykUHrTZbNA-QQsAGbhNU5nl-eyIXuT9CwEmsMew4qOdxTRrdGcrypFUaVKIk98IXKBGHv7BWv23peKXnrPZzbbrbfkIv2Gnwfpa3n-tV1XpXC3Kx039_W-tA1Ug:1t2ktS:AXh-lPZr9uAxTCkM6daQ8zgJRn02RUlzhv70v3ePRcg	2024-11-04 05:23:50.323448+00
\.


--
-- Data for Name: estoque_estoque; Type: TABLE DATA; Schema: public; Owner: postgres
--

COPY public.estoque_estoque (timestampedmodel_ptr_id, nf, movimentos, funcionario_id) FROM stdin;
\.


--
-- Data for Name: estoque_estoqueitens; Type: TABLE DATA; Schema: public; Owner: postgres
--

COPY public.estoque_estoqueitens (id, quantidade, saldo, estoque_id, produto_id) FROM stdin;
\.


--
-- Data for Name: produto_categoria; Type: TABLE DATA; Schema: public; Owner: postgres
--

COPY public.produto_categoria (id, categoria) FROM stdin;
3	AGUA
16	VINHOS
4	REFRIGERANTE
2	SUCOS
6	ENERGÉTICO
5	CERVEJA
19	ISOTÔNICO
21	DIVERSOS
23	DOCES
24	MERCEARIA
25	CHOCOLATE
26	BOLACHAS
27	TABACARIA
28	CHICLETE
29	BALAS
30	CACHAÇAS
31	LEITE
33	VODKA
22	DESTILADOS
20	WHISKY
32	SALGADOS
17	SALGADINHOS
18	SORVETES
8	CIGARROS
34	GIN
35	LICOR
36	CONHAQUE
37	RUM
38	COQUETEL ALCOOLICO
\.


--
-- Data for Name: produto_cliente; Type: TABLE DATA; Schema: public; Owner: postgres
--

COPY public.produto_cliente (id, nome, telefone) FROM stdin;
\.


--
-- Data for Name: produto_compra; Type: TABLE DATA; Schema: public; Owner: postgres
--

COPY public.produto_compra (id, data, metodo_pagamento, total) FROM stdin;
1	2024-09-09 21:43:08.419235+00	DINHEIRO	19.80
2	2024-09-09 21:43:41.391159+00	DINHEIRO	19.80
3	2024-09-09 22:06:36.391647+00	CREDITO	29.70
4	2024-09-09 22:09:57.519774+00	DINHEIRO	7.00
5	2024-09-09 22:23:16.903975+00	DINHEIRO	16.90
6	2024-09-10 02:56:10.364901+00	DINHEIRO	16.00
7	2024-09-10 02:57:52.886808+00	DINHEIRO	0.00
8	2024-09-10 03:00:37.601104+00	DINHEIRO	7.00
9	2024-09-11 15:51:54.899247+00	DEBITO	11.50
10	2024-09-11 17:19:29.095246+00	DEBITO	14.50
11	2024-09-12 12:43:58.099039+00	PIX	20.00
12	2024-09-12 13:03:32.828149+00	CREDITO	30.00
13	2024-09-12 13:31:45.212101+00	DINHEIRO	13.00
14	2024-09-12 13:46:53.248254+00	DEBITO	14.49
15	2024-09-12 13:48:27.650157+00	DINHEIRO	10.00
16	2024-09-12 13:48:44.384829+00	DEBITO	10.00
17	2024-09-12 14:16:06.447136+00	DEBITO	2.00
18	2024-09-12 14:25:39.085838+00	CREDITO	18.00
19	2024-09-12 15:21:24.388404+00	CREDITO	14.50
20	2024-09-12 15:22:04.144999+00	CREDITO	6.00
21	2024-09-12 16:34:09.045488+00	CREDITO	20.25
22	2024-09-12 16:36:50.971353+00	DINHEIRO	7.99
23	2024-09-12 16:37:59.155669+00	DEBITO	19.25
24	2024-09-12 17:10:16.537313+00	PIX	8.00
25	2024-09-12 17:10:28.710197+00	PIX	4.00
26	2024-09-12 17:54:28.10343+00	PIX	27.00
27	2024-09-12 18:06:44.696175+00	DEBITO	22.00
28	2024-09-12 18:10:36.974293+00	DEBITO	2.50
29	2024-09-12 18:54:57.561275+00	DEBITO	12.00
30	2024-09-12 18:56:13.525083+00	DINHEIRO	14.50
31	2024-09-12 20:22:59.513441+00	DEBITO	50.50
32	2024-09-12 20:23:09.95844+00	DEBITO	50.50
33	2024-09-12 20:26:54.239844+00	CREDITO	12.50
34	2024-09-12 20:32:24.564423+00	CREDITO	11.50
35	2024-09-13 13:19:21.013136+00	DEBITO	8.90
36	2024-09-13 13:58:39.446692+00	DINHEIRO	28.00
37	2024-09-13 14:01:27.714236+00	DEBITO	13.00
38	2024-09-13 14:29:05.983274+00	DEBITO	7.00
39	2024-09-13 15:29:51.774447+00	DINHEIRO	41.00
40	2024-09-13 15:38:04.730644+00	CREDITO	13.00
41	2024-09-13 16:03:43.82195+00	DEBITO	5.50
42	2024-09-13 16:09:50.600698+00	DINHEIRO	61.50
43	2024-09-13 16:12:47.703544+00	DEBITO	61.50
44	2024-09-13 16:13:27.726485+00	DINHEIRO	61.50
45	2024-09-13 18:13:22.572277+00	DEBITO	10.50
46	2024-09-13 21:15:29.279522+00	DINHEIRO	40.50
47	2024-09-13 21:15:39.01311+00	DEBITO	10.00
48	2024-09-14 15:19:46.708549+00	DINHEIRO	15.00
49	2024-09-14 15:20:30.192268+00	DINHEIRO	10.00
50	2024-09-14 17:58:19.55178+00	DINHEIRO	30.75
51	2024-09-14 18:07:51.207808+00	DINHEIRO	32.50
52	2024-09-14 19:32:57.29076+00	DINHEIRO	28.00
53	2024-09-14 19:58:58.500437+00	DINHEIRO	14.00
54	2024-09-14 20:46:59.748804+00	DINHEIRO	8.25
55	2024-09-14 20:47:08.011818+00	PIX	34.25
56	2024-09-14 22:34:40.136203+00	DINHEIRO	59.00
57	2024-09-15 16:20:09.08374+00	DINHEIRO	61.25
58	2024-09-15 16:27:50.391174+00	DINHEIRO	11.00
59	2024-09-15 16:37:23.587693+00	DINHEIRO	26.00
60	2024-09-15 16:48:52.767829+00	DINHEIRO	97.00
61	2024-09-15 17:58:18.245279+00	DINHEIRO	32.50
62	2024-09-15 18:15:00.964443+00	DINHEIRO	7.50
63	2024-09-15 19:05:18.476027+00	DINHEIRO	20.75
64	2024-09-15 19:32:18.284407+00	DINHEIRO	50.75
65	2024-09-15 19:32:32.25396+00	DINHEIRO	50.75
66	2024-09-15 19:33:40.146382+00	DINHEIRO	50.75
67	2024-09-15 19:34:37.451836+00	DINHEIRO	50.75
68	2024-09-15 20:32:12.147228+00	DINHEIRO	11.00
69	2024-09-15 20:39:43.743504+00	DINHEIRO	91.00
70	2024-09-16 13:26:03.170713+00	DINHEIRO	32.50
71	2024-09-16 13:26:44.928469+00	DINHEIRO	32.50
72	2024-09-17 13:27:31.250922+00	DINHEIRO	400.50
73	2024-09-17 15:23:09.958414+00	CREDITO	23.90
74	2024-09-17 15:25:08.652914+00	PIX	23.00
75	2024-09-17 17:26:23.197315+00	DINHEIRO	28.40
76	2024-09-17 20:10:55.540587+00	DINHEIRO	14.50
77	2024-09-17 20:50:28.290878+00	DINHEIRO	19.00
78	2024-09-17 20:50:36.851121+00	DINHEIRO	17.00
79	2024-09-18 17:42:10.722956+00	DINHEIRO	13.50
80	2024-09-18 19:31:31.314077+00	DINHEIRO	14.00
81	2024-09-19 13:41:43.73907+00	DINHEIRO	6.00
82	2024-09-19 14:25:50.343809+00	DINHEIRO	7.00
83	2024-09-19 15:13:15.269813+00	PIX	24.00
84	2024-09-19 16:31:05.039385+00	DINHEIRO	30.50
85	2024-09-19 17:34:10.18937+00	DINHEIRO	64.90
86	2024-09-20 13:47:07.279627+00	DINHEIRO	3.50
87	2024-09-20 14:17:14.983961+00	DINHEIRO	8.90
88	2024-09-20 14:17:47.699164+00	DINHEIRO	3.75
89	2024-09-20 16:49:09.768809+00	DINHEIRO	18.75
90	2024-09-20 20:25:46.228133+00	DINHEIRO	642.62
91	2024-09-20 22:56:27.182643+00	DEBITO	54.50
92	2024-09-20 23:15:35.784108+00	DINHEIRO	21.00
93	2024-09-21 17:17:34.477701+00	DINHEIRO	36.25
94	2024-09-21 17:17:45.739159+00	DINHEIRO	12.00
95	2024-09-21 19:32:12.590241+00	CREDITO	7.00
96	2024-09-21 22:23:40.343433+00	DINHEIRO	102.75
97	2024-09-22 11:59:19.833854+00	DINHEIRO	28.00
98	2024-09-22 21:02:12.828647+00	DINHEIRO	60.39
99	2024-09-22 22:53:40.13145+00	DINHEIRO	21.00
100	2024-09-22 23:56:48.527695+00	DINHEIRO	3.50
101	2024-09-22 23:57:00.327808+00	DINHEIRO	44.50
102	2024-09-22 23:57:19.424165+00	DINHEIRO	18.00
103	2024-09-23 02:30:51.377205+00	DINHEIRO	139.75
104	2024-09-23 19:23:57.411315+00	DINHEIRO	40.00
105	2024-09-24 18:21:32.661969+00	DINHEIRO	13.00
106	2024-09-25 22:25:36.824035+00	DINHEIRO	110.50
107	2024-09-26 18:02:35.653135+00	DINHEIRO	72.00
108	2024-09-26 18:02:45.565835+00	DINHEIRO	21.00
109	2024-09-26 18:02:55.839474+00	DINHEIRO	36.25
110	2024-09-27 13:59:23.170833+00	PIX	139.00
111	2024-09-27 15:12:40.028443+00	PIX	139.00
112	2024-09-27 15:13:08.749581+00	PIX	139.00
113	2024-09-28 00:56:41.183402+00	DINHEIRO	45.50
114	2024-09-28 00:56:55.765018+00	DINHEIRO	47.00
115	2024-09-28 00:57:26.679638+00	DINHEIRO	50.50
116	2024-09-28 00:57:50.407334+00	DINHEIRO	24.00
117	2024-09-29 19:00:37.540139+00	DINHEIRO	20.00
118	2024-09-29 19:00:43.23955+00	DINHEIRO	3.90
119	2024-09-29 19:17:20.282718+00	DINHEIRO	22.50
120	2024-09-29 20:57:03.773055+00	DINHEIRO	23.70
121	2024-10-01 14:55:46.391612+00	DINHEIRO	3.50
122	2024-10-01 14:56:25.279093+00	DINHEIRO	19.50
123	2024-10-01 18:47:55.973381+00	DEBITO	68.00
124	2024-10-01 18:48:16.754589+00	DEBITO	68.00
125	2024-10-01 18:48:32.156185+00	DEBITO	68.00
126	2024-10-01 18:48:56.382543+00	DEBITO	60.00
127	2024-10-01 18:49:06.960148+00	DEBITO	46.50
128	2024-10-01 19:48:49.944712+00	DINHEIRO	209.00
129	2024-10-01 19:49:32.699788+00	DINHEIRO	23.50
130	2024-10-01 19:54:14.930806+00	DINHEIRO	12.00
131	2024-10-01 21:37:27.592141+00	DEBITO	8.00
132	2024-10-02 14:43:32.964952+00	CREDITO	104.25
133	2024-10-02 17:01:37.140384+00	PIX	9.50
134	2024-10-02 17:05:22.306693+00	DINHEIRO	56.20
135	2024-10-02 21:12:45.879969+00	DINHEIRO	28.00
136	2024-10-03 01:32:24.281377+00	DINHEIRO	80.75
137	2024-10-03 17:19:41.676817+00	DINHEIRO	304.12
138	2024-10-04 03:24:37.869434+00	DINHEIRO	3.90
139	2024-10-04 16:32:51.603947+00	CREDITO	32.00
140	2024-10-04 17:13:08.987718+00	DINHEIRO	24.00
141	2024-10-04 17:24:12.492071+00	DINHEIRO	3.00
142	2024-10-04 20:55:09.23951+00	DINHEIRO	11.70
143	2024-10-05 14:39:19.942277+00	DEBITO	14.25
144	2024-10-05 14:59:02.995148+00	DINHEIRO	32.80
145	2024-10-05 17:03:53.365084+00	DINHEIRO	2.25
146	2024-10-05 17:04:11.326063+00	DINHEIRO	9.00
147	2024-10-05 17:17:45.880091+00	DINHEIRO	14.80
148	2024-10-05 22:29:18.676808+00	DINHEIRO	7.80
149	2024-10-05 23:09:54.866797+00	DINHEIRO	220.59
150	2024-10-05 23:10:08.935883+00	DINHEIRO	220.59
151	2024-10-05 23:39:34.829189+00	DINHEIRO	20.00
152	2024-10-06 00:26:07.247202+00	DINHEIRO	374.75
153	2024-10-06 00:26:13.563329+00	DINHEIRO	0.00
154	2024-10-06 16:45:48.384863+00	DINHEIRO	40.00
155	2024-10-07 17:53:52.327258+00	DINHEIRO	49.75
156	2024-10-08 04:25:41.134503+00	DINHEIRO	86.75
157	2024-10-08 13:49:17.02035+00	DINHEIRO	3.90
158	2024-10-08 13:50:21.565327+00	DEBITO	138.30
159	2024-10-09 17:53:27.474669+00	DINHEIRO	36.30
160	2024-10-09 23:49:00.56202+00	DINHEIRO	18.60
161	2024-10-10 01:39:14.12323+00	DINHEIRO	11.70
162	2024-10-10 01:40:54.29309+00	DINHEIRO	55.00
163	2024-10-10 13:09:35.463096+00	DINHEIRO	7.80
164	2024-10-10 19:01:59.736605+00	DINHEIRO	27.30
165	2024-10-10 19:15:22.093611+00	DINHEIRO	7.50
166	2024-10-10 19:15:41.984825+00	DINHEIRO	35.10
167	2024-10-10 19:27:04.673612+00	DINHEIRO	24.00
168	2024-10-10 19:42:16.117849+00	DINHEIRO	18.70
169	2024-10-10 21:54:24.671544+00	DINHEIRO	36.50
170	2024-10-11 00:33:10.29408+00	DINHEIRO	9.00
171	2024-10-11 02:34:22.557144+00	DINHEIRO	42.00
172	2024-10-11 03:49:07.762954+00	DINHEIRO	48.90
173	2024-10-11 03:49:37.443711+00	CREDITO	634.34
174	2024-10-11 05:48:36.386719+00	DINHEIRO	35.60
175	2024-10-11 14:04:16.594958+00	DINHEIRO	33.40
176	2024-10-11 22:26:39.817051+00	DINHEIRO	22.00
177	2024-10-12 12:26:48.274003+00	DINHEIRO	27.30
178	2024-10-12 17:57:16.358397+00	DINHEIRO	30.00
179	2024-10-12 18:42:18.846386+00	DINHEIRO	31.30
180	2024-10-12 19:38:07.296519+00	DINHEIRO	19.50
181	2024-10-12 20:38:39.839414+00	DINHEIRO	23.40
182	2024-10-12 21:19:38.931973+00	DINHEIRO	2.00
183	2024-10-12 21:43:50.260333+00	DINHEIRO	27.30
184	2024-10-12 21:52:30.906309+00	DINHEIRO	127.40
185	2024-10-12 22:04:05.590664+00	DINHEIRO	3.90
186	2024-10-12 22:17:04.883304+00	DINHEIRO	23.40
187	2024-10-12 22:30:25.256606+00	DINHEIRO	25.50
188	2024-10-12 22:47:47.327811+00	DINHEIRO	32.60
189	2024-10-13 02:23:46.013405+00	DINHEIRO	14.70
190	2024-10-13 03:34:53.405051+00	DINHEIRO	153.20
191	2024-10-13 08:01:38.723421+00	DINHEIRO	45.50
192	2024-10-13 15:29:56.790834+00	DINHEIRO	39.60
193	2024-10-13 15:30:09.955578+00	DINHEIRO	39.00
194	2024-10-13 15:54:27.647347+00	DINHEIRO	81.50
195	2024-10-13 15:55:45.759375+00	DINHEIRO	0.00
196	2024-10-13 16:55:03.671456+00	DINHEIRO	146.50
197	2024-10-13 17:28:34.127891+00	DINHEIRO	19.50
198	2024-10-13 17:35:33.380416+00	DINHEIRO	42.30
199	2024-10-13 17:36:02.742844+00	DINHEIRO	6.50
200	2024-10-13 17:46:53.707826+00	DINHEIRO	30.80
201	2024-10-13 18:04:33.3853+00	DINHEIRO	25.80
202	2024-10-13 18:42:40.9309+00	DINHEIRO	80.00
203	2024-10-13 18:51:15.32072+00	DINHEIRO	36.00
204	2024-10-13 19:21:50.657431+00	DINHEIRO	3.00
205	2024-10-13 19:57:48.352005+00	DINHEIRO	8.50
206	2024-10-13 20:13:05.786272+00	DINHEIRO	102.60
207	2024-10-13 21:05:16.537843+00	DINHEIRO	23.75
208	2024-10-13 21:29:59.925737+00	DINHEIRO	75.50
209	2024-10-13 21:54:26.292356+00	DINHEIRO	22.50
210	2024-10-13 22:38:35.996302+00	DINHEIRO	24.40
211	2024-10-13 22:53:01.793517+00	DINHEIRO	25.70
212	2024-10-14 00:01:47.44796+00	DINHEIRO	42.50
213	2024-10-14 01:53:30.862587+00	DINHEIRO	140.05
214	2024-10-14 01:55:19.521297+00	DINHEIRO	53.80
215	2024-10-14 19:46:04.296627+00	DINHEIRO	36.70
216	2024-10-15 00:32:55.626546+00	DINHEIRO	66.20
217	2024-10-15 00:37:10.288007+00	DINHEIRO	20.70
218	2024-10-15 01:22:51.890434+00	DINHEIRO	123.10
219	2024-10-15 03:09:35.78522+00	DINHEIRO	10.00
220	2024-10-15 03:43:35.43148+00	DINHEIRO	24.20
221	2024-10-15 05:31:35.579331+00	DINHEIRO	7.80
222	2024-10-15 05:31:55.212603+00	DINHEIRO	8.50
223	2024-10-15 06:09:03.364979+00	DINHEIRO	216.00
224	2024-10-15 06:23:31.909997+00	DINHEIRO	35.10
225	2024-10-15 06:23:48.475168+00	DINHEIRO	83.80
226	2024-10-15 17:06:02.987422+00	DINHEIRO	7.80
227	2024-10-15 18:45:12.367844+00	DINHEIRO	30.30
228	2024-10-15 21:23:17.370779+00	DINHEIRO	20.20
229	2024-10-15 21:44:51.363631+00	DINHEIRO	8.00
230	2024-10-15 22:07:27.350669+00	DINHEIRO	10.00
231	2024-10-15 22:37:20.467504+00	DINHEIRO	31.85
232	2024-10-15 23:25:28.987952+00	DINHEIRO	15.60
233	2024-10-15 23:40:17.411344+00	DINHEIRO	44.30
234	2024-10-15 23:49:03.561743+00	DINHEIRO	14.00
235	2024-10-16 00:59:22.409461+00	DINHEIRO	24.50
236	2024-10-16 01:00:13.018776+00	DINHEIRO	9.50
237	2024-10-16 01:05:46.843563+00	DINHEIRO	16.75
238	2024-10-16 01:06:15.921009+00	DINHEIRO	7.00
239	2024-10-16 02:37:32.365442+00	DINHEIRO	39.00
240	2024-10-16 04:17:59.795023+00	DINHEIRO	61.20
241	2024-10-16 05:51:11.589072+00	DINHEIRO	28.00
242	2024-10-16 05:51:59.959195+00	DINHEIRO	9.00
243	2024-10-16 18:33:21.954374+00	DINHEIRO	67.10
244	2024-10-16 19:26:24.810381+00	DINHEIRO	35.80
245	2024-10-16 20:19:19.501026+00	DINHEIRO	17.70
246	2024-10-17 12:52:54.85251+00	DINHEIRO	66.30
247	2024-10-17 16:49:04.297266+00	DINHEIRO	10.50
248	2024-10-17 17:25:59.940608+00	DINHEIRO	27.30
249	2024-10-17 19:46:52.662388+00	DINHEIRO	65.50
250	2024-10-17 19:59:47.978794+00	DINHEIRO	28.00
251	2024-10-17 20:48:30.908103+00	DINHEIRO	41.00
252	2024-10-17 20:50:28.720658+00	DINHEIRO	38.70
253	2024-10-17 20:50:56.847367+00	DINHEIRO	37.70
254	2024-10-17 20:59:44.42204+00	DINHEIRO	57.20
255	2024-10-17 22:06:54.494994+00	DINHEIRO	3.50
256	2024-10-17 22:29:08.306106+00	DINHEIRO	227.00
257	2024-10-18 02:31:39.495044+00	DINHEIRO	31.70
258	2024-10-18 18:50:10.32438+00	DINHEIRO	20.50
259	2024-10-18 21:48:27.900742+00	DINHEIRO	15.60
260	2024-10-18 21:49:16.381953+00	DINHEIRO	9.50
261	2024-10-18 21:49:37.455324+00	DINHEIRO	54.00
262	2024-10-18 22:12:56.198176+00	DINHEIRO	14.50
263	2024-10-18 22:48:06.326218+00	DINHEIRO	22.50
264	2024-10-18 22:56:10.364144+00	DINHEIRO	10.50
265	2024-10-18 23:21:48.631113+00	DINHEIRO	31.20
266	2024-10-18 23:40:03.725533+00	DINHEIRO	7.00
267	2024-10-19 01:17:09.830736+00	DINHEIRO	1.50
268	2024-10-19 03:24:19.736722+00	DINHEIRO	45.70
269	2024-10-19 03:49:49.433464+00	DINHEIRO	108.30
270	2024-10-19 05:54:10.362677+00	DINHEIRO	33.80
271	2024-10-19 06:12:17.430086+00	DINHEIRO	68.90
272	2024-10-19 06:13:01.40226+00	DINHEIRO	0.00
273	2024-10-19 16:06:14.451091+00	DINHEIRO	26.40
274	2024-10-19 16:11:16.746018+00	DINHEIRO	46.80
275	2024-10-19 17:57:04.426924+00	DINHEIRO	49.95
276	2024-10-19 20:38:56.536298+00	DINHEIRO	52.95
277	2024-10-19 22:41:11.268277+00	DINHEIRO	259.40
278	2024-10-19 22:43:26.330211+00	DINHEIRO	61.70
279	2024-10-20 02:01:38.807745+00	DINHEIRO	48.50
280	2024-10-20 03:03:09.526571+00	DINHEIRO	62.40
281	2024-10-20 03:26:01.315625+00	DINHEIRO	49.00
282	2024-10-20 03:44:33.189391+00	DINHEIRO	507.91
283	2024-10-20 15:08:08.622016+00	DINHEIRO	352.80
284	2024-10-20 15:12:22.894857+00	DINHEIRO	436.09
285	2024-10-20 15:26:02.282673+00	DINHEIRO	2.50
286	2024-10-20 16:08:57.188963+00	DINHEIRO	9.00
287	2024-10-20 16:46:53.549762+00	DINHEIRO	6.00
288	2024-10-20 17:58:12.26256+00	DINHEIRO	12.00
289	2024-10-20 18:30:00.203116+00	DINHEIRO	39.00
290	2024-10-20 18:34:17.858063+00	DINHEIRO	96.90
291	2024-10-20 18:52:51.334607+00	DINHEIRO	35.10
292	2024-10-20 21:09:51.93174+00	DINHEIRO	11.70
293	2024-10-20 22:18:30.848767+00	DINHEIRO	127.49
294	2024-10-20 22:19:09.026432+00	DINHEIRO	4.90
295	2024-10-20 22:28:02.422523+00	DINHEIRO	14.70
296	2024-10-20 22:38:55.864885+00	DINHEIRO	44.90
297	2024-10-21 00:32:22.696992+00	DINHEIRO	122.10
\.


--
-- Data for Name: produto_itemcompra; Type: TABLE DATA; Schema: public; Owner: postgres
--

COPY public.produto_itemcompra (id, quantidade, preco_unitario, compra_id, produto_id) FROM stdin;
1	2	9.90	1	1320
2	2	9.90	2	1320
3	3	9.90	3	1320
4	1	7.00	4	299
5	1	9.90	5	1320
6	1	7.00	5	299
7	2	8.00	6	348
8	1	7.00	8	1197
9	1	4.00	9	32
10	1	2.00	9	321
11	1	5.50	9	1373
12	1	7.50	10	1269
13	1	7.00	10	1112
14	2	8.00	11	349
15	2	2.00	11	321
16	1	30.00	12	1389
17	1	13.00	13	465
18	1	4.50	14	49
19	1	9.99	14	1192
20	4	2.50	15	295
21	4	2.50	16	295
22	1	2.00	17	321
23	4	4.50	18	49
24	1	2.00	19	321
25	1	6.00	19	1353
26	1	6.50	19	1347
27	1	4.00	20	32
28	1	2.00	20	321
29	1	8.25	21	452
30	1	12.00	21	153
31	1	7.99	22	238
32	1	6.50	23	307
33	1	12.75	23	152
34	1	8.00	24	1370
35	1	4.00	25	32
36	2	3.00	26	126
37	7	3.00	26	311
38	2	2.00	27	321
39	2	9.00	27	300
40	1	2.50	28	322
41	1	2.00	29	321
42	1	7.00	29	1097
43	1	3.00	29	47
44	5	2.50	30	295
45	1	2.00	30	1355
46	1	6.00	31	1314
47	1	7.50	31	683
48	1	6.00	32	1314
49	1	7.50	32	683
50	6	2.50	32	295
51	1	7.00	32	467
52	6	2.50	32	295
53	1	6.50	33	1354
54	1	6.00	33	1353
55	1	6.50	34	454
56	1	5.00	34	1118
57	1	8.90	35	33
58	1	3.00	36	1391
59	2	10.00	36	836
60	1	4.50	36	1008
61	1	0.50	36	417
62	1	4.00	37	1250
63	1	3.50	37	323
64	1	5.50	37	1309
65	1	7.00	38	1216
66	1	7.00	39	1216
67	6	1.00	39	1266
68	8	3.50	39	318
69	1	7.50	40	1362
70	1	5.50	40	1215
71	1	5.50	41	1209
72	5	9.00	44	300
73	1	3.50	44	483
74	1	13.00	44	465
75	1	3.50	45	1390
76	1	30.00	46	1120
77	3	3.50	46	312
78	1	30.00	47	1120
79	1	7.00	47	1112
80	1	3.00	47	95
81	3	5.00	48	1198
82	2	3.50	49	309
83	3	1.00	49	1266
84	1	3.50	50	124
85	2	8.00	50	351
86	3	3.75	50	319
87	1	25.00	51	1399
88	2	3.75	51	319
89	8	3.50	52	312
90	4	3.50	53	309
91	1	5.25	54	308
92	1	3.00	54	310
93	1	3.00	55	310
94	1	5.25	55	308
95	1	7.00	55	1112
96	1	12.75	55	156
97	1	8.00	55	909
98	1	6.50	55	739
99	1	30.00	56	1400
100	1	7.00	56	1097
101	1	7.00	56	1216
102	5	3.00	56	310
103	2	3.50	57	1189
104	1	12.25	57	429
105	12	3.50	57	309
106	2	5.50	58	1215
107	2	0.00	58	164
108	4	6.50	59	307
109	1	20.00	60	1401
110	22	3.50	60	309
111	5	6.50	61	307
112	2	3.75	62	319
113	1	0.00	63	161
114	3	3.75	63	319
115	1	5.00	63	1402
116	1	4.50	63	316
117	1	8.00	64	349
118	1	12.50	64	11
119	1	16.00	64	363
120	1	1.00	64	1403
121	1	8.00	65	349
122	1	12.50	65	11
123	1	8.00	66	349
124	1	12.50	66	11
125	1	16.00	66	363
126	1	1.00	66	1403
127	1	4.50	66	316
128	1	5.00	66	1402
129	1	3.75	66	319
130	1	8.00	67	349
131	1	12.50	67	11
132	1	16.00	67	363
133	1	1.00	67	1403
134	1	4.50	67	316
135	1	5.00	67	1402
136	1	3.75	67	319
137	1	0.00	67	161
138	4	1.00	68	1403
139	2	3.50	68	309
140	24	3.50	69	309
141	1	3.00	69	126
142	1	4.00	69	487
143	3	3.50	71	309
144	3	3.50	71	309
145	1	3.50	71	309
146	1	8.00	71	1302
147	1	3.50	72	90
148	1	7.00	72	467
149	1	7.50	72	248
150	1	4.50	72	1068
151	1	3.50	72	323
152	1	4.50	72	1078
153	1	3.50	72	480
154	3	7.50	72	1321
155	1	2.00	72	1072
156	1	5.00	72	1110
157	6	4.50	72	702
158	1	5.00	72	276
159	3	3.00	72	46
160	1	7.00	72	1311
161	1	4.00	72	1278
162	2	3.50	72	309
163	11	6.00	72	1369
164	2	10.00	72	1346
165	1	5.00	72	304
166	1	2.50	72	1217
167	1	4.00	72	1333
168	1	4.50	72	91
169	1	6.00	72	1369
170	6	9.00	72	300
171	7	4.00	72	315
172	2	4.00	72	315
173	2	6.50	72	1199
174	1	6.50	72	1347
175	9	2.50	72	295
176	4	1.00	72	1266
177	1	6.50	72	667
178	3	6.50	72	937
179	2	4.00	72	315
180	1	4.00	73	315
181	1	6.00	73	1369
182	1	7.00	73	456
183	1	4.00	73	1099
184	1	19.90	73	1158
185	2	4.50	74	316
186	1	7.00	74	299
187	1	7.00	74	299
188	1	22.90	75	329
189	1	5.50	75	1209
190	3	3.50	76	309
191	1	4.00	76	487
192	2	3.50	77	309
193	1	8.50	77	603
194	1	3.50	77	309
195	1	3.50	78	309
196	1	3.50	78	312
197	1	6.50	78	937
198	1	12.50	79	305
199	1	1.00	79	1266
200	2	3.50	80	312
201	1	3.50	80	312
202	1	3.50	80	312
203	1	6.00	81	63
204	1	7.00	82	1108
205	1	6.50	83	1144
206	1	4.50	83	826
207	1	13.00	83	270
208	1	23.00	84	1399
209	2	3.75	84	319
210	1	30.00	85	1249
211	1	8.90	85	1368
212	1	4.00	85	487
213	4	5.50	85	326
214	1	3.50	86	309
215	1	8.90	87	1368
216	1	3.75	88	319
217	5	3.75	89	319
218	1	4.00	90	1275
219	17	3.50	90	309
220	1	8.00	90	1386
221	1	8.25	90	452
222	4	2.00	90	1372
223	1	42.00	90	415
224	4	7.00	90	1112
225	2	7.75	90	451
226	2	7.75	90	451
227	1	6.00	90	1314
228	1	8.00	90	1302
229	1	8.00	90	1370
230	1	12.50	90	305
231	2	2.50	90	1116
232	1	4.00	90	1317
233	1	12.50	90	1312
234	1	6.00	90	1310
235	1	3.00	90	46
236	1	7.75	90	451
237	2	3.50	90	323
238	1	8.00	90	76
239	1	13.00	90	1273
240	3	4.00	90	1316
241	1	9.00	90	300
242	1	7.75	90	451
243	1	6.50	90	1347
244	2	4.50	90	49
245	1	8.00	90	1302
246	1	7.00	90	456
247	12	3.50	90	309
248	3	6.50	90	1208
249	5	3.50	90	309
250	1	6.50	90	937
251	1	5.39	90	1404
252	7	6.00	90	1369
253	1	2.00	90	1372
254	1	8.00	90	1302
255	1	10.00	90	1397
256	1	5.39	90	1404
257	14	6.00	90	1369
258	5	5.39	90	1404
259	1	5.39	90	1404
260	1	7.75	90	451
261	1	6.00	90	1369
262	1	5.50	90	1373
263	6	3.50	92	309
264	1	25.00	93	1405
265	3	3.75	93	319
266	1	4.00	94	23
267	1	4.50	94	49
268	1	3.50	94	312
269	1	7.00	95	138
270	1	3.50	96	309
271	1	3.50	96	309
272	1	3.50	96	309
273	1	3.00	96	126
274	1	12.25	96	429
275	22	3.50	96	309
276	4	7.00	97	1200
277	1	3.50	98	121
278	1	2.00	98	466
279	1	8.00	98	909
280	1	4.50	98	656
281	1	4.00	98	110
282	2	10.00	98	1397
283	1	4.00	98	1317
284	1	4.50	98	49
285	1	4.50	98	49
286	1	5.39	98	1404
287	3	6.00	99	1369
288	1	3.00	99	471
289	1	3.50	100	1205
290	7	3.50	101	309
291	1	20.00	101	1414
292	6	3.00	102	310
293	2	7.00	103	1416
294	1	12.25	103	429
295	1	4.00	103	487
296	1	4.50	103	49
297	21	3.50	103	309
298	9	3.50	103	309
299	1	25.00	104	1405
300	4	3.75	104	319
301	2	6.50	105	159
302	3	3.50	106	312
303	1	100.00	106	388
304	2	25.00	107	1405
305	1	13.00	107	270
306	3	3.00	107	310
307	6	3.50	108	312
308	1	25.00	109	1405
309	3	3.75	109	319
310	1	14.00	110	465
311	4	2.00	110	321
312	1	14.00	111	465
313	4	2.00	111	321
314	1	14.00	112	465
315	4	2.00	112	321
316	18	6.50	112	307
317	4	3.50	113	309
318	7	3.50	113	309
319	2	3.50	113	309
320	1	7.50	116	1095
321	1	6.00	116	1369
322	1	4.00	116	1275
323	1	6.50	116	696
324	2	10.00	117	836
325	1	3.90	118	319
326	2	4.50	119	702
327	2	4.50	119	702
328	1	4.50	119	702
329	1	3.50	120	123
330	1	8.50	120	352
331	3	3.90	120	319
332	1	3.50	121	309
333	1	0.00	121	164
334	3	6.50	122	307
335	5	3.90	123	319
336	3	4.50	123	49
337	2	4.00	123	245
338	5	3.90	124	319
339	3	4.50	124	49
340	2	4.00	124	245
341	5	3.90	125	319
342	3	4.50	125	49
343	5	3.90	126	319
344	5	3.90	127	319
345	1	3.75	128	319
346	1	7.75	128	451
347	1	3.50	128	309
348	2	3.50	128	309
349	1	7.00	128	456
350	2	6.00	128	1369
351	2	3.50	128	309
352	2	3.25	128	1206
353	1	6.00	128	1369
354	1	3.50	128	309
355	1	7.75	128	451
356	1	3.50	128	309
357	3	3.50	128	309
358	1	3.50	128	309
359	1	8.25	128	452
360	1	3.50	128	309
361	7	3.50	128	309
362	1	3.50	128	309
363	1	6.50	128	1347
364	1	6.00	128	1369
365	1	3.50	128	483
366	1	3.50	128	309
367	1	6.50	128	1347
368	2	3.50	128	309
369	2	6.00	128	1369
370	1	3.50	128	309
371	8	3.50	128	309
372	1	3.50	128	309
373	5	3.50	129	309
374	1	6.00	129	1369
375	1	12.00	130	150
376	1	4.00	133	1278
377	1	4.00	133	806
378	1	1.50	133	1070
379	1	25.00	134	1405
380	8	3.90	134	319
381	8	3.50	135	312
382	6	3.50	136	309
383	1	4.00	136	487
384	1	3.25	136	1103
385	3	3.50	136	309
386	3	3.50	136	309
387	9	3.50	136	309
388	1	9.00	137	300
389	1	6.00	137	63
390	1	3.50	137	309
391	1	3.50	137	309
392	1	3.50	137	309
393	2	3.90	137	319
394	2	9.00	137	300
395	1	6.00	137	1369
396	5	3.90	137	319
397	1	3.00	137	126
398	1	4.00	137	32
399	1	4.00	137	1275
400	1	6.00	137	1369
401	1	3.50	137	309
402	1	5.00	137	1413
403	1	3.50	137	309
404	1	4.00	137	610
405	1	7.00	137	1204
406	3	5.39	137	1404
407	1	7.00	137	1112
408	1	6.00	137	1369
409	1	6.50	137	250
410	1	9.00	137	300
411	1	10.00	137	1397
412	1	15.00	137	1420
413	1	6.00	137	1369
414	6	4.00	137	315
415	1	3.50	137	309
416	1	3.50	137	309
417	1	6.00	137	1369
418	1	3.00	137	1415
419	4	4.50	137	702
420	1	3.50	137	309
421	1	3.50	137	309
422	1	3.50	137	309
423	1	3.50	137	309
424	1	3.75	137	319
425	1	3.90	137	319
426	5	4.50	137	702
427	1	3.50	137	123
428	1	6.00	137	1369
429	1	3.90	138	309
430	1	7.00	139	1200
431	1	7.50	139	302
432	1	8.50	139	589
433	1	3.00	139	126
434	1	3.50	139	309
435	1	2.50	139	1217
436	3	7.00	140	1200
437	1	3.00	140	310
438	1	3.00	141	310
439	3	3.90	142	312
440	1	10.50	143	1003
441	1	3.75	143	317
442	1	25.00	144	1405
443	2	3.90	144	319
444	2	1.00	145	164
445	1	0.25	145	1428
446	2	4.50	146	702
447	1	7.00	147	1216
448	2	3.90	147	309
449	2	3.90	148	309
450	1	16.00	149	543
451	2	2.00	149	1436
452	1	2.00	149	321
453	1	3.50	149	19
454	1	9.99	149	1192
455	1	17.50	149	1005
456	1	18.50	149	1270
457	1	16.00	150	543
458	2	2.00	150	1436
459	1	2.00	150	321
460	1	3.50	150	19
461	1	9.99	150	1192
462	1	17.50	150	1005
463	1	18.50	150	1270
464	1	12.75	150	152
465	1	45.00	150	1237
466	4	5.00	151	1198
467	6	10.00	152	358
468	1	16.00	152	710
469	1	12.25	152	429
470	2	5.00	152	1336
471	19	8.50	152	1
472	16	7.00	152	1197
473	1	3.00	152	1082
474	1	5.00	154	276
475	1	8.00	154	1370
476	3	6.00	154	1369
477	1	9.00	154	1059
478	7	2.00	155	1436
479	2	10.00	155	1437
480	1	3.50	155	123
481	1	12.25	155	429
482	8	8.50	156	1
483	1	12.75	156	152
484	1	6.00	156	1369
485	1	3.90	157	309
486	1	5.50	158	1267
487	1	3.00	158	657
488	1	10.90	158	1003
489	1	4.50	158	1366
490	1	6.00	158	1369
491	1	7.50	158	1095
492	1	8.50	158	1268
493	1	3.50	159	1183
494	1	25.00	159	1405
495	2	3.90	159	319
496	1	3.00	160	126
497	4	3.90	160	309
498	3	3.90	161	309
499	10	5.50	162	1209
500	2	3.90	163	309
501	7	3.90	164	309
502	1	4.00	165	1316
503	1	3.50	165	480
504	9	3.90	166	309
505	4	5.00	167	1198
506	2	2.00	167	1436
507	1	7.00	168	1216
508	3	3.90	168	319
509	2	7.00	169	1216
510	2	4.00	169	640
511	2	5.00	169	1198
512	1	4.50	169	49
513	2	4.50	170	702
514	10	3.50	171	318
515	1	7.00	171	1112
516	2	10.00	172	1462
517	1	5.50	172	1209
518	6	3.90	172	312
519	1	0.00	173	885
520	1	5.00	173	1118
521	1	7.00	173	1112
522	1	0.00	173	130
523	1	3.90	173	309
524	1	3.00	173	310
525	1	3.90	173	309
526	1	7.50	173	1362
527	1	2.00	173	1436
528	1	4.90	173	306
529	1	40.00	173	413
530	1	40.00	173	413
531	1	5.50	173	1209
532	1	7.00	173	1200
533	1	5.50	173	1209
534	1	4.50	173	702
535	1	7.00	173	1112
536	1	3.50	173	318
537	1	3.90	173	312
538	1	3.00	173	311
539	1	10.00	173	1462
540	1	2.00	173	1436
541	1	0.00	173	179
542	1	0.00	173	179
543	1	3.00	173	311
544	1	3.50	173	1429
545	1	3.50	173	1429
546	1	1.00	173	164
547	1	4.50	173	656
548	1	7.50	173	212
549	1	4.00	173	1317
550	1	9.00	173	1361
551	1	4.00	173	1275
552	1	6.00	173	1369
553	1	5.50	173	809
554	1	4.00	173	1250
555	1	5.00	173	510
556	1	4.50	173	656
557	1	4.50	173	656
558	1	8.25	173	450
559	1	13.00	173	439
560	1	8.00	173	1085
561	1	9.00	173	1361
562	1	2.50	173	1217
563	1	6.00	173	1369
564	1	0.00	173	179
565	1	6.00	173	1369
566	1	3.00	173	126
567	1	2.50	173	1217
568	1	0.00	173	837
569	1	0.00	173	227
570	1	5.00	173	1336
571	1	11.50	173	1142
572	1	1.00	173	164
573	1	4.00	173	109
574	1	4.00	173	109
575	1	4.00	173	109
576	1	7.90	173	88
577	1	13.00	173	270
578	1	1.00	173	164
579	1	2.50	173	1217
580	1	6.00	173	1369
581	1	3.00	173	126
582	1	4.50	173	702
583	2	6.00	173	1369
584	1	4.50	173	702
585	1	4.50	173	702
586	1	3.50	173	1429
587	1	4.50	173	702
588	1	4.50	173	702
589	1	3.50	173	1429
590	1	4.50	173	702
591	1	4.50	173	1109
592	1	0.00	173	120
593	1	3.50	173	1429
594	1	16.00	173	543
595	2	2.00	173	1436
596	1	2.00	173	321
597	1	3.50	173	19
598	1	9.99	173	1192
599	1	17.50	173	1005
600	1	18.50	173	1270
601	1	12.75	173	152
602	1	45.00	173	1237
603	1	18.00	173	185
604	1	6.00	173	1369
605	1	4.50	173	1077
606	1	5.50	173	1373
607	1	4.50	173	98
608	3	5.90	173	1398
609	1	3.50	173	1429
610	1	3.90	173	309
611	1	3.00	173	311
612	3	8.25	173	452
613	4	3.90	174	309
614	1	5.00	174	1118
615	5	3.00	174	310
616	6	3.90	175	312
617	1	10.00	175	958
618	4	5.50	176	1209
619	7	3.90	177	309
620	1	9.00	178	300
621	3	7.00	178	1197
622	1	3.00	179	1418
623	2	3.90	179	319
624	1	4.00	179	1332
625	1	16.50	179	1381
626	5	3.90	180	319
627	6	3.90	181	312
628	1	2.00	182	1372
629	7	3.90	183	312
630	1	7.90	184	82
631	1	3.00	184	1101
632	1	3.00	184	1418
633	1	96.00	184	340
634	1	11.00	184	1100
635	1	6.50	184	1093
636	1	3.90	185	309
637	6	3.90	186	319
638	2	6.50	187	307
639	1	3.50	187	19
640	1	9.00	187	589
641	2	3.90	188	309
642	1	2.00	188	1436
643	2	6.50	188	307
644	2	4.90	188	306
645	3	4.90	189	306
646	1	42.00	190	1473
647	2	10.00	190	458
648	8	3.90	190	312
649	1	10.00	190	458
650	5	10.00	190	1402
651	10	4.00	191	315
652	1	5.50	191	365
653	10	2.00	192	1436
654	4	4.90	192	306
655	6	6.50	193	307
656	1	20.00	194	1401
657	3	6.50	194	307
658	1	42.00	194	1473
659	2	12.50	196	1272
660	1	20.00	196	1401
661	1	4.00	196	487
662	15	6.50	196	307
663	5	3.90	197	319
664	2	3.00	198	310
665	1	2.00	198	179
666	5	3.90	198	309
667	1	5.00	198	1118
668	2	4.90	198	306
669	1	6.50	199	307
670	1	23.00	200	1399
671	2	3.90	200	319
672	6	3.00	201	310
673	2	3.90	201	319
674	2	4.00	202	32
675	2	23.00	202	1399
676	4	6.50	202	307
677	4	9.00	203	1196
678	1	3.00	204	310
679	1	8.50	205	1
680	24	3.90	206	312
681	3	3.00	206	311
682	1	3.00	207	310
683	1	2.00	207	321
684	5	3.75	207	317
685	3	5.50	208	1209
686	1	8.00	208	133
687	1	2.00	208	1436
688	1	3.00	208	1474
689	5	5.50	208	1209
690	1	4.50	208	49
691	2	7.00	208	1216
692	5	4.50	209	702
693	1	12.50	210	305
694	1	11.90	210	1485
695	1	7.00	211	1216
696	2	4.90	211	306
697	2	2.00	211	1436
698	1	4.90	211	306
699	1	7.00	212	1216
700	2	10.00	212	1462
701	2	6.50	212	307
702	1	2.50	212	1217
703	12	3.90	213	309
704	5	7.00	213	1112
705	3	3.90	213	309
706	7	3.90	213	309
707	1	3.50	213	19
708	1	4.50	213	702
709	1	11.25	213	458
710	4	4.00	214	315
711	7	4.00	214	315
712	2	3.90	214	312
713	1	2.00	214	1486
714	3	3.90	215	319
715	1	25.00	215	1405
716	1	35.00	216	1435
717	8	3.90	216	309
718	3	4.90	217	306
719	3	2.00	217	1436
720	2	2.50	218	393
721	15	3.90	218	312
722	3	10.00	218	373
723	4	3.90	218	312
724	2	7.00	218	1216
725	5	2.00	219	1436
726	3	3.90	220	312
727	1	3.00	220	1492
728	1	7.00	220	1216
729	1	2.50	220	1217
730	2	3.90	221	309
731	1	8.50	222	1
732	3	2.00	223	1436
733	7	10.00	223	2
734	5	2.50	223	393
735	1	115.00	223	380
736	1	4.50	223	435
737	1	8.00	223	143
738	9	3.90	224	312
739	19	4.00	225	315
740	2	3.90	225	309
741	2	3.90	226	312
742	1	1.00	227	164
743	2	3.90	227	309
744	1	6.50	227	454
745	3	5.00	227	1494
746	3	3.90	228	309
747	4	1.00	228	164
748	1	4.50	228	49
749	2	3.00	229	310
750	2	1.00	229	164
751	1	7.00	230	1108
752	1	3.00	230	310
753	1	4.00	231	487
754	4	3.90	231	309
755	1	12.25	231	429
756	4	3.90	232	309
757	3	3.00	233	310
758	7	3.90	233	309
759	1	8.00	233	133
760	4	3.50	234	318
761	2	9.00	235	1196
762	1	6.50	235	454
763	2	3.00	236	310
764	1	3.50	236	481
765	1	9.75	237	158
766	2	3.50	237	318
767	2	3.50	238	318
768	10	3.90	239	319
769	3	10.00	240	1462
770	8	3.90	240	312
771	7	4.00	241	315
772	1	9.00	242	1196
773	1	9.00	243	1196
774	10	3.90	243	312
775	1	3.50	243	481
776	4	3.90	243	312
777	2	3.00	244	310
778	2	3.90	244	309
779	2	2.00	244	1372
780	4	4.50	244	702
781	3	3.90	245	309
782	2	3.00	245	310
783	17	3.90	246	309
784	3	3.50	247	1205
785	7	3.90	248	319
786	1	7.00	249	1216
787	2	3.90	249	309
788	13	3.90	249	309
789	8	3.50	250	1205
790	1	4.50	251	316
791	3	5.50	251	1209
792	1	20.00	251	1502
793	1	7.50	252	1362
794	8	3.90	252	1429
795	1	6.50	253	454
796	8	3.90	253	309
797	8	3.90	254	309
798	4	6.50	254	1208
799	1	3.50	255	1205
800	10	6.50	256	307
801	1	2.00	256	20
802	10	6.50	256	307
803	10	6.50	256	307
804	1	12.50	256	327
805	1	5.00	256	1500
806	1	3.00	256	126
807	1	7.00	256	1216
808	1	2.50	256	1217
809	4	5.00	257	1494
810	3	3.90	257	312
811	2	3.00	258	310
812	2	3.50	258	92
813	1	4.50	258	49
814	1	3.00	258	1487
815	4	3.90	259	309
816	1	5.50	260	1373
817	1	4.00	260	315
818	1	20.00	261	1455
819	4	8.50	261	1
820	2	3.50	262	1205
821	1	7.50	262	296
822	5	4.50	263	702
823	3	3.50	264	1205
824	8	3.90	265	1429
825	2	3.50	266	1205
826	1	1.50	267	210
827	2	6.50	268	307
828	1	5.00	268	1494
829	1	5.00	268	1494
830	4	2.00	268	1497
831	3	4.90	268	306
832	17	3.90	269	312
833	6	7.00	269	1216
834	4	4.00	270	1504
835	2	5.00	270	1506
836	2	3.90	270	1429
837	8	3.90	271	312
838	3	3.90	271	312
839	2	10.00	271	1462
840	1	6.00	271	1503
841	1	13.90	273	11
842	1	12.50	273	13
843	12	3.90	274	309
844	8	3.90	275	309
845	1	12.25	275	134
846	1	6.50	275	454
847	8	3.90	276	309
848	1	12.25	276	429
849	1	5.00	276	1105
850	1	4.50	276	1106
851	1	8.00	277	1
852	1	9.00	277	300
853	1	5.90	277	1398
854	1	3.50	277	309
855	3	9.00	277	300
856	2	3.50	277	1205
857	1	6.50	277	1208
858	1	4.00	277	315
859	3	9.00	277	300
860	1	9.00	277	300
861	2	7.00	277	1421
862	1	4.00	277	23
863	4	6.50	277	307
864	3	12.00	277	65
865	2	7.50	277	302
866	1	12.50	277	305
867	1	3.50	277	1429
868	5	3.00	277	1487
869	1	3.50	277	318
870	2	4.50	277	702
871	1	6.00	277	1369
872	2	3.00	277	1487
873	1	2.00	277	1117
874	1	2.50	278	100
875	6	3.00	278	310
876	1	2.50	278	1217
877	1	7.50	278	1362
878	8	3.90	278	1429
879	1	2.50	279	1217
880	10	3.90	279	309
881	1	7.00	279	1216
882	4	3.90	280	309
883	12	3.90	280	1429
884	10	4.90	281	306
885	1	1.00	282	164
886	5	1.00	282	1074
887	2	4.00	282	1456
888	1	12.25	282	429
889	1	4.50	282	1008
890	1	7.50	282	199
891	1	13.00	282	270
892	2	6.00	282	1369
893	1	3.50	282	151
894	2	0.00	282	1020
895	1	10.90	282	461
896	2	2.99	282	1488
897	2	0.00	282	203
898	2	7.50	282	1321
899	2	7.00	282	369
900	3	8.00	282	1370
901	1	10.00	282	70
902	1	29.90	282	1480
903	1	59.90	282	1478
904	1	5.99	282	1479
905	1	55.00	282	1481
906	3	1.00	282	164
907	1	2.50	282	1328
908	1	4.00	282	1275
909	1	4.00	282	1457
910	1	8.00	282	470
911	1	7.99	282	238
912	4	1.50	282	1489
913	1	7.50	282	1321
914	2	3.00	282	912
915	1	10.00	282	1462
916	2	8.25	282	452
917	1	8.00	282	1370
918	1	9.00	282	1058
919	1	9.00	282	1058
920	1	2.50	282	395
921	1	8.25	282	452
922	1	4.00	282	1275
923	1	48.00	282	1501
924	2	3.25	282	1103
925	2	7.50	282	1321
926	1	8.25	282	452
927	3	5.50	282	325
928	1	3.50	283	876
929	1	6.00	283	1369
930	1	2.50	283	1217
931	2	6.00	283	1369
932	4	1.00	283	164
933	2	5.50	283	1373
934	4	0.00	283	179
935	1	5.00	283	1118
936	1	3.00	283	1080
937	2	6.00	283	1369
938	10	2.00	283	1436
939	1	13.90	283	1195
940	1	5.00	283	276
941	1	5.00	283	1118
942	5	6.00	283	1369
943	1	4.50	283	1367
944	1	2.50	283	1217
945	1	2.50	283	1217
946	6	2.00	283	1436
947	1	5.50	283	809
948	3	4.00	283	1275
949	3	2.50	283	1217
950	1	2.50	283	1217
951	1	6.00	283	1369
952	1	5.50	283	1373
953	1	6.50	283	454
954	1	5.00	283	1118
955	2	4.50	283	1078
956	1	4.00	283	109
957	10	2.00	283	1497
958	2	5.00	283	1118
959	2	3.00	283	1441
960	2	5.00	283	1118
961	1	4.50	283	656
962	1	6.00	283	328
963	1	3.50	283	1445
964	1	9.00	283	1059
965	1	3.90	283	309
966	1	8.50	283	267
967	1	1.00	283	164
968	4	2.00	283	1497
969	3	4.50	283	91
970	2	5.00	283	1118
971	2	2.50	283	1328
972	1	7.50	283	199
973	1	6.00	283	1369
974	1	2.50	283	1217
975	1	12.00	284	1426
976	1	4.50	284	702
977	1	4.50	284	702
978	1	4.50	284	702
979	1	4.50	284	702
980	4	5.90	284	1398
981	3	4.50	284	702
982	1	0.00	284	227
983	1	4.00	284	1317
984	3	4.50	284	702
985	1	2.50	284	1277
986	1	7.50	284	212
987	1	16.00	284	543
988	1	2.50	284	1277
989	1	5.00	284	1276
990	1	6.00	284	1369
991	1	4.50	284	656
992	1	5.00	284	1110
993	5	4.50	284	702
994	1	6.00	284	1369
995	1	6.00	284	63
996	2	3.00	284	311
997	1	4.50	284	98
998	2	1.50	284	863
999	1	4.50	284	1109
1000	1	4.50	284	702
1001	1	4.50	284	702
1002	1	6.00	284	1369
1003	1	4.50	284	702
1004	1	4.50	284	702
1005	1	4.50	284	702
1006	1	4.50	284	702
1007	5	4.50	284	702
1008	2	4.50	284	702
1009	1	3.50	284	318
1010	1	6.00	284	1369
1011	2	6.00	284	1369
1012	1	6.00	284	63
1013	3	1.50	284	863
1014	1	8.50	284	1495
1015	1	3.00	284	1101
1016	1	8.50	284	1495
1017	1	20.00	284	1502
1018	1	4.00	284	1275
1019	1	6.00	284	1369
1020	5	4.00	284	315
1021	1	4.00	284	315
1022	1	8.00	284	470
1023	1	6.00	284	1369
1024	1	5.00	284	1325
1025	2	4.50	284	702
1026	1	0.00	284	230
1027	1	7.99	284	238
1028	1	10.00	284	1358
1029	1	4.50	284	702
1030	2	6.00	284	1369
1031	1	4.00	284	1275
1032	1	4.50	284	702
1033	1	8.50	284	1495
1034	1	2.50	285	322
1035	3	3.00	286	310
1036	2	3.00	287	310
1037	4	3.00	288	310
1038	10	3.90	289	309
1039	1	10.00	290	1462
1040	1	4.90	290	1507
1041	1	5.00	290	1494
1042	4	2.00	290	1497
1043	2	7.00	290	1204
1044	2	6.50	290	307
1045	1	42.00	290	1473
1046	9	3.90	291	309
1047	3	3.90	292	312
1048	2	4.50	293	1067
1049	1	3.50	293	1254
1050	1	18.00	293	587
1051	6	6.00	293	1369
1052	1	4.50	293	656
1053	6	2.50	293	1328
1054	1	8.00	293	1370
1055	1	4.00	293	32
1056	1	9.99	293	1041
1057	2	4.00	293	1509
1058	1	2.50	293	1330
1059	1	2.50	293	1330
1060	1	6.50	293	250
1061	1	4.90	294	306
1062	3	4.90	295	306
1063	1	3.90	296	1429
1064	2	4.50	296	702
1065	1	0.00	296	515
1066	2	10.00	296	358
1067	1	8.50	296	352
1068	1	3.50	296	318
1069	4	4.90	297	306
1070	6	6.50	297	307
1071	2	3.00	297	310
1072	1	10.00	297	2
1073	1	3.00	297	311
1074	4	5.00	297	1494
1075	8	2.00	297	1497
1076	1	8.50	297	267
\.


--
-- Data for Name: produto_itemtab; Type: TABLE DATA; Schema: public; Owner: postgres
--

COPY public.produto_itemtab (id, quantidade, preco_unitario, produto_id, tab_id) FROM stdin;
\.


--
-- Data for Name: produto_produto; Type: TABLE DATA; Schema: public; Owner: postgres
--

COPY public.produto_produto (id, produto, estoque, estoque_minimo, nivel_estoque, preco_custo, preco_venda, margem_vendas, "codigoBarra", categoria_id) FROM stdin;
24	MONSTER TRADICIONAL 473ML	1000	1	t	6.29	10.00	58.98	070847022015	6
2	RED BULL TRADICIONAL 250ML	992	1	t	6.00	10.00	66.67	7892840808037	6
1178	TORCIDA SABOR VINAGRETE	1000	1	t	0.00	3.50	0.00	7892840822651	17
44	DEL VALLE FRUIT UVA 450ML	1000	1	t	2.89	4.50	55.71	7894900550054	2
34	GROSELHA G'NUTRE 900ML	1000	1	t	5.90	9.00	52.54	7897711700014	2
65	REDBULL MELANCIA 250ML	997	1	t	7.00	12.00	71.43	9002490247379	6
91	SNICKERS 45G	997	1	t	2.50	4.50	80.00	7896423420180	25
27	MONSTER MANGO LOUCO 473ML	1000	1	t	7.39	11.90	61.03	0070847033301	6
31	MONSTER ULTRA WATERMELON 473ML	1000	1	t	7.39	12.00	62.38	1220000250000	6
12	BALY MAÇÃ VERDE 2L	1000	1	t	7.49	12.50	66.89	7898080664563	6
7	RED BULL MORANGO & PÊSSEGO 250ML	1000	1	t	7.00	11.00	57.14	00000	6
1202	BUDWEISER ZERO LONGNECK 330ML	1000	1	t	0.00	7.50	0.00	7891991298421	5
37	SUCO MAGUARY GOIABA 1L	1000	1	t	4.79	7.50	56.58	7896000530264	2
10	BALY TROPICAL 2L	1000	1	t	7.49	12.50	66.89	7898080664112	6
9	BALY ABACAXI COM HORTELÃ 2L	1000	1	t	7.49	13.90	85.58	7898080665355	6
1027	AMENDOIM SEM PELE 70G	1000	1	t	0.00	3.00	0.00	7897115107839	17
81	CHOCOLATE HERSHEY'S AIR	1000	1	t	3.99	7.00	75.44	7899970400452	25
83	CHOCOLATE HERSHEY'S BRANCO	1000	1	t	3.99	7.00	75.44	7899970400032	25
80	CHOCOLATE GAROTO MEIO AMARGO	1000	1	t	3.99	6.90	72.93	7891008169218	25
84	HERSHEY'S COOKIES 'N' CHOCOLATE	1000	1	t	3.99	7.90	97.99	7899970402852	25
13	BALY MORANGO & PÊSSEGO	999	1	t	7.49	12.50	66.89	7898080665010	6
86	CHOCOLATE HERSHEY'S EXTRA CREMOSO	1000	1	t	3.99	6.50	62.91	7899970400056	25
87	CHOCOLATE HERSHEY'S OVOMALTINE	1000	1	t	3.99	7.90	97.99	7899970402876	25
76	CHOCOLATE GAROTO AO LEITE	1000	1	t	4.39	8.00	82.23	7891008123975	25
89	LACTA SHOT 80G	1000	1	t	5.29	9.00	70.13	7622210674395	25
29	MONSTER ABSOLUT ZERO 473ML	1000	1	t	7.39	12.00	62.38	1220000250406	6
912	LAMEN GALINHA CAIPIRA PANCO	998	1	t	0.00	3.00	0.00	7891203057525	24
82	HERSHEY'S AO LEITE	999	1	t	3.99	7.90	97.99	7899970402814	25
26	MONSTER PACÍFIC PUNCH 473ML	1000	1	t	7.39	12.00	62.38	1220000250031	6
78	CHOCOLATE GAROTO BRANCO	1000	1	t	3.99	6.90	72.93	7891008168860	25
90	CHOCOLATE LACTA 5 STAR	1000	1	t	2.08	3.50	68.27	7622210411501	25
25	MONSTER ULTRA 473ML	1000	1	t	7.39	11.90	61.03	0070847022206	6
56	ABSOLUT RASPBERRY 750ML	1000	1	t	0.00	135.00	0.00	7312040350063	33
38	SUCO MAGUARY ABACAXI 1L	1000	1	t	4.79	7.50	56.58	7896000593979	2
77	CHOCOLATE GAROTO CAJU DO BRASIL	1000	1	t	3.99	6.90	72.93	7891008168877	25
33	AGUA DE COCO lL	1000	1	t	5.89	8.90	51.10	751320388827	3
19	AGUA FRESCCA 1,5L	997	1	t	1.79	3.50	95.53	7898386200106	3
51	CIROC REDBERRY 750ML	1000	1	t	0.00	215.00	0.00	088076175051	33
3	RED BULL MELANCIA 250ML	1000	1	t	7.00	11.00	57.14	7892840822019	6
67	REDBULL MORANGO & PÊSSEGO 250ML	1000	1	t	7.00	11.00	57.14	9002490258825	6
6	RED BULL PITAYA 250ML	1000	1	t	7.00	11.00	57.14	7892840808174	6
20	AGUA BEM LEVE 510ml	999	1	t	0.69	2.00	189.86	7898906467125	3
47	SUCO PONCHITO LARANJA COM ACEROLA 450ML	1000	1	t	1.79	3.00	67.60	7897283400251	2
36	SUCO MAGUARY UVA 1l	1000	1	t	4.79	7.50	56.58	7896000530325	2
64	REDBULL TROPICAL 250ML	1000	1	t	7.00	11.00	57.14	9002490247379	6
45	DEL VALLE LARANJA 450ML	1000	1	t	2.89	4.50	55.71	7894900556056	2
1	HEINEKEN LONGNECK 330ML	993	1	t	5.29	8.50	60.68	78936683	5
92	CHOCOLATE PRESTIGIO	998	1	t	1.49	3.50	134.90	7891000460207	25
62	AGUA TONICA ZERO 350ML	1000	1	t	3.00	4.50	50.00	7891991000888	3
32	GUARAVITON AÇAI 500ML	997	1	t	1.99	4.00	101.01	7896326100219	2
48	SUCO PONCHITO MARACUJA 450ML	1000	1	t	1.79	3.00	67.60	7897283400244	2
46	SUCO PONCHITO FRUTAS CITRICAS 450ML	1000	1	t	1.79	3.00	67.60	7897283400213	2
49	COCA COLA 350ML	996	1	t	2.89	4.50	55.71	7894900010015	4
52	REMOver	1000	1	t	0.00	120.00	0.00	080686929413	33
60	GORDON'S LONDON DRY	1000	1	t	0.00	90.00	0.00	5000289020701	34
23	AGUA TONICA 350ml	999	1	t	2.89	4.00	38.41	7891991000840	3
63	H2O! 500ML	998	1	t	3.30	6.00	81.82	7892840812423	4
85	HERSHEY'S 40% CACAU	1000	1	t	3.99	8.00	100.50	7899970402838	25
35	MAGUARY MORANGO 1L	1000	1	t	4.79	7.50	56.58	7896000594198	2
54	ABSOLUT ELYX 750ML	1000	1	t	0.00	215.00	0.00	7312040217519	33
22	AGUA BUONA VITA 5L	1000	1	t	6.59	12.50	89.68	7898641870327	3
53	RemovE	1000	1	t	0.00	0.00	0.00	7891050002730	33
57	ABSOLUT VODKA 1L	1000	1	t	0.00	120.00	0.00	7312040017034	33
18	GATORADE LIMÃO	1000	1	t	5.19	6.50	25.24	7892840808037	\N
69	REDBULL SUGAR FREE 250ML	1000	1	t	7.00	11.00	57.14	611269101713	6
1179	PAPEL HIGIENICO FOLHA DUPLA DAMA 4 ROLOS	1000	1	t	0.00	7.90	0.00	7896076000388	24
95	TRENTO DUO 32G	1000	1	t	1.00	3.00	200.00	7896306623448	25
1191	RUFFLES OUTBACK 65G	1000	1	t	0.00	11.50	0.00	7892840823559	17
121	FOFURA PRESUNTO	1000	1	t	0.00	3.50	0.00	7892840819095	17
16	GATORADE LARANJA	1000	1	t	5.19	6.50	25.24	7892840808020	\N
126	AMENDOIM COM PELE FRITO E SALGADO	996	1	t	0.00	3.00	0.00	7897115100175	17
17	GATORADE MORANGO & MARACUJÁ	1000	1	t	5.19	6.50	25.24	7892840808174	\N
14	GATORADE BLUE BERRY	1000	1	t	5.19	6.50	25.24	7892840822019	\N
102	HALLS PRETO EXTRA FORTE	1000	1	t	0.00	2.50	0.00	78938816	29
132	MAÇO DE CIGARRO CAMEL YELLOW	1000	1	t	0.00	8.00	0.00	78938939	8
1203	BUDWEISER ZERO LATA 350ML	1000	1	t	0.00	5.50	0.00	7891991298407	5
1210	JURUPINGA LATA 269ML	1000	1	t	0.00	12.50	0.00	7896356600758	16
94	TRENTO MORANGO 32G	1000	1	t	1.00	3.00	200.00	7896306623158	25
97	TRENTO CHEESECAKE DE MORANGO 32G	1000	1	t	1.86	3.00	61.29	7896306621123	25
138	CIGARRO WINSTON SILVER PRATA	1000	1	t	0.00	7.00	0.00	78939103	8
130	MAÇO DE CIGARRO WINSTON SELECT DOUBLE M	999	1	t	0.00	0.00	0.00	78939974	8
135	CIGARRO CAMEL DOUBLE MINT & RED	1000	1	t	0.00	12.25	0.00	78940239	8
109	BONO DOCE DE LEITE	996	1	t	0.00	4.00	0.00	7891000376928	26
139	CIGARRO WINSTON BLUE	1000	1	t	0.00	6.50	0.00	78943360	8
1287	TUCS PIZZA	1000	1	t	0.00	3.50	0.00	7896061301865	24
112	WAFER ADRIA SABOR MORANGO	1000	1	t	0.00	0.00	0.00	7896085073946	26
113	WAFER DUCHE SABOR LIMÃO	1000	1	t	0.00	0.00	0.00	7896023600586	26
114	WAFER DUCHEN SABOR CHOCOLATE	1000	1	t	0.00	0.00	0.00	7896023600593	26
115	WAFER DUCHE SABOR MORANGO	1000	1	t	0.00	0.00	0.00	7896023600579	26
116	BOLACHA NEGRESCO SABOR MORANGO	1000	1	t	0.00	0.00	0.00	7891000345801	26
118	SALGADINHO LUCKY SABOR CHURRASCO	1000	1	t	0.00	0.00	0.00	7896071025201	17
1302	CHESTERFIELD REMIX BEATS	1000	1	t	0.00	8.00	0.00	78942660	8
79	CHOCOLATE GAROTO CROCANTE	1000	1	t	3.99	6.90	72.93	7891008168839	25
103	MENTOS PURE FRESH VITAMINAS 48G	1000	1	t	0.00	14.00	0.00	7895144297590	28
55	VODKA ABSOLUT CITRON 750ml	1000	1	t	0.00	135.00	0.00	7312040090754	33
124	TORCIDA SABOR PIMENTA MEXICANA	1000	1	t	0.00	3.50	0.00	7892840822637	17
937	IMPERIO LAGER 473ML	1000	1	t	0.00	6.50	0.00	7898915949681	5
104	FRUIT-TELLA 40G	1000	1	t	0.00	0.00	0.00	7896262301022	29
110	TRAKINAS MEIO A MEIO CHOCOLATE	1000	1	t	2.69	4.00	48.70	7622210592668	26
141	REMOVer	1000	1	t	0.00	0.00	0.00	78940895	8
123	TORCIDA SABOR CEBOLA	1000	1	t	0.00	3.50	0.00	7892840822576	17
88	HERSHEY'S COOKIES 'N' CREME	999	1	t	3.99	7.90	97.99	7899970400094	25
99	LACTA BIS BRANCO 100G	1000	1	t	0.00	8.00	0.00	7622210575999	25
93	BATON AO LEITE 10G	1000	1	t	0.93	2.00	115.05	78912359	25
127	AMENDOIM JAPONÊS 145G	1000	1	t	0.00	7.00	0.00	7892840814724	17
122	FOFURA CHURRASCO	1000	1	t	0.00	3.50	0.00	7892840820459	17
75	CHOCOLATE AO LEITE LACTA	1000	1	t	4.99	7.90	58.32	7622300991456	25
125	TORCIDA SABOR BACON	1000	1	t	0.00	3.50	0.00	7892840822552	17
129	ISQUEIRO BIC PEQUENO	1000	1	t	0.00	4.90	0.00	070330913431	24
120	SALGADINHO LUCKY SABOR QUEIJO	999	1	t	0.00	0.00	0.00	7896071025225	17
68	REDBULL PITAYA 250ML	1000	1	t	7.00	11.00	57.14	9002490250270	6
142	CIGARRO SAMPOERNA CANELA	1000	1	t	0.00	14.25	0.00	78939325	8
133	CIGARRO CAMEL BLUE	998	1	t	0.00	8.00	0.00	78938922	8
101	HALLS CEREJA	1000	1	t	0.00	2.50	0.00	78938793	29
108	TRIDENT HORTELÃ	1000	1	t	0.00	3.00	0.00	7895800304211	28
105	TRIDENT MENTA/VERDE	1000	1	t	0.00	3.00	0.00	7895800304228	28
111	TRAKINAS CHOCOLATE	1000	1	t	2.69	4.00	48.70	7622210592750	26
100	HALLS MELANCIA	999	1	t	0.00	2.50	0.00	78938854	29
128	ISQUEIRO BIC GRANDE	1000	1	t	0.00	7.50	0.00	070330909229	24
119	SALGADINHO LUCKY SABOR PRESUNTO	1000	1	t	0.00	0.00	0.00	7896071025218	17
96	TRENTO TORTA DE LIMÃO 32G	1000	1	t	1.69	3.00	77.51	7896306618291	25
15	GATORADE UVA	1000	1	t	5.19	6.50	25.24	7892840808051	19
50	CIROC 750ML	1000	1	t	0.00	215.00	0.00	088076161863	33
58	SKYY 750ml	1000	1	t	0.00	37.00	0.00	7896010004502	33
59	BURLONE 950ML	1000	1	t	0.00	50.00	0.00	7908611000019	33
136	CIGARRO RED 8  WINSTON	1000	1	t	0.00	7.00	0.00	78939967	8
131	CIGARRO SAMPOERNA SELECT MENTA	1000	1	t	0.00	14.25	0.00	78939332	8
74	VINHO SELEÇÃO MIOLO 375ML	1000	1	t	0.00	25.00	0.00	7896756800062	16
98	TRENTO ESPECIAL AVELÃ 32G	998	1	t	0.00	4.50	0.00	7896306623684	25
202	SUCO TANG SABOR LIMÃO	1000	1	t	0.00	2.00	0.00	7622210571540	24
1303	LAMEN FRANGO E LIMÃO	1000	1	t	0.00	3.00	0.00	7891079012581	24
163	MAÇO DE CIGARRO WINSTON CLASSIC	1000	1	t	0.00	8.00	0.00	78938489	8
205	SUCO TANG LARANJA	1000	1	t	0.00	2.00	0.00	7622210571601	24
146	MAÇO DE CIGARRO LUCKY STRIKE CHARGED	1000	1	t	0.00	0.00	0.00	78942059	8
147	MAÇO DE CIGARRO KENT	1000	1	t	0.00	0.00	0.00	78943025	8
148	MAÇO DE CIGARRO MARLBORO FILTER PLUS	1000	1	t	0.00	0.00	0.00	78939202	8
149	MAÇO DE CIGARRO KENT SILVER	1000	1	t	0.00	0.00	0.00	78942998	8
204	TANG SABOR ABACAXI	1000	1	t	0.00	2.00	0.00	7622300861148	24
155	CIGARRO MARLBORO VERMELHO	1000	1	t	0.00	12.25	0.00	78903418	8
1288	TUCS QUEIJO	1000	1	t	0.00	3.50	0.00	7896061300189	24
144	CIGARRO L&M BLUE LINE	1000	1	t	0.00	10.00	0.00	78931329	8
154	CIGARRO MARLBORO RED SELECTION	1000	1	t	0.00	10.00	0.00	78940871	8
188	OURO MINAS BEIJO	1000	1	t	0.00	3.00	0.00	7898537841189	23
158	MAÇO DE CIGARRO KENT RED SERIES	999	1	t	0.00	9.75	0.00	78943155	8
160	MAÇO DE CIGARRO CHESTERFIELD AZUL	1000	1	t	0.00	0.00	0.00	78942332	8
210	SUCO MID DE BAUNILHA COM LIMÃO	999	1	t	0.00	1.50	0.00	7891132082421	24
156	CIGARRO MARLBORO PURPLE MIX	1000	1	t	0.00	12.75	0.00	78937352	8
161	remove	1000	1	t	0.00	0.00	0.00	1524154564165	8
165	CIGARRO SOLTO LUCKY STRIKE CHARGED	1000	1	t	0.00	0.00	0.00	0	8
166	CIGARRO SOLTO MARLBORO	1000	1	t	0.00	0.00	0.00	0	8
167	CIGARRO SOLTO MARLBORO DOUBLE FUSION	1000	1	t	0.00	0.00	0.00	0	8
168	CIGARRO SOLTO MARLBORO GOLD	1000	1	t	0.00	0.00	0.00	0	8
169	CIGARRO SOLTO MARLBORO PURPLE MIX	1000	1	t	0.00	0.00	0.00	0	8
170	CIGARRO SOLTO CAMEL OPTION	1000	1	t	0.00	0.00	0.00	0	8
171	CIGARRO SOLTO CAMEL COMPACT	1000	1	t	0.00	0.00	0.00	0	8
172	CIGARRO SOLTO MARLBORO ICE BURST	1000	1	t	0.00	0.00	0.00	0	8
173	CIGARRO SOLTO KENT BOOST MENTHOL	1000	1	t	0.00	0.00	0.00	0	8
199	LEITE INTEGRAL PIRACANJUBA	998	1	t	0.00	7.50	0.00	7898215151708	31
186	BLACK CRETEK VERMELHO	1000	1	t	0.00	18.00	0.00	78939929	8
162	remoVER	1000	1	t	0.00	0.00	0.00	78939424	8
153	MARLBORO GOLD BOX	1000	1	t	0.00	12.25	0.00	78900134	8
187	ZOMO NATURAL MARROM	1000	1	t	0.00	3.50	0.00	78420274	27
181	MAÇO ROTHMANS CLICK VOLT	1000	1	t	0.00	0.00	0.00	78941915	8
182	CAMEL HAND ROLLING TOBACCO	1000	1	t	0.00	0.00	0.00	78941564	27
183	NATURAL AMERICAN SPIRIT	1000	1	t	0.00	0.00	0.00	78940611	27
184	CIGARRO L.A MENTHOL	1000	1	t	0.00	15.50	0.00	78941229	8
159	MAÇO DE CIGARRO CHESTERFIELD AMARELO	1000	1	t	0.00	6.50	0.00	78942318	8
189	OURO MINAS BEIJO COM CHOCOLATE	1000	1	t	0.00	3.00	0.00	7898537841240	23
191	OURO MINAS PALHA ITALIANA	1000	1	t	0.00	3.00	0.00	7898537840243	23
190	BELMONTE DOCE DE LEITE	1000	1	t	0.00	0.00	0.00	7898674060351	23
213	remoVE	1000	1	t	0.00	0.00	0.00	7891079013038	24
193	FINI TUBES AZEDINHO REGALIZ	1000	1	t	0.00	0.00	0.00	7898591459498	23
194	FINI TUBES SABOR FRAMBOESA	1000	1	t	0.00	0.00	0.00	7898591459771	23
195	FINI TUBES SABOR UVA	1000	1	t	0.00	0.00	0.00	7898591455629	23
196	SERENATA DE AMOR	1000	1	t	0.00	0.00	0.00	7891008414127	23
197	PAÇOQUINHA TRADICIONAL	1000	1	t	0.00	0.00	0.00	7896181708612	23
215	CUP NOODLES BOLONHESA	1000	1	t	0.00	7.50	0.00	7891079013120	24
179	RemoVER	992	1	t	0.00	2.00	0.00	0	8
212	CUP NOODLES CARNE	998	1	t	4.99	7.50	50.30	7891079013052	24
201	TANG SABOR TANGERINA	1000	1	t	0.00	2.00	0.00	7622300862077	24
200	TANG SABOR MARACUJÁ	1000	1	t	0.00	2.00	0.00	7622300861261	24
206	SUCO MARATÁ DE LIMÃO	1000	1	t	0.00	0.00	0.00	7898286200817	24
207	SUCO MARATÁ DE UVA	1000	1	t	0.00	0.00	0.00	7898286200831	24
208	SUCO MARATÁ DE LARANJA	1000	1	t	0.00	0.00	0.00	7898286200824	24
211	SUCO CAMP DE BAUNILHA COM LIMÃO	1000	1	t	0.00	0.00	0.00	7898027658778	24
214	CUP NOODLES YAKISSOBA	1000	1	t	0.00	7.50	0.00	7891079013106	24
157	CIGARRO CHESTERFIELD LINEA	1000	1	t	0.00	8.75	0.00	78940376	8
174	removER	1000	1	t	0.00	0.00	0.00	0	8
513	BADEN BADEN PESSEGO 350ML	1000	1	t	0.00	9.00	0.00	7898230716722	5
152	MARLBORO DOUBLE FUSION	999	1	t	0.00	12.75	0.00	78939837	8
150	MARLBORO ICE BURST	1000	1	t	0.00	12.75	0.00	78900066	8
177	CIGARRO SOLTO L.A MENTHOL	1000	1	t	0.00	0.00	0.00	0	8
192	FINI TUBES AZEDINHO	1000	1	t	0.00	0.00	0.00	7898591454561	23
203	TANG SABOR MORANGO	998	1	t	0.00	2.00	0.00	7622210571724	24
185	BLACK CRETEK MENTHOL	999	1	t	0.00	18.00	0.00	78939912	8
164	CIGARRO SOLTO LUCKY STRIKE DOUBLE ICE	981	1	t	0.00	1.00	0.00	0	8
1193	CHEETOS REQUEIJÃO 105G	1000	1	t	0.00	9.90	0.00	7892840823467	17
216	LÁMEN SABOR GALINHA TRADICIONAL	1000	1	t	0.00	0.00	0.00	7891203057518	24
218	MACARRÃO PARAFUSO DONA BENTA	1000	1	t	0.00	0.00	0.00	7896005286593	24
220	ARROZ TIPO BRANCO CAMIL	1000	1	t	0.00	0.00	0.00	7896006711117	24
230	CREME DE LEITE MOCOCA	999	1	t	0.00	0.00	0.00	7891030003467	24
222	MACARRÃO ADRIA ESPAGUETE 500G	1000	1	t	0.00	0.00	0.00	7896205788033	24
224	BATATA PALHA TRADICIONAL	1000	1	t	0.00	0.00	0.00	7892840814830	24
225	MOLHO DE TOMATE PREDILECTA	1000	1	t	0.00	0.00	0.00	7896292333000	24
226	GILLETTE PRESTOBARBA CABEÇA FIXA	1000	1	t	0.00	0.00	0.00	7500435154420	24
151	SALGADINHO DE TRIGO BACON	999	1	t	1.67	3.50	109.58	7898171341083	17
228	DETERGENTE YPÊ NEUTRO	1000	1	t	0.00	0.00	0.00	7897664130036	24
229	DETERGENTE YPÊ COCO	1000	1	t	0.00	0.00	0.00	7896098900239	24
250	COCA COLA 600ML	999	1	t	0.00	6.50	0.00	7894900011609	4
231	CREME DE LEIE NESTLÉ	1000	1	t	0.00	0.00	0.00	7891000354537	24
233	PIPOCA YOKI NATURAL	1000	1	t	0.00	0.00	0.00	7891095002207	24
234	PIPOCA KISABOR NATURAL	1000	1	t	0.00	5.50	0.00	7898416527104	24
223	SAL LEBRE 1KG	1000	1	t	0.00	3.50	0.00	7896110100043	24
236	CAIXA DE BOM-BOM GAROTO	1000	1	t	0.00	0.00	0.00	7891008116632	25
239	SALGADINHO DORITOS 55G	1000	1	t	0.00	0.00	0.00	7892840253745	17
227	INTIMUS TRIPLA PROTEÇÃO	998	1	t	0.00	0.00	0.00	7896007540631	24
242	PAPEL TOALHA SNOB 120 TOALHAS	1000	1	t	0.00	0.00	0.00	7896110061221	24
265	SODA LIMONADA  2L	1000	1	t	0.00	8.50	0.00	7891991001359	4
256	SCHWEPPES CITRUS 350ML	1000	1	t	0.00	4.50	0.00	7894900180503	4
282	VIBE TRADICIONAL 2L	1000	1	t	0.00	12.00	0.00	7899914200629	6
71	MAGUARY DE LARANJA 1L	1000	1	t	4.79	7.50	56.58	7896000530066	2
1318	GUARANÁ LATA ZERO 350ML	1000	1	t	0.00	4.00	0.00	7891991000727	4
253	SPRITE 600ML	1000	1	t	0.00	0.00	0.00	7894900681246	4
217	LAMEN CARNE PANCO	1000	1	t	0.00	2.90	0.00	7891203057501	24
251	FANTA UVA 600ML	1000	1	t	0.00	6.00	0.00	7894900053630	4
258	GUARANÁ ANTARTICA 1L	1000	1	t	0.00	0.00	0.00	7891991002561	4
259	REFRIGERANTE IT SABOR LARANJA 2L	1000	1	t	0.00	0.00	0.00	7897395030216	4
260	REFRIGERANTE IT SABOR COLA 2L	1000	1	t	0.00	0.00	0.00	7897395030513	4
261	REFRIGERANTE IT  GUARANÁ 2L	1000	1	t	0.00	0.00	0.00	7898377662425	4
263	SUKITA LIMÃO 2L	1000	1	t	0.00	7.50	0.00	7891991297172	4
268	FANTA UVA 2L	1000	1	t	0.00	0.00	0.00	7894900051513	4
269	FANTA LARANJA 2L	1000	1	t	0.00	0.00	0.00	7894900031515	4
266	COCA-COLA ZERO 1L	1000	1	t	0.00	8.50	0.00	7894900701715	4
274	SPRITE 2L	1000	1	t	0.00	10.00	0.00	7894900681000	4
272	FANTA GUARANÁ 2L	1000	1	t	0.00	0.00	0.00	7894900093056	4
243	REMOVEr	1000	1	t	0.00	0.00	0.00	7896052604975	4
264	SUKITA TUBAÍNA 2L	1000	1	t	0.00	7.50	0.00	7891991300810	4
277	MONSTRER JUICE MANGO LOCO 473ML	1000	1	t	0.00	0.00	0.00	070847033301	6
278	MONSTRER ULTRA SEM AÇUCAR 473ML	1000	1	t	0.00	0.00	0.00	070847022206	6
237	CAIXA DE BOM-BOM LACTA	1000	1	t	0.00	15.90	0.00	7622210596413	25
270	COCA COLA 2L	998	1	t	0.00	13.00	0.00	7894900027013	4
281	VIBE LIMA-LIMÃO  2L	1000	1	t	0.00	12.00	0.00	859569007391	6
284	REDBULL SABOR FRUTAS TROPICAIS 250ML	1000	1	t	0.00	12.00	0.00	9002490229160	6
262	SUKITA UVA 2L	1000	1	t	0.00	7.50	0.00	7891149102808	4
285	REDBULL SABOR AÇAI 250ML	1000	1	t	7.29	12.00	64.61	9002490235192	6
254	GAROTO NEGRESCO	1000	1	t	0.00	8.00	0.00	7891008166330	25
244	SCHWEPPES TONICA 350ML	1000	1	t	0.00	4.00	0.00	7894900300017	4
248	SUKITA LARANJA 2L	1000	1	t	0.00	7.50	0.00	7891149440603	4
267	COCA COLA 1L	998	1	t	0.00	8.50	0.00	7894900011715	4
70	REDBULL TRADICIONAL 250ML	999	1	t	6.80	10.00	47.06	611269991000	6
235	PIPOCA YOKI SEM SAL	1000	1	t	0.00	0.00	0.00	7891095100125	24
241	CHOCOLATE GAROTO CONFETE	1000	1	t	0.00	0.00	0.00	7891008168853	25
246	FANTA UVA 350ML	1000	1	t	0.00	4.00	0.00	7894900050011	4
247	KUAT GUARANÁ 350ML	1000	1	t	0.00	0.00	0.00	7894900910018	4
271	COCA-COLA ZERO 2L	1000	1	t	0.00	12.00	0.00	7894900701517	4
221	FEIJÃO CARIOCA KICALDO 1KG	1000	1	t	5.85	9.00	53.85	7896116900029	24
257	SODA LIMONADA 600ML	1000	1	t	0.00	6.00	0.00	7891991002653	4
280	VIBE TROPICAL 2L	1000	1	t	0.00	12.00	0.00	7899914200674	6
275	IT LIMÃO 2L	1000	1	t	0.00	0.00	0.00	7897395030117	4
1304	ARROZ PARBOLIZADO 1KG	1000	1	t	0.00	9.00	0.00	7896011900025	24
245	SODA LIMONADA 350ML	1000	1	t	0.00	4.00	0.00	7891991000833	4
1234	PASSPORT SELECTION	1000	1	t	0.00	70.00	0.00	7891050000101	20
1331	SPRITE 350ML	1000	1	t	0.00	4.00	0.00	7894900681017	4
1229	JACK DANIEL'S 1L	1000	1	t	0.00	180.00	0.00	082184090442	20
1231	JACK DANIEL'S HONEY 375ML	1000	1	t	0.00	80.00	0.00	082184001363	20
1233	BLONDE JOHNNIE WALKER 750ML	1000	1	t	0.00	135.00	0.00	5000267190556	20
1236	CONHAQUE DREHER 900ML	1000	1	t	0.00	25.00	0.00	7896010006360	22
1240	PARATUDO 900ML	1000	1	t	0.00	16.00	0.00	7896685200063	30
1338	DEL VALLE UVA 1L	1000	1	t	0.00	9.00	0.00	7898341430098	2
291	BADEN BADEN WITBIER 350ML	1000	1	t	0.00	8.49	0.00	7898230716630	5
1350	IT! COLA 2L	1000	1	t	0.00	6.50	0.00	7897395030513	4
296	EISENBAHN LONGNECK 355ML	999	1	t	0.00	7.50	0.00	7898367980010	5
1192	CHEETOS LUA 95G	999	1	t	0.00	9.99	0.00	7892840822514	17
329	SANTOME SUAVE 1L	1000	1	t	0.00	22.90	0.00	7896403900015	16
1145	SEDA ZOMO PRATA	1000	1	t	0.00	3.50	0.00	78418592	27
1289	TUCS BACON	1000	1	t	0.00	3.50	0.00	7896061301339	24
304	IMPERIO LONGNECK GOLD  210ML	1000	1	t	0.00	5.00	0.00	7898915949162	5
300	CORONA EXTRA LONGNECK  330ML	991	1	t	0.00	9.00	0.00	7891149108718	5
328	CANTINHO DO VALE 880ML	999	1	t	0.00	6.00	0.00	7896741609960	16
1221	NUSAKINHO IOUGURTE MORANGO 500ML	1000	1	t	0.00	18.00	0.00	000020161261	38
299	BUDWEISER LONGNECK 330ML	1000	1	t	0.00	7.00	0.00	7891991014762	5
821	ASKOV FUN  500ML	1000	1	t	0.00	8.00	0.00	7896092504853	33
1223	ASKOV FUN BLUEBERRY 500ML	1000	1	t	0.00	8.50	0.00	7896092504877	38
1225	ASKOV FUN PESSEGO 500ML	1000	1	t	0.00	9.00	0.00	7896092504907	38
466	GELO 1KG	1000	1	t	0.00	3.00	0.00	00000	24
1387	MORANGUETE 9G	1000	1	t	0.39	0.75	92.31	7896066761879	25
309	SKOL 350ML	779	1	t	0.00	3.90	0.00	7891149200504	5
1244	CABARE PRATA 700ML	1000	1	t	0.00	40.00	0.00	7898377661992	30
1246	CABARE OURO 700ML	1000	1	t	0.00	40.00	0.00	7898377661978	30
1181	PAPEL TOALHA ECONOBOM FOLHA DUPLA	1000	1	t	0.00	6.90	0.00	7897844300730	24
1194	CHEETOS LUA 143G	1000	1	t	0.00	12.90	0.00	7892840822736	17
1336	DEL VALLE MANGA 350ML	999	1	t	0.00	5.50	0.00	7894900660401	2
1242	BAIANINHA AMENDOIM 900ML	1000	1	t	0.00	16.00	0.00	7896092501302	38
297	EISENBAHN IPA 355ML	1000	1	t	0.00	8.90	0.00	7898367983813	5
514	BADEN BADEN CANELA E FRUTAS VERMELHAS 350ML	1000	1	t	0.00	9.00	0.00	7898230716784	5
294	BADEN BADEN IPA 600ML	1000	1	t	0.00	22.00	0.00	7898230715558	5
293	BADEN BADEN WITBIER 600ML	1000	1	t	0.00	22.00	0.00	7898230715213	5
290	BADEN BADEN CRISTAL 350ML	1000	1	t	0.00	9.00	0.00	7898230716616	5
1215	BRAHMA CHOPP 350ML	1000	1	t	0.00	5.50	0.00	7891149010509	5
308	ITAIPAVAL 0,0% LONGNECK	1000	1	t	0.00	5.25	0.00	7897395000882	5
1248	SANTOME TINTO BORDO	1000	1	t	0.00	24.00	0.00	7896403900282	16
929	LATITUDE 33 MALBEC ROSE	1000	1	t	0.00	70.00	0.00	7790975197791	16
305	DRAFT VINHO 600ML	998	1	t	0.00	12.50	0.00	7896494207314	16
302	STELLA ARTOIS LONGNECK 330ML	998	1	t	0.00	7.50	0.00	7891991015462	5
292	BADEN BADEN IPA 350ML	1000	1	t	0.00	9.00	0.00	7898230716654	5
1321	LEITE ITALAC 1L	995	1	t	0.00	7.50	0.00	7898080640611	31
303	IMPERIO LONGNECK LAGER 330ML	1000	1	t	0.00	6.50	0.00	7898738660107	5
635	SORVETE FLOCOS 1,5	1000	1	t	0.00	0.00	0.00	7896513915237	18
1305	FEIJÃO MAXIMO 1KG	1000	1	t	0.00	9.00	0.00	7896401100042	24
252	FANTA LARANKA 600ML	1000	1	t	0.00	6.00	0.00	7894900031607	4
310	ITAIPAVA 350ML	953	1	t	0.00	3.00	0.00	7897395020101	5
1329	FANTA LARANJA 200ML	1000	1	t	0.00	2.50	0.00	78936478	4
1323	CHA LEÃO ERVA-DOCE 16G	1000	1	t	0.00	5.00	0.00	7891098001504	24
1326	MATTE LEÃO ORIGINAL 40G	1000	1	t	0.00	5.00	0.00	7891098000040	24
295	PURO MALTE 269ML	1000	1	t	0.00	2.50	0.00	7898915949780	5
1315	COCA COLA ZERO 600ML	1000	1	t	0.00	6.50	0.00	7894900701609	4
893	CHIVAS 18 ANOS 750ML	1000	1	t	0.00	580.00	0.00	5000299225028	20
1341	SU-FRESH MARACUJÁ 1L	1000	1	t	0.00	7.00	0.00	7898192030065	2
1344	GUARANA ANTARTICA 1,5L	1000	1	t	0.00	8.00	0.00	7891991008761	4
1357	H2O! 1,5L	1000	1	t	0.00	10.00	0.00	7892840812416	4
1217	COCA COLA 200ML	984	1	t	0.00	2.50	0.00	78908901	4
1227	STIKSY	1000	1	t	0.00	12.20	0.00	7892840822613	17
618	CASILLERO DEL DIABLO DELVIS COLLECTION 750ML	1000	1	t	0.00	95.00	0.00	7804320561585	16
669	SUCO ADES MARACUJÁ 1L	1000	1	t	0.00	0.00	0.00	7894900087048	2
697	CERVEJA ENSEBAHN GERMAN PILSNER 355ML	1000	1	t	0.00	0.00	0.00	7898367984469	5
1186	SUCO TANG ABACAXI	1000	1	t	0.00	2.00	0.00	7622210571755	24
306	HEINEKEN 269ML	961	1	t	0.00	4.90	0.00	7896045506590	5
307	HEINEKEN 350ML	921	1	t	0.00	6.50	0.00	7896045506873	5
429	CIGARRO DUNHILL (CALTON)	997	1	t	0.00	12.25	0.00	78941076	8
178	CIGARRO SOLTO NATURAL AMERICAN SPIRIT	1000	1	t	0.00	0.00	0.00	0	8
317	BUDWEISER LATA 269ML	995	1	t	0.00	3.75	0.00	7891991011877	5
351	51 ICE MARACUJÁ 275ML	1000	1	t	0.00	8.00	0.00	7896002110457	38
335	NEVADO CARMENERE RESERVA 750ML	1000	1	t	0.00	0.00	0.00	7802150002223	16
143	CHESTERFIELD REMIX WILD	999	1	t	0.00	8.00	0.00	78938380	8
352	CABARE ICE SABOR LIMÃO 275ML	999	1	t	0.00	8.50	0.00	7898377661848	38
349	51 ICE LIMÃO 275ML	1000	1	t	0.00	8.00	0.00	7896002110419	38
739	IMPERIO LONGNECK ULTRA  275ML	1000	1	t	0.00	6.50	0.00	7898738660244	5
365	OUSADIA SABOR MELANCIA 500ML	999	1	t	0.00	6.50	0.00	7896336810450	38
361	ASKOV VODKA 900ML	1000	1	t	0.00	16.00	0.00	7896092502453	33
348	51 ICE CITRUS 275ML	1000	1	t	0.00	8.00	0.00	7896002111706	38
587	NUSAKINHOS ESPANHOLA 500ML	999	1	t	0.00	18.00	0.00	000020161259	38
117	PASSATEMPO CHOCOLATE	1000	1	t	0.00	3.50	0.00	7891000241356	26
326	BRAHMA ZERO ALCOOL 350ML	1000	1	t	0.00	5.50	0.00	7891149104932	5
323	ÁGUA BUONA VITA 1,5L	1000	1	t	1.50	3.50	133.33	7898994420095	3
340	CALVET VARIETALS 2017 750ML	999	1	t	0.00	96.00	0.00	3159560603286	16
312	IMPERIO 350ML	851	1	t	0.00	3.90	0.00	7898915949209	5
347	PITU LIMÃO 350ML	1000	1	t	0.00	7.50	0.00	7896607100877	30
327	CANTINHO DO VALE 2L	999	1	t	0.00	12.50	0.00	7896741649805	16
1290	TUCS SALAME	1000	1	t	0.00	3.50	0.00	7896061301872	24
314	EISENBAHN PILSEN 350ML	1000	1	t	0.00	5.00	0.00	7898367983790	5
249	COCA-COLA ZERO 350ML	1000	1	t	0.00	4.50	0.00	7894900700015	4
346	SCHWEPPES CITRUS 1,5L	1000	1	t	0.00	10.00	0.00	7894900321753	4
364	OUSADIA SABOR MORANGO 500ML	1000	1	t	0.00	6.50	0.00	7896336809393	38
1195	CHEETOS MIX QUEIJOS 131G	999	1	t	0.00	13.90	0.00	7892840822330	17
324	SKOL BEATS SENSES 269ML	1000	1	t	0.00	9.50	0.00	7891991301138	38
359	SMIRNOFF ORIGINAL 998ML	1000	1	t	0.00	45.00	0.00	7893218000473	33
145	MAÇO DE CIGARRO LUCKY STRIKE CITRIC BLA	1000	1	t	0.00	0.00	0.00	78942844	8
209	SUCO MID DE MORANGO	1000	1	t	0.00	0.00	0.00	7891132082384	24
219	AÇUCAR REFINADO DA BARRA	1000	1	t	0.00	0.00	0.00	7896032501010	24
320	THEREZÓPOLIS GOLD 350ML	1000	1	t	0.00	0.00	0.00	7896371000007	5
134	MAÇO CAMEL DOUBLE MENTA ROXO	999	1	t	0.00	12.25	0.00	78938953	8
330	BENJAMIN NIETO SENETINER 750ML	1000	1	t	0.00	0.00	0.00	7793440702964	16
331	BENJAMIN NIETO SENETINER SELECT MALBEC 7	1000	1	t	0.00	0.00	0.00	7793440827599	16
332	BENJAMIN NIETO SENETINER MALBEC 750ML	1000	1	t	0.00	0.00	0.00	7793440702940	16
333	CAVANZA MERLOT 2016 750ML	1000	1	t	0.00	0.00	0.00	7804330007080	16
334	CREMASEHI FURLOTTI TUCAPEL RESERVADO 750	1000	1	t	0.00	0.00	0.00	7804342004503	16
336	LE GREQ MERLOT 750ML	1000	1	t	0.00	0.00	0.00	8480017163370	16
337	SANTA HELENA RESERVADO 2017 750ML	1000	1	t	0.00	0.00	0.00	7804300121846	16
338	NEDERBURG PINOTAGE 2017 750ML	1000	1	t	0.00	0.00	0.00	6001108037626	16
369	SKOL BEATS SENSE LATA 269ML	998	1	t	0.00	7.00	0.00	7891149105564	38
341	VELHO BARREIRO 910ML	1000	1	t	0.00	0.00	0.00	7896050200124	30
342	CACHAÇA 51 965ML	1000	1	t	0.00	0.00	0.00	7896002100014	30
1182	ESPONJA MULTIUSO VIP	1000	1	t	0.00	2.50	0.00	7896314707871	24
321	ÁGUA BUONA VITA 510ML	998	1	t	0.69	2.00	189.86	7898641870228	3
313	EISENBAHN PILSEN 269ML	1000	1	t	0.00	4.00	0.00	7898367984285	5
370	SKOL BEATS MINT SABOR MOJITO	1000	1	t	0.00	0.00	0.00	7891991300865	38
360	SEAGERS 1L	1000	1	t	0.00	50.00	0.00	7891121154009	34
984	FARDO (15) IMPERIO 269ML	1000	1	t	0.00	45.00	0.00	0000000000	5
325	BRAHMA MALZIBIER 350ML	997	1	t	0.00	5.50	0.00	7891149101528	5
353	CABARE ICE SABOR TANGERINA 275ML	1000	1	t	0.00	8.50	0.00	7897395001490	38
354	CABARE ICE SABOR FRUTAS AMARELAS 275ML	1000	1	t	0.00	8.50	0.00	7897395000479	38
319	CERVEJA ANTARCTICA ORIGINAL 269ML	953	1	t	0.00	3.90	0.00	7891991295086	5
367	COROTE MORANGO	1000	1	t	0.00	5.00	0.00	7896547501154	30
362	ASKOV MARACUJÁ 900ML	1000	1	t	0.00	16.00	0.00	7896092503252	33
350	51 ICE FRUIT MIX 275ML	1000	1	t	0.00	8.00	0.00	7896002111508	38
368	COROTE DO BARRIL MARACUJA	1000	1	t	0.00	5.00	0.00	7896273100812	30
366	COROTE SÃO BERNADO SABOR LIMÃO	1000	1	t	0.00	5.00	0.00	7898307573043	30
1218	CARVÃO DE EUCALIPTO PG	1000	1	t	0.00	18.00	0.00	7896916600044	24
358	SMIRNOFF ICE 275ML	998	1	t	0.00	10.00	0.00	7893218003603	38
1222	NUSAKINHO ABACAXI COM VINHO BRANCO 500ML	1000	1	t	0.00	18.00	0.00	000020161220	38
946	BATATA PALHA  EXTRA FINA 100G	1000	1	t	0.00	10.00	0.00	7898353393008	17
339	SANTA CAROLINA RESERVADO CHILE 2018	1000	1	t	0.00	45.00	0.00	7804350596243	16
315	PETRA PURO MALTE 350ML	945	1	t	0.00	4.00	0.00	7897395099329	5
276	ITUBAÍNA LONGNECK 355ML	999	1	t	0.00	5.00	0.00	7896052603497	4
393	GELO AMERICANO DE MARACUJA	993	1	t	0.00	3.00	0.00	7898946674811	24
380	RED LABEL JOHNNIE WALKER 1L	999	1	t	0.00	115.00	0.00	5000267013602	20
30	MONSTER PIPELINE PUNCH 473ML	1000	1	t	7.39	12.00	62.38	7898938890045	6
390	JURUPINGA 975ML	1000	1	t	23.90	32.90	37.66	7896356600161	16
435	SENSAÇÃO 38G	999	1	t	0.00	4.50	0.00	7891000405000	25
436	KIT KAT 46G	1000	1	t	0.00	4.00	0.00	7891000248768	25
415	FARDO (12) SKOL 350ML	1000	1	t	0.00	42.00	0.00	0000000	5
417	COPO 500ML	1000	1	t	0.00	0.50	0.00	0000000000	24
430	removEr	1000	1	t	0.00	0.00	0.00	78941083	8
363	ASKOV FRUTAS VERMELHAS 900ML	1000	1	t	0.00	16.00	0.00	7896092503276	33
388	WHITE HORSE 1L	1000	1	t	0.00	100.00	0.00	5000265001335	20
374	SKOL BEATS 150 BPM	1000	1	t	0.00	6.00	0.00	7891991294584	38
1291	PIPOCA KISABOR MANTEIGA	1000	1	t	0.00	5.50	0.00	7898416527081	24
1306	MASSA DE LASANHA PETYBON	1000	1	t	0.00	4.50	0.00	7896005271377	24
418	COPO 700ML	1000	1	t	0.00	1.00	0.00	0000000000	24
437	CHOCOLATE NESTLE ALPINO	1000	1	t	0.00	0.00	0.00	7891000306758	25
440	MAÇO DE CIGARRO KENT AZUL	1000	1	t	0.00	9.75	0.00	78943148	8
379	GORDON'S LONDON DRY DOCE (ROSA)	1000	1	t	0.00	100.00	0.00	500289929417	34
318	AMSTEL LATA 269ML	978	1	t	0.00	3.50	0.00	7896045505319	5
396	GELO AMERICANO MAÇA VERDE	1000	1	t	0.00	3.00	0.00	7898946674842	24
919	CHEETOS REQUEIJÃO 160G	1000	1	t	0.00	14.99	0.00	7892840822323	17
382	BALLANTINES FINEST 1L	1000	1	t	0.00	120.00	0.00	5010106111925	20
392	NATU NOBILIS BLENDED WHISKY 1L	1000	1	t	0.00	55.00	0.00	7891050000309	20
1219	NUSAKINHO MARACUJA 500ML	1000	1	t	0.00	18.00	0.00	000020161220	38
439	CAMEL KRETEK	999	1	t	0.00	13.00	0.00	78941106	8
411	6 BADEN BADEN WITBIER LATA	1000	1	t	0.00	50.00	0.00	7898230716647	5
412	FARDO (15) IMPERIO 350ML	1000	1	t	0.00	52.00	0.00	000000000	5
408	FARDO (12) AMSTEL LAGER 269 ML	1000	1	t	0.00	42.00	0.00	7896045506316	5
384	GRANT'S BLENDED SCOTCH WHISKY	1000	1	t	0.00	0.00	0.00	5010327000046	20
391	NESCAU 370G	1000	1	t	0.00	0.00	0.00	7891000352175	24
398	KASCÃO CROCANTE	1000	1	t	0.00	0.00	0.00	7896513921146	18
399	KASKÃO LIMÃO	1000	1	t	0.00	0.00	0.00	7896513912205	18
400	KASCÃO MORANGO	1000	1	t	0.00	0.00	0.00	7896513912328	18
401	KASCÃO CHOCOLATE MILKAS	1000	1	t	0.00	0.00	0.00	7896513912151	18
402	SORVETE MASK AVELÃ	1000	1	t	0.00	0.00	0.00	7896513914155	18
403	SORVETE COCO PALITO 55G	1000	1	t	0.00	0.00	0.00	7896513912069	18
404	SORVETE KASCÃO FRUTTY MILK	1000	1	t	0.00	0.00	0.00	7896513912410	18
405	KASCÃO SKIMO	1000	1	t	0.00	0.00	0.00	7896513912007	18
406	KASCÃO CROSH	1000	1	t	0.00	0.00	0.00	7896513912977	18
420	CHOCOLATE LATA AO LEITE CRUNCH 90G NESTL	1000	1	t	0.00	0.00	0.00	7891000277072	25
422	MAÇO DE CIGARRO CAMEL DOUBLE	1000	1	t	0.00	0.00	0.00	78939615	8
424	BATATA RUFFLES CEBOLA E SALSA 57G	1000	1	t	0.00	0.00	0.00	7892840820107	24
426	CIGARRO BOX  KENT BLUE	1000	1	t	0.00	0.00	0.00	78943001	8
428	CIGARRO CRETEC MENTHOL	1000	1	t	0.00	0.00	0.00	78939004	8
409	FARDO (12) ITAIPAVA 350ml	1000	1	t	0.00	36.00	0.00	7897395020132	5
433	CIGARRO BOX  KENT RED	1000	1	t	0.00	0.00	0.00	78943261	8
397	GELO AMERICANO MORANGO	1000	1	t	0.00	3.00	0.00	7898946674804	24
438	LEITE CONDENSADO ITALAC 395G	1000	1	t	0.00	0.00	0.00	7898080640413	24
416	FARDO (6) SMIRNOFF ICE 275ML	1000	1	t	0.00	60.00	0.00	7893218003573	38
441	MAÇO DE CIGARRO LUCKY STRIKE BIG CHILL	1000	1	t	0.00	0.00	0.00	78942080	8
442	MAÇO DE CIGARRO LUCKY STRIKE DOUBLE ICE	1000	1	t	0.00	0.00	0.00	78942066	8
421	CHOCOLATE HERSHEY'S AMENDOIM	1000	1	t	0.00	0.00	0.00	7899970402883	25
395	GELO AMERICANO MELANCIA	999	1	t	0.00	3.00	0.00	7898946674866	24
431	TRENTO TORTA DE MARACUJA 32G	1000	1	t	0.00	3.00	0.00	7896306619434	25
427	CIGARRO CRETEC CHERRY	1000	1	t	0.00	19.00	0.00	78940765	8
375	51 ICE BAUNILHA COM LIMÃO 269ML	1000	1	t	0.00	6.00	0.00	7896002111799	38
378	STOCK MORANGO 720ML	1000	1	t	0.00	60.00	0.00	7891121210002	35
377	STOCK ANISETTE 720ML	1000	1	t	0.00	60.00	0.00	7891121201000	35
376	BACARDÍ BIG APPLE 980ML	1000	1	t	0.00	50.00	0.00	7891125000067	37
443	MAÇO GUDANG GARAM NACIONAL	1000	1	t	0.00	35.00	0.00	78937567	8
373	SKOL BEATS GT 269ML	997	1	t	0.00	10.00	0.00	7891991301114	38
387	BALLANTINES AMERICAN BARREL 750ML	1000	1	t	0.00	85.00	0.00	5000299628096	20
383	RED RYE FINISH JOHNNIE WALKER  750ML	1000	1	t	0.00	120.00	0.00	5000267164014	20
386	BLACK LABEL JOHNNIE WALKER  1L	1000	1	t	0.00	260.00	0.00	5000267023625	20
385	BUCHANAN'S MASTER	1000	1	t	0.00	230.00	0.00	5000196003774	20
1183	ABSORVENTE SYM COM ABAS	999	1	t	0.00	3.50	0.00	7896110002248	24
1307	MOLHO DE TOMATE TARANTELLA	1000	1	t	0.00	3.00	0.00	7896036099544	24
474	CERVEJA BECK'S 355 ML	1000	1	t	0.00	0.00	0.00	7891991014717	5
478	VIBE MELANCIA  2L	1000	1	t	0.00	12.00	0.00	7899914200667	6
471	OURO DE MINAS PÉ DE MOÇA 50G	1000	1	t	0.00	3.00	0.00	7898537841165	23
1196	HEINEKEN LONGNECK ZERO  330ML	992	1	t	0.00	9.00	0.00	7896045506040	5
461	TODDY 400G	999	1	t	0.00	10.90	0.00	7892840819507	24
446	CIGARRO ROTTMANS RED	1000	1	t	0.00	0.00	0.00	78942738	8
447	CIGARRO ROTTMANS SILVER	1000	1	t	0.00	0.00	0.00	78941045	8
448	CIGARRO ROTTMANS CLICK PURPLE	1000	1	t	0.00	0.00	0.00	78902589	8
449	CIGARRO ROTTMANS CLICK CITRUS	1000	1	t	0.00	0.00	0.00	78941922	8
464	PETTIZ AMENDOIM CROCANTE CEBOLA E SALSA 50G	1000	1	t	0.00	4.00	0.00	7896058599794	17
455	CIGARRO BOX  KENT SILVER	1000	1	t	0.00	0.00	0.00	78943018	8
488	CIGARRO DUNHILL RED (ANTIGO KENT)	1000	1	t	0.00	11.25	0.00	78943131	8
465	GELO IPO 5KG	1000	1	t	0.00	14.00	0.00	00000000	24
1184	PAEL HIGIENICO FOLHA SIMPLES	1000	1	t	0.00	4.50	0.00	7896053410025	24
457	CIGARRO ROTTMANS INTEL DOUBLE CLICK	1000	1	t	0.00	0.00	0.00	78941090	8
481	TORCIDA SABOR PÃO DE ALHO	998	1	t	0.00	3.50	0.00	7892840822620	17
484	REMOVER	1000	1	t	0.00	0.00	0.00	7892840816452	17
456	CIGARRO ROTTMANS VERMELHO ORIGINAL	1000	1	t	0.00	7.00	0.00	78900394	8
483	TORCIDA COSTELINHA C/ LIMÃO	1000	1	t	0.00	3.50	0.00	7892840822606	17
477	MENTOS PURE FRESH MORANGO 56G	1000	1	t	0.00	14.00	0.00	7895144295664	28
479	TEQUI LOKA GOLD	1000	1	t	0.00	25.00	0.00	7898620850487	38
454	CIGARRO ROTHMANS GLOBAL AZUL	995	1	t	0.00	6.50	0.00	78919501	8
470	LACTA BIS  100G	998	1	t	0.00	8.00	0.00	7622210575975	25
458	MAÇO DE CIGARRO MARLBORO VERMELHO	996	1	t	0.00	11.25	0.00	78922594	8
451	CIGARRO ROTTMANS INTERNATIONAL MELAO	1000	1	t	0.00	7.75	0.00	78942813	8
494	OUSADIA PEDACINHO DO CÉU 500ML	1000	1	t	0.00	6.50	0.00	7896336810474	38
450	CIGARRO ROTTMANS INTERNATIONAL	999	1	t	0.00	8.25	0.00	78942806	8
462	BATATA PALHA EXTRA FINA YOKI 100G	1000	1	t	0.00	0.00	0.00	7891095031122	24
487	BATATA CHIPS 30G	998	1	t	0.00	4.00	0.00	7896903500036	24
507	CATUABA AÇAI 900ML	1000	1	t	0.00	18.50	0.00	7896336810733	38
472	BRIGADEIRO | OURO DE MINAS	1000	1	t	0.00	3.00	0.00	7898537841233	23
469	ISQUEIRO CRICKET PEQ	1000	1	t	0.00	0.00	0.00	7896280835196	24
444	MAÇO DE CIGARRO MARLBORO GOLD  SELECTION	1000	1	t	0.00	10.00	0.00	78941618	8
467	GELO IPO 3KG	1000	1	t	0.00	7.00	0.00	00000000	24
453	CIGARRO ROTTMANS GLOBAL RED	1000	1	t	0.00	6.50	0.00	78919464	8
1208	SKOL 550ML	995	1	t	0.00	6.50	0.00	7891149104123	5
485	BATATA RUFFLES CHURRASCO 57G	1000	1	t	0.00	0.00	0.00	7892840820114	24
1292	PIPOCA KISABOR BACON	1000	1	t	0.00	5.50	0.00	7898416527074	24
463	AÇUCAR REFINADO CARAVELAS	1000	1	t	0.00	5.50	0.00	7896894900013	24
486	BATATA RUFFLES  57G	1000	1	t	0.00	0.00	0.00	7892840820121	24
489	CHOCOLATE LATA LAKA 90G	1000	1	t	0.00	0.00	0.00	7622300991418	25
490	CHOCOLATE LAKA DIAMANTE NEGRO  90G	1000	1	t	0.00	0.00	0.00	7622210961679	25
492	CHOCOLATE DIAMANTE NEGRO  90G	1000	1	t	0.00	0.00	0.00	7622300991500	25
498	BATATA PALHA TRADICIONAL KI SABOR	1000	1	t	0.00	0.00	0.00	7898937864948	24
499	MILHO QUERO 280G	1000	1	t	0.00	0.00	0.00	7896102500608	24
500	SELETA LEGUMES 280G	1000	1	t	0.00	0.00	0.00	7896102500530	24
501	ATUM GOMES DA COSTA RALADO	1000	1	t	0.00	0.00	0.00	7891167011779	24
502	SARDINHA GOMES DA COSTA 125G	1000	1	t	0.00	0.00	0.00	7891167021013	24
503	PAPEL TOALHA PICCOLA DONNA	1000	1	t	0.00	0.00	0.00	7896076001644	24
504	BISCOITO WAFFER PIRAQUE 100G	1000	1	t	0.00	0.00	0.00	7896024760654	26
505	BISCOITO WAFFER CHOCOLATE PIRAQUE 100G	1000	1	t	0.00	0.00	0.00	7896024760647	26
506	BISCOITO WAFFER LIMÃO PIRAQUE 100G	1000	1	t	0.00	0.00	0.00	7896024760678	26
508	GRANULADO DORI 120G	1000	1	t	0.00	0.00	0.00	7896058599473	25
509	JUJUBA 32G	1000	1	t	0.00	0.00	0.00	7896058506105	28
511	DORITOS 84G	1000	1	t	0.00	0.00	0.00	7892840815912	17
512	SARDINHA COQUEIRO TOMATE	1000	1	t	0.00	0.00	0.00	7896009301063	24
452	CIGARRO ROTTMANS INTERNATIONAL DOUBLE	993	1	t	0.00	8.25	0.00	78943087	8
491	LACTA OREO  90G	1000	1	t	0.00	9.00	0.00	7622210567567	25
468	HALLS MENTA PRATA	1000	1	t	0.00	2.50	0.00	78938878	29
476	MENTOS PURE FRESH 56G	1000	1	t	0.00	14.00	0.00	78922327	28
475	MENTOS PURE FRESH WHITE 56G	1000	1	t	0.00	14.00	0.00	78922334	28
460	CIGARRO LM VERMELHO FIRSTCUT	1000	1	t	0.00	7.00	0.00	78942653	8
482	TORCIDA SABOR CHURRASCO	1000	1	t	0.00	3.50	0.00	7892840822590	17
497	MACARRÃO NINHO ADRIA 500G	1000	1	t	0.00	0.00	0.00	7896205788095	24
445	CIGARRO ROTTMANS BLUE	1000	1	t	0.00	7.50	0.00	78941014	8
316	BRAHMA DUPLO MALTE 350ML	999	1	t	0.00	4.50	0.00	7891991294942	5
559	SERRAMALTE 350ML	1000	1	t	0.00	5.50	0.00	7891991014809	5
581	CUP NOODLES SABOR LEGUMES	1000	1	t	0.00	7.50	0.00	7891079013090	24
576	AMA VITA CHURRASCO  200G	1000	1	t	0.00	0.00	0.00	7898931140857	24
526	CHANCELER 1L	1000	1	t	0.00	40.00	0.00	7896072911244	20
540	TABACO THE OG	1000	1	t	0.00	17.50	0.00	3565847800017	27
544	PRINGLES CHURRASCO 104G	1000	1	t	0.00	16.00	0.00	7896004006406	17
1397	ESPETO DE FRANGO	1000	1	t	0.00	10.00	0.00	1397	32
575	CONHAQUE SAO JOÃO DA BARRA	1000	1	t	0.00	25.00	0.00	7896022610005	22
1293	ABSORVENTE C/ ABAS	1000	1	t	0.00	3.50	0.00	7896110002248	24
1209	SPATEN LATA 350ML	972	1	t	0.00	5.50	0.00	7891991297424	5
516	SALAME ITALIANO COM AZEITONA SALAME	1000	1	t	0.00	0.00	0.00	751320819727	24
517	SALAME ITALIANO COM PIMENTA SALAME	1000	1	t	0.00	0.00	0.00	751320819734	24
519	QUEIJO RALADO TEIXEIRA 40G	1000	1	t	0.00	0.00	0.00	7896066801148	24
521	TIP CASE TRUNK	1000	1	t	0.00	0.00	0.00	42042013	27
522	TESOURA DOBRAVEL	1000	1	t	0.00	0.00	0.00	7908045130580	27
523	FILTRO 30	1000	1	t	0.00	0.00	0.00	7898712240523	27
524	FILTRO 30 LIMÃO	1000	1	t	0.00	0.00	0.00	7898712240516	27
525	FILTRO 30 MORANGO	1000	1	t	0.00	0.00	0.00	7898712240530	27
527	PASTILHA MORANGO	1000	1	t	0.00	0.00	0.00	78916968	29
528	PASTILHA TUTTI FRUTTI	1000	1	t	0.00	0.00	0.00	78917279	29
529	CHESTERFIELD REMIX BLOSSOM	1000	1	t	0.00	0.00	0.00	78945555	8
530	CIGARRO BOX L&M FORWARD	1000	1	t	0.00	0.00	0.00	78936560	8
532	MAÇO DE CIGARRO MARLBORO SILVER BLUE	1000	1	t	0.00	0.00	0.00	78911116	8
1388	GUARANA ANTARTICA 2 LITROS	1000	1	t	0.00	10.00	0.00	7891991001342	4
1204	HEINEKEN ZERO 350ML	998	1	t	0.00	7.00	0.00	7896045506910	5
534	LE TIROP DE MONIN	1000	1	t	0.00	0.00	0.00	3052910015107	20
535	LE TIROP DE MONIN LIMÃO SICILIANO	1000	1	t	0.00	0.00	0.00	3052910056209	20
536	LE TIROP DE MONIN CRAMBERRY	1000	1	t	0.00	0.00	0.00	3052910010836	20
537	BISCOITO MAIZENA MARILAN 170G	1000	1	t	0.00	0.00	0.00	7896003738506	26
538	SALGADINHO ASSADO CHEEZ IT ORIGINAL	1000	1	t	0.00	0.00	0.00	7896004007045	17
539	SEDA SADHU SLIM	1000	1	t	0.00	0.00	0.00	7908212174669	27
541	TABACO PALAZZO	1000	1	t	0.00	0.00	0.00	700083378002	27
542	PITEIRA MADEIRA	1000	1	t	0.00	0.00	0.00	769503698939	27
545	SORVETE ZERO CHOCOLATE  PALITO 55G	1000	1	t	0.00	0.00	0.00	7896513912700	18
546	SORVETE ZERO COCO  PALITO 55G	1000	1	t	0.00	0.00	0.00	7896513912694	18
547	MAÇARICO FASHION LIGHTER	1000	1	t	0.00	0.00	0.00	6925284400398	24
551	WAFER RANCHEIRO	1000	1	t	0.00	0.00	0.00	7896253401540	26
552	BANANINHA 50G	1000	1	t	0.00	0.00	0.00	7898668732189	23
555	QUEIJO RALADO IPANEMA 40G	1000	1	t	0.00	0.00	0.00	7896114101817	24
573	ÇLKKO	1000	1	t	0.00	0.00	0.00	\N	24
556	SABÃO TIXAN  YPÉ 800G	1000	1	t	0.00	0.00	0.00	7896098909744	24
557	DESINFETANTE YPE TURQUESA	1000	1	t	0.00	0.00	0.00	7896098903636	24
558	MOLHO DE ALHO	1000	1	t	0.00	4.00	0.00	7898075643917	24
561	MARGARINA DORIANA 250G	1000	1	t	0.00	0.00	0.00	7894904574780	21
563	LEITE FERMENTADO YAKULT C6	1000	1	t	0.00	0.00	0.00	7891156001040	21
564	LEITE FERMENTADO YAKULT	1000	1	t	0.00	0.00	0.00	78911000	21
565	VINHO CABERNET SAUVIGNON RESERVADO	1000	1	t	0.00	0.00	0.00	7809625207626	16
567	CHOCOLATE CHARGE 40G	1000	1	t	0.00	0.00	0.00	7891000464908	25
550	AMENDOIM CROCANTE 50G	1000	1	t	0.00	4.00	0.00	7896058593174	17
570	CHOCOLATE DANKE AMENDOAS	1000	1	t	0.00	0.00	0.00	7908336300074	25
571	INTIMUS TRIPLA PROTEÇÃO C/ ABAS	1000	1	t	0.00	0.00	0.00	7896007540617	24
572	ABSORVENTE INTERNO INTIMUS C/8	1000	1	t	0.00	0.00	0.00	7896007541867	24
574	BATATA PALHA TRADICIONAL VITA	1000	1	t	0.00	0.00	0.00	7898931140512	24
569	TRENTO AMENDOIM	1000	1	t	0.00	0.00	0.00	7896306622366	25
577	AMA VITA QUEIJO 200G	1000	1	t	0.00	0.00	0.00	7898931140802	24
578	LEITE INTEGRAL TIROL 1L	1000	1	t	0.00	0.00	0.00	7896256600223	31
580	ESPUMANTE DE PRATA ROSE	1000	1	t	0.00	0.00	0.00	7896097722047	16
582	BATATA PALHA AMA VITA 140G	1000	1	t	0.00	0.00	0.00	7898931140543	24
566	PRINGLES ORIGINAL 104G	1000	1	t	0.00	16.00	0.00	7896004006277	17
584	LEITE DE COCO MENINA 200ML	1000	1	t	0.00	0.00	0.00	7896028014494	24
585	LEITE DE COCO MAIS COCO 200ML	1000	1	t	0.00	0.00	0.00	7896004400297	24
568	TRENTO DARK AVELÃ 26G	1000	1	t	0.00	4.50	0.00	7896306624391	25
579	CIGARRO HARMONY	1000	1	t	0.00	9.50	0.00	78941151	8
520	TABACO SESH	1000	1	t	0.00	18.50	0.00	3565847800024	27
413	PACK FECHADO HEINEKEN LATA 269ML	998	1	t	0.00	40.00	0.00	0000000000	5
560	DOBER BANANA 900ML	1000	1	t	0.00	25.00	0.00	7896711106284	37
533	TABACO ACREMA BLEND	1000	6	t	13.50	21.50	59.26	742832158732	27
515	SALAME ITALIANO TIPO SALAME	999	1	t	0.00	0.00	0.00	751320819710	24
657	CARIBE 28G	1000	1	t	0.00	3.00	0.00	7891008121193	25
656	CHOCOLATE LEITE MOÇA 38G	994	1	t	0.00	4.50	0.00	7891000405703	25
603	OVINHOS DE AMENDOIM 145G	1000	1	t	0.00	8.50	0.00	7892840814816	17
642	BEM BOLADO VERDE 1/4	1000	1	t	0.00	4.00	0.00	742832800129	27
617	BLACK PRINCESS 355ML	1000	1	t	0.00	0.00	0.00	7897395000769	5
644	BEM BOLADO LARANJA 1/4	1000	1	t	0.00	4.00	0.00	040232780967	27
610	NEGRESCO	1000	1	t	0.00	4.00	0.00	7891000376768	26
1197	CORONA EXTRA LATA 350ML	997	1	t	0.00	7.00	0.00	7891991295055	5
639	AMSTEL LONGNECK 355ML	1000	1	t	0.00	7.00	0.00	7896045507054	5
626	CIGARRO LUCKY FRESH WILD	1000	1	t	0.00	11.00	0.00	78944329	8
1294	ESPONJA VIP	1000	1	t	0.00	2.50	0.00	7896314707871	24
1205	BRAHMA DUPLO MALTE 269ML	979	1	t	0.00	3.50	0.00	7891991295277	5
586	QUEIJO RALADO VIGOR 50G	1000	1	t	0.00	0.00	0.00	7891999970053	24
1308	MACARRÃO ESPAGUETE 500G	1000	1	t	0.00	6.00	0.00	7896005286579	24
588	PAO DE FORMA PLUFI NUT	1000	1	t	0.00	0.00	0.00	7898904874048	26
590	BATATA PALHA CEBOLA & SALSA	1000	1	t	0.00	0.00	0.00	7898931140376	24
591	BATAT FRITA AMA ORIGINAL 45G	1000	1	t	0.00	0.00	0.00	7898931140437	24
592	BOLINHO ANA MARIA BAUNILHA 70G	1000	1	t	0.00	0.00	0.00	7896002362412	26
593	BOLINHO ANA MARIA GOTAS DE CHOCOLATE70G	1000	1	t	0.00	0.00	0.00	7896002363259	26
594	BOLINHO ANA MARIA CHOCOLATE 70G	1000	1	t	0.00	0.00	0.00	7896002362436	26
595	EXTRATO DE TOMATE FUGINI	1000	1	t	0.00	0.00	0.00	7897517206338	24
598	BOLACHA PASSATEMPO LEITE	1000	1	t	0.00	0.00	0.00	7891000051436	26
597	WAFER BAUDUCCO MORANGO 140G	1000	1	t	0.00	5.50	0.00	7891962037004	26
599	SALGADINHO LOBITOS CHURRASCO	1000	1	t	0.00	0.00	0.00	7896499901941	17
600	SALGADINHO LOBITOS QUEIJO 70G	1000	1	t	0.00	0.00	0.00	7896499903068	17
602	COOKIE ORIGINAL 100G	1000	1	t	0.00	7.00	0.00	7891962054100	26
1185	SUCO TANG UVA	1000	1	t	0.00	2.00	0.00	7622210571786	24
606	VINHO MON ROSÉ DE PROVENCE 2020	1000	1	t	0.00	0.00	0.00	3760081421596	16
607	SARDINHA PESCADOR	1000	1	t	0.00	0.00	0.00	7896114901738	24
608	SUPER BOND	1000	1	t	0.00	0.00	0.00	7891200017324	24
609	PITEIRA BROWN 35 UN	1000	1	t	0.00	0.00	0.00	798190052991	27
611	ARROZ BRANCO SABOROSO 1KG	1000	1	t	0.00	0.00	0.00	7896584300352	24
604	PILHA ALCALINA AAA C/2	1000	1	t	0.00	0.00	0.00	7896007974375	24
612	FEIJÃO CARIOCA MAXIMO 1KG	1000	1	t	0.00	0.00	0.00	7896401100042	24
613	FERMENTO DONA BENTA 100G	1000	1	t	0.00	0.00	0.00	7896005279489	24
614	GIN INVICTUS 900ML	1000	1	t	0.00	0.00	0.00	618341194540	33
615	GIN INVICTUS TROPICAL 900ML	1000	1	t	0.00	0.00	0.00	618341194564	33
616	GIN INVICTUS MELANCIA 900ML	1000	1	t	0.00	0.00	0.00	619205480038	33
619	TALENTO AMENDOAS E PASSAS	1000	1	t	0.00	0.00	0.00	7891008121827	25
620	TALENTO MORANGO 85G	1000	1	t	0.00	0.00	0.00	7891008121872	25
621	TALENTO DOCE DE LEITE 85G	1000	1	t	0.00	0.00	0.00	7891008121629	25
622	TALENTO CASTANHA DE CAJU 85G	1000	1	t	0.00	0.00	0.00	7891008122213	25
623	COOKIES NESTLE 120G	1000	1	t	0.00	0.00	0.00	7891000381663	25
624	CHOCOLATE ALPINO 280ML	1000	1	t	0.00	0.00	0.00	7891000067048	2
627	CIGARRO LUCKY FRESH ICE	1000	1	t	0.00	0.00	0.00	78944251	8
605	MINI OREO 36G	1000	1	t	0.00	4.50	0.00	7622210933454	26
631	ATUM COQUEIRO RALADO	1000	1	t	0.00	0.00	0.00	7896009301124	24
632	ATUM COQUEIRO RALADO EM OLEO	1000	1	t	0.00	0.00	0.00	7896009301131	24
633	SARDINHA COQUEIRO	1000	1	t	0.00	0.00	0.00	7896009301049	24
634	KASCÃO TREK	1000	1	t	0.00	0.00	0.00	7896513912755	18
636	SORVETE NAPOLITANO 1,5	1000	1	t	0.00	0.00	0.00	7896513915220	18
637	SORVETE CREME 1,5	1000	1	t	0.00	0.00	0.00	7896513915244	18
638	AÇAI 1,3KG	1000	1	t	0.00	0.00	0.00	7896513909014	18
643	BEM BOLADO BROWN 1/4	1000	1	t	0.00	0.00	0.00	742832800143	27
645	MAÇARICO SUMMER	1000	1	t	0.00	0.00	0.00	6925284488310	24
646	PIPOCA DOCE MAGITLEC 200G	1000	1	t	0.00	0.00	0.00	7896045318360	24
647	TWIX TRIPLO CHOCOLATE	1000	1	t	0.00	0.00	0.00	7896423405491	25
648	TORRADA BAUDUCCO NATURAL 142G	1000	1	t	0.00	0.00	0.00	7891962053189	26
649	CHOCOLATE GALAK	1000	1	t	0.00	0.00	0.00	7891000368626	25
650	CHOCOLATE CRUNCH	1000	1	t	0.00	0.00	0.00	7891000369371	25
651	AMENDOIM APIMENTADO COM LIMÃO	1000	1	t	0.00	0.00	0.00	7897115103916	23
652	AMENDOIM SABOR ALHO	1000	1	t	0.00	0.00	0.00	7897115107785	23
653	BISCOITO COOKIE NEGRESCO 60G	1000	1	t	0.00	0.00	0.00	7891000247624	25
654	BISCOITO COOKIE ALPINO 60G	1000	1	t	0.00	0.00	0.00	7891000350119	25
655	BISCOITO COOKIE GALAK  60G	1000	1	t	0.00	0.00	0.00	7891000350072	25
625	NESTON 200ML	1000	1	t	0.00	0.00	0.00	7891000090732	24
641	BEM BOLADO LARANJA	1000	1	t	0.00	4.00	0.00	7898924491324	27
601	COOKIE TRADICIONAL BAUDUCCO 60G	1000	1	t	0.00	7.00	0.00	7891962054810	26
640	BEM BOLADO VERDE	998	1	t	0.00	4.00	0.00	742832250535	27
1237	DOMECQ 1L	999	1	t	0.00	45.00	0.00	7896080001401	22
715	CHEETOS REQUEIJÃO 45G	1000	1	t	0.00	5.00	0.00	7892840821197	17
691	EeMOVER	1000	1	t	0.00	0.00	0.00	7896004400358	2
685	SABONETE YPÉ  85G	1000	1	t	0.00	0.00	0.00	7896098902226	24
696	HEINEKEN LONGNECK 250ML	1000	1	t	0.00	6.50	0.00	78935495	5
719	PITEIRA BLAC WHITE	1000	1	t	0.00	6.00	0.00	769503698960	27
728	KING BLUNT MELANCIA	1000	1	t	0.00	9.99	0.00	7898960207057	27
725	KING BLUNT CHOCOLATE	1000	1	t	0.00	9.99	0.00	7898960207019	27
658	TABACO PARA CACHIMBO VIRGINIA	1000	1	t	0.00	22.00	0.00	7898163220198	27
714	DORITOS 210G	1000	1	t	0.00	20.00	0.00	7892840817916	17
713	FRUIT TELLA C VTAMINA C	1000	1	t	0.00	3.50	0.00	7895144296906	29
712	BATATA RUFFLES CHURRASCO 76G	1000	1	t	0.00	12.00	0.00	7892840818210	17
659	CHARUTOS CAFE BRASIL C/5	1000	1	t	0.00	0.00	0.00	7898901932109	27
1251	PIPOCA DOCE	1000	1	t	0.00	4.00	0.00	7896045320660	24
661	SALTON SERIES DEMI SEC	1000	1	t	0.00	0.00	0.00	7896023012358	16
662	SALTON SERIES BRUT	1000	1	t	0.00	0.00	0.00	7896023012334	16
663	SALTON SERIES MOSCATEL	1000	1	t	0.00	0.00	0.00	7896023013911	16
664	BEEFEATER 750ML	1000	1	t	0.00	145.00	0.00	5000329002537	34
668	CIROC	1000	1	t	0.00	0.00	0.00	088076161863	20
670	SUCO ADES MORANGO 200ML	1000	1	t	0.00	0.00	0.00	7894900087093	2
671	SUCO ADES MAÇA 200ML	1000	1	t	0.00	0.00	0.00	7894900087079	2
672	CHÁ MATE LEÃO 1,5L PESSEGO	1000	1	t	0.00	0.00	0.00	7891098040602	4
673	CHÁ MATE LEÃO ZERO 450 ML	1000	1	t	0.00	0.00	0.00	7891098041074	4
674	ICE TEA LIMÃO ZERO 450 ML	1000	1	t	0.00	0.00	0.00	7891098041913	4
702	AMSTEL 350ML	940	1	t	0.00	4.50	0.00	7896045506934	5
677	MUPY UVA  1L	1000	1	t	0.00	0.00	0.00	7896293806206	2
678	SUCO MUPY MORANGO 1L	1000	1	t	0.00	0.00	0.00	7896293806176	2
679	SUCO MUPY  1L	1000	1	t	0.00	0.00	0.00	7896293806183	2
680	KITANO MAIS SABOR 60G ARROZ	1000	1	t	0.00	0.00	0.00	7891095159529	24
681	KITANO MAIS SABOR 60G	1000	1	t	0.00	0.00	0.00	7898416520006	24
1403	CIGARRO SOLTO CARLTON	1000	1	t	0.00	1.00	0.00	1403	\N
686	CREME DENTAL CLOSEUP RED	1000	1	t	0.00	0.00	0.00	7891037744356	24
687	CREME DENTAL ICE CLEAN	1000	1	t	0.00	0.00	0.00	7896425511350	24
676	REmoVER	1000	1	t	0.00	0.00	0.00	7896010004502	33
688	LEITE INTEGRAL JUSSARA 1L	1000	1	t	0.00	6.00	0.00	7896283800801	31
1409	CHOKITO 32G	1000	1	t	0.00	3.50	0.00	7891000462300	25
695	ESPUMANTE LIDER	1000	1	t	0.00	0.00	0.00	7898280620215	16
689	DEL VALLE FRUIT CITRICAS	1000	1	t	0.00	0.00	0.00	7894900666526	2
699	SAN MARTINI MOSCATEL	1000	1	t	0.00	0.00	0.00	7896267774074	16
667	GUARANA ANTARTICA 1L	1000	1	t	0.00	6.50	0.00	7891991015868	4
700	LIDER MAÇA	1000	1	t	0.00	0.00	0.00	7898280820215	16
701	REDBULL ENERGY FIGO E MAÇA 250ML	1000	1	t	0.00	0.00	0.00	9002490266356	6
703	ESPUMANTE LIDER MORANGO	1000	1	t	0.00	0.00	0.00	7898280620147	16
704	ESPUMANTE LIDER SEM ALCOOL	1000	1	t	0.00	0.00	0.00	7898280620505	16
705	ESPUMANTE LIDER PESSEGO	1000	1	t	0.00	0.00	0.00	7898280620130	16
706	ALFAJOR KIT KAT	1000	1	t	0.00	0.00	0.00	7898972960278	26
707	SUCO PONCHITO LIMÃO  450ML	1000	1	t	0.00	0.00	0.00	7897283400282	2
709	TNT MANGO 473ML	1000	1	t	0.00	0.00	0.00	7897395001681	6
1401	porção de marisco pequena	998	1	t	0.00	20.00	0.00	1401	\N
716	KINDER OVO 40G	1000	1	t	0.00	0.00	0.00	7898024395867	25
717	ESSENCIA SMYRNA	1000	1	t	0.00	0.00	0.00	8682084505750	27
718	PITEIRA BLAC BROWN	1000	1	t	0.00	0.00	0.00	769503698991	24
720	PRESERVATIVO PRUDENCE	1000	1	t	0.00	0.00	0.00	7898079003021	24
721	PRESERVATIVO PRUDENCE UVA	1000	1	t	0.00	0.00	0.00	7898079000327	24
722	PRESERVATIVO PRUDENCE CHICLETE	1000	1	t	0.00	0.00	0.00	7898079001355	24
723	PRESERVATIVO OLLA	1000	1	t	0.00	0.00	0.00	7896222718334	24
724	PRESERVATIVO OLLA MORANGO	1000	1	t	0.00	0.00	0.00	7896222716453	24
726	KING BLUNT UVA	1000	1	t	0.00	0.00	0.00	7898960207026	27
727	KING BLUNT VANILLA	1000	1	t	0.00	0.00	0.00	7898960207033	27
730	KING BLUNT MORANGO	1000	1	t	0.00	0.00	0.00	7898960207040	27
731	KING BLUNT MEL	1000	1	t	0.00	0.00	0.00	7898960207439	27
684	MAQUINA PARA ENROLAR	1000	1	t	0.00	0.00	0.00	609963918829	27
729	KING BLUNT MAÇA VERDE	1000	1	t	0.00	9.99	0.00	7898960207446	27
682	SKOL BEATS TROPICAL GARRAFA 269ML	1000	1	t	0.00	10.00	0.00	7891991306188	38
690	MUPY LARANJA 1L	1000	1	t	0.00	0.00	0.00	7896293808194	2
711	BATATA RUFFLES CEBOLA E SALSA 76G	1000	1	t	0.00	12.00	0.00	7892840818180	17
660	CHIVAS REGAL  12 ANOS 1L	1000	1	t	0.00	190.00	0.00	080432400432	20
665	WHITE HORSE 700ML	1000	1	t	0.00	75.00	0.00	5000265101943	20
510	ALHO PICADO	999	1	t	0.00	5.00	0.00	7898913066564	24
693	VINHO 3 MEDALHAS SANTA RITA MERLOT	1000	1	t	0.00	0.00	0.00	7804330006731	16
758	AGUA CRYSTAL COM GAS 1,5L	1000	1	t	0.00	4.00	0.00	7894900531015	3
757	AGUA CRYSTAL 5L	1000	1	t	0.00	12.00	0.00	7894900530056	3
752	DEL VALLE 100% UVA 1L	1000	1	t	0.00	7.50	0.00	7894900611014	2
799	DEL VALLE SABOR CAJU 1L	1000	1	t	0.00	9.00	0.00	7898341430081	2
800	DEL VALLE PESSEGO 1L	1000	1	t	0.00	9.00	0.00	7898341430036	2
797	DEL VALLE SABOR LARANJA 1L	1000	1	t	0.00	9.00	0.00	7898341430111	2
1198	ORIGINAL GARRAFA 300ML	994	1	t	0.00	5.00	0.00	7891991009584	5
698	MAIONESE HELLMANNS 250G	1000	1	t	0.00	5.00	0.00	7894000050027	24
784	VODKA PINNACLE 1L	1000	1	t	0.00	120.00	0.00	080686929413	33
759	AGUA CRYSTAL 500ML	1000	1	t	0.00	2.00	0.00	7894900530001	3
768	BISCOITO AGUA E SAL ADRIA 170G	1000	1	t	0.00	0.00	0.00	7896085087240	26
733	CIGARRO LUCK STRIKE AZUL 1871	1000	1	t	0.00	10.00	0.00	78946439	8
766	WYBOROWA 750ML	1000	1	t	0.00	90.00	0.00	7891050002730	33
775	ESSENCIA ZIGGY WATERMELON BOMB 50G	1000	1	t	0.00	14.50	0.00	7898927097820	27
777	CHARUTOS TALVIS	1000	1	t	0.00	0.00	0.00	7898911411151	27
774	ESSENCIA ZIGGY CAJU TROPICAL 50G	1000	1	t	0.00	14.50	0.00	7898965792039	27
771	TABACO VIRGINIA MARAJÓ PETY 25G	1000	1	t	0.00	9.90	0.00	609963330591	27
549	BRAHMA DUPLO MALTE  BLACK 350ML	1000	1	t	0.00	5.50	0.00	7891991303880	5
798	DEL VALLE SABOR MANGA 1L	1000	1	t	0.00	9.00	0.00	7894900660357	2
1309	MACARRÃO PENNE 500G	1000	1	t	0.00	5.50	0.00	7896005281710	24
781	PEREZ CRUZ CARMENERE	1000	1	t	0.00	100.00	0.00	7808770200025	16
746	MARTINI 750ML	1000	1	t	0.00	50.00	0.00	7891125000074	22
732	CIGARRO DUNHILL SILVER	1000	1	t	0.00	0.00	0.00	78944398	8
734	CIGARRO LUCKY FRESH MINT X	1000	1	t	0.00	0.00	0.00	78944305	8
736	CIGARRO DUNHILL EVOQUE	1000	1	t	0.00	0.00	0.00	78946088	8
737	CIGARRO DUNHILL EVOQUE EFFECT	1000	1	t	0.00	0.00	0.00	78940925	8
738	CIGARRO DUNHILL EVOQUE DOUBLE	1000	1	t	0.00	0.00	0.00	78944381	8
740	TIJUCA 355ML	1000	1	t	0.00	0.00	0.00	7896388010679	5
741	ESPUMANTE VERMOUNTE  AUREA 750ML	1000	1	t	0.00	0.00	0.00	7898994730507	16
742	ESPUMANTE SERIES MOSCATEL ROSE	1000	1	t	0.00	0.00	0.00	7896023015731	16
743	ESPUMANTE MIORANZA MOSCATEL 750ML	1000	1	t	0.00	0.00	0.00	7896589103163	16
744	LILLET ROSE 750ML	1000	1	t	0.00	0.00	0.00	3057230000277	16
747	BACARDÍ BIG APPLE LIMON 980ML	1000	1	t	0.00	0.00	0.00	891125000050	33
748	GROSELHA CERESER 1L	1000	1	t	0.00	0.00	0.00	7896072911800	2
749	SUCO DE UVA INTEGRAL ALIANÇA 1L	1000	1	t	0.00	0.00	0.00	7896100503090	2
750	SAQUE SENSHI 720ML	1000	1	t	0.00	0.00	0.00	7898339115709	33
751	CHANDON 750ML	1000	1	t	0.00	0.00	0.00	7891083611152	16
745	BEEFEATER LEMON & GINGER750ML	1000	1	t	0.00	160.00	0.00	5000299634189	34
763	ROYAL SALUTE 700ML	1000	1	t	0.00	0.00	0.00	5000299211243	20
765	BELVEDERE VODKA 700ML	1000	1	t	0.00	0.00	0.00	5901041003911	33
769	BISCOITO SALPET 100G	1000	1	t	0.00	0.00	0.00	7896058256406	26
770	NESCAU INST. 370G	1000	1	t	0.00	0.00	0.00	7891000379691	24
772	TABACO VIRGINIA BAUNILHA	1000	1	t	0.00	0.00	0.00	7898994709848	27
773	PALHEIROS TERRA TOMBADA C/10	1000	1	t	0.00	0.00	0.00	7898957589524	27
782	COLINA TINTO SECO 750ML	1000	1	t	0.00	15.00	0.00	7896100500815	16
780	LATITUD 33 SYRAH	1000	1	t	0.00	60.00	0.00	7790975017822	16
762	DORITOS PIMENTA MEXICANA 60G	1000	1	t	0.00	8.00	0.00	7892840823481	17
783	VINHO RESERVADO CATANIA	1000	1	t	0.00	0.00	0.00	7896589103255	16
785	KETEL ONE	1000	1	t	0.00	0.00	0.00	085156875009	33
787	CIGARRO  DUNHILL OM ICE TROPIC	1000	1	t	0.00	0.00	0.00	78944374	8
788	TALENTO CASTANHA DO PARA 25G	1000	1	t	0.00	0.00	0.00	78907478	25
789	TALENTO MEIO AMERGO AMENDOAS 25G	1000	1	t	0.00	0.00	0.00	78907355	25
790	TALENTO CEREAIS E PASSAS  25G	1000	1	t	0.00	0.00	0.00	78907485	25
791	TALENTO AMENOAS E PASSAS	1000	1	t	0.00	0.00	0.00	78907492	25
792	PITÚ 470ML	1000	1	t	0.00	0.00	0.00	7896607100303	30
793	BAUDUCCO BISCUIT 36G	1000	1	t	0.00	0.00	0.00	7891962060361	26
794	COOKIE CHOCOLATE BAUDUCCO 60G	1000	1	t	0.00	7.00	0.00	7891962054476	26
795	VODKA ETERNITY 900ML	1000	1	t	0.00	0.00	0.00	7898422670207	33
796	MACARRÃO DONA BENTA LINGUINE 500G	1000	1	t	0.00	0.00	0.00	7896005275399	24
735	DUNHILL ICE BOOST	1000	1	t	0.00	11.25	0.00	78944367	8
778	FILTRO PALHA	1000	1	t	0.00	9.50	0.00	798190162089	27
754	RUFFLES ORIGINAL 76G	1000	1	t	0.00	12.00	0.00	7892840818203	17
786	OLD PARR 12 YEARS	1000	1	t	0.00	190.00	0.00	5000281004020	20
675	JACK DANIEL'S FIRE 1L	1000	1	t	0.00	200.00	0.00	7898945131346	20
764	LEBLON 750ML	1000	1	t	0.00	150.00	0.00	7898924668016	30
755	BEEFEATER LONDON STRAWBERRY 750ML	1000	1	t	109.00	179.00	64.22	5000299605950	34
836	XEQUE MATE 350ML	1000	1	t	0.00	10.00	0.00	798190225388	37
198	OLEO DE SOJA SOYA	1000	1	t	0.00	9.50	0.00	7891107101621	24
801	DEL VALLE ABACAXI 1L	1000	1	t	0.00	9.00	0.00	7894900660364	2
856	CUP NOODLES COSTELA	1000	1	t	0.00	7.50	0.00	7891079013083	24
1310	FILTRO DE CAFE (30 UNIDADES)	1000	1	t	0.00	6.00	0.00	7891021002127	24
809	NUTELLA  B-READY FERRERO 22G	998	1	t	0.00	5.50	0.00	7898024397915	25
1206	SKOL 269ML	1000	1	t	0.00	3.25	0.00	7891149103102	5
864	KETCHUP QUERO	1000	1	t	0.00	6.50	0.00	7896102502787	24
808	REMOVE	1000	1	t	0.00	0.00	0.00	7896052606191	4
806	TRAKINAS MORANGO	1000	1	t	2.69	4.00	48.70	7622210592781	26
826	SNICKERS MORANGO	1000	1	t	2.50	4.50	80.00	7896423445985	25
873	SEDA CELULOSE ALEDA SLIM	1000	1	t	0.00	4.00	0.00	7898634871003	27
827	ISQUEIRO BIC GRANDE REACE	1000	1	t	0.00	14.90	0.00	3086123646278	24
823	ASKOV MELANCIA 500ML	1000	1	t	0.00	8.00	0.00	7896092505492	33
829	ENERGY NUSAKINHO MAÇA VERDE	1000	1	t	0.00	10.00	0.00	7898221856260	6
830	ENERGY NUSAKINHO TRADICIONAL 2L	1000	1	t	0.00	10.00	0.00	7898221856253	6
844	MILKA STRAWBERRY 100G	1000	1	t	0.00	15.00	0.00	7622300498429	25
820	MAKERS MARK 750ML	1000	1	t	0.00	250.00	0.00	085246139431	20
802	TALENTO AVELAS 25G	1000	1	t	0.00	0.00	0.00	78907461	25
803	LICOR DE WISKY E APPLE	1000	1	t	0.00	0.00	0.00	7896711105751	33
804	FARINHA DE MANDIOCA KISABOR  500G	1000	1	t	0.00	0.00	0.00	7898416521089	24
855	PAO DE FORMA VISCONTI	1000	1	t	0.00	9.50	0.00	7891962051338	24
839	PILHA ALCALINA RAYOVAC AAA C/2	1000	1	t	0.00	10.90	0.00	7896009760655	24
810	BANANINHA CREMOSA 30G	1000	1	t	0.00	0.00	0.00	7898058980633	25
813	TALENTO AVELAS  85G	1000	1	t	0.00	0.00	0.00	7891008121728	25
814	TALENTO CASTANHA DO PARA 85G	1000	1	t	0.00	0.00	0.00	7891008121773	25
815	TALENTO MEIO AMARGO AMENDOAS 85G	1000	1	t	0.00	0.00	0.00	7891008121575	25
816	ESPONJA MULTIUSO BOM BRIL	1000	1	t	0.00	0.00	0.00	7891022100938	24
817	COCO RALADO INDIANO 50G	1000	1	t	0.00	0.00	0.00	7898910048044	24
824	NISSIN YAKISSOBA CARNE	1000	1	t	0.00	0.00	0.00	7891079013847	24
825	NISSIN YAKISSOBA LEGUMES	1000	1	t	0.00	0.00	0.00	7891079013861	24
831	FILTRO THE OG 130UNID	1000	1	t	0.00	0.00	0.00	3565847800048	24
832	TESOURA	1000	1	t	0.00	0.00	0.00	6225480185885	27
833	CHARUTO CHOCOLATE	1000	1	t	0.00	0.00	0.00	070235103951	27
834	ESSENCIA ZIGGY BANANA TROPICAL 50G	1000	1	t	0.00	0.00	0.00	7898965792060	27
835	ESSENCIA ZIGGY FRESH MELON50G	1000	1	t	0.00	0.00	0.00	7908479402185	27
838	MICHELOB ULTRA 350ML	1000	1	t	0.00	0.00	0.00	7891991302029	5
841	SALGADINHO CHEETOS 41G	1000	1	t	0.00	0.00	0.00	7892840818562	17
843	CHOCOLATE ALPINE MILK 90G	1000	1	t	0.00	0.00	0.00	7622210369444	25
860	BATATA LAYS CLASSICA 70G	1000	1	t	0.00	12.00	0.00	7892840823375	17
846	CHOCOLATE MILK 100G	1000	1	t	0.00	0.00	0.00	3045140105502	25
847	CERVEJA PURO MALTE 330ML	1000	1	t	0.00	0.00	0.00	7898953990324	5
848	FERRERO ROCHER 55G	1000	1	t	0.00	0.00	0.00	7898024397861	25
850	TIC TAC LARANJA 16G	1000	1	t	0.00	0.00	0.00	78945456	29
852	KINDER OVO MENINO 40G	1000	1	t	0.00	0.00	0.00	7898024395416	25
853	CHOCOLATE ALGODÃO DOCE 10G	1000	1	t	0.00	0.00	0.00	7891000388709	25
854	LEITE CONDENSADO CAMPOS DO JORDÃO 395G	1000	1	t	0.00	0.00	0.00	7897076021403	24
857	ARROZ BRANCO URBANO 1KG	1000	1	t	0.00	0.00	0.00	7896038321056	24
858	QUEIJO RALADO GRAN MESTRI	1000	1	t	0.00	0.00	0.00	7898670300185	24
861	TORTUGUITA BRIGADEIRO	1000	1	t	0.00	0.00	0.00	7898142865082	26
862	TORTUGUITA AO LEITE BRANCO	1000	1	t	0.00	0.00	0.00	7898142865068	26
865	SEDA SADHU NIGHT ROLL	1000	1	t	0.00	0.00	0.00	7898712240806	27
866	SEDA SADHU MORNING ROLL	1000	1	t	0.00	0.00	0.00	7898712240868	27
868	ADES UVA 1L	1000	1	t	0.00	0.00	0.00	7894900087123	2
869	SUCO ADES ABACAXI 1L	1000	1	t	0.00	0.00	0.00	7894900087000	2
870	SUCO ADES MAÇA1L	1000	1	t	0.00	0.00	0.00	7894900087062	2
872	FARDO (12) AMSTEL 350ML	1000	1	t	0.00	48.00	0.00	0000000000	5
837	HEINKEN LATA 473ML	999	1	t	0.00	0.00	0.00	7896045506248	5
811	BATON CREME 10G	1000	1	t	0.00	2.00	0.00	78930230	25
807	TRENTO BRANCO 32G	1000	1	t	1.20	3.00	150.00	7896306616389	25
851	TIC TAC MENTA 16G	1000	1	t	0.00	3.00	0.00	78945449	29
849	TIC TAC MIX DE FRUTAS	1000	1	t	0.00	3.00	0.00	78945463	29
1211	51 ICE MAÇA VERDE 269ML	1000	1	t	0.00	8.00	0.00	7896002111898	38
842	OVINHOS AMENDOIM 65G	1000	1	t	3.39	5.00	47.49	7892840818258	17
819	JIM BEAM BOURBON 1L	1000	1	t	0.00	140.00	0.00	080686027638	20
805	CREAM CRACKER TRIUNFO 170G	1000	1	t	0.00	5.00	0.00	7896058258738	24
863	TORTUGUITA AO LEITE BAUNILHA	995	1	t	0.00	2.00	0.00	7898142865044	25
1295	AZEITE ANDORINHA	1000	1	t	0.00	42.00	0.00	5601216120152	24
924	ALTOS PRATA MALBEC 750ML	1000	1	t	0.00	0.00	0.00	7790975017013	16
938	VIBE PESSEGO E MORANGO 2L	1000	1	t	0.00	12.00	0.00	7899914200452	6
880	SEDA SADHU SLIM LONGA BROWN	1000	1	t	0.00	4.50	0.00	7898712241537	27
548	BRAHMA DUPLO MALTE TOSTADA 350ML	1000	1	t	0.00	5.50	0.00	7891991305518	5
1266	CIGARRO SOLTO	1000	1	t	0.00	1.00	0.00	000123	8
896	WAFER BAUDUCCO AVELA 140G	1000	1	t	0.00	5.50	0.00	7891962036991	26
923	DIABLO BLACK CARBENET SUAVIGNON	1000	1	t	0.00	32.00	0.00	7804320750552	16
1311	NESCAU 200G	1000	1	t	0.00	7.00	0.00	7891000379585	24
1314	GUARANÁ 600ML	1000	1	t	0.00	6.00	0.00	7891991002646	4
884	FOLHA DE ALUMINIO C / 50 PCT (UNIDADE 1,00)	1000	1	t	0.00	29.90	0.00	558242663359	27
915	AGUA CRYSTAL 1L	1000	1	t	0.00	3.00	0.00	7894900530025	3
927	VINHO CASILLERO DEL DIABLO PEDRO JIMENEZ	1000	1	t	0.00	65.00	0.00	7804320750354	16
892	HOWLER HEAD 750ML	1000	1	t	0.00	160.00	0.00	850003347653	20
939	VIBE MAÇA VERDE 2L	1000	1	t	0.00	12.00	0.00	7899914200537	6
894	PASSPORT HONEY 670ML	1000	1	t	0.00	75.00	0.00	7891050003652	20
1238	APEROL 750ML	1000	1	t	0.00	65.00	0.00	7891136057012	22
928	REMOVe	1000	1	t	0.00	0.00	0.00	4067700015044	16
922	TERRAZAS CABERNET SUAVIGNON 750ML	1000	1	t	0.00	130.00	0.00	7790975001494	16
882	PITEIRA SESH 70PITEIRAS	1000	1	t	0.00	5.00	0.00	3565847800369	27
877	SEDA PAPELITO	1000	1	t	0.00	0.00	0.00	7898950283054	27
1187	CARTELA DE OVOS KATAYAMA 20UN	1000	1	t	0.00	18.00	0.00	7898194600082	24
879	SEDA SADHU SLIM LONGA	1000	1	t	0.00	0.00	0.00	7898712241513	27
881	MAQUINA PARA ENROLAR PEQUENA	1000	1	t	0.00	0.00	0.00	069963918829	27
883	PITEIRA THE OG	1000	24	t	0.00	4.00	0.00	3565847800079	27
875	SEDA BLACK	1000	1	t	0.00	0.00	0.00	7898712241124	27
886	SORVETE BRIGADEIRO 150G	1000	1	t	0.00	0.00	0.00	7896513940178	18
887	SORVETE ALEGRIA MILHO VERDE 150G	1000	1	t	0.00	0.00	0.00	7896513940239	18
888	FRUTHOS AÇAI LEITE EM PO 170G	1000	1	t	0.00	0.00	0.00	7896513909113	18
890	BUCHANAN'S SPECIAL RESERVE 18 ANOS	1000	1	t	0.00	0.00	0.00	50196913	20
921	WAFER BAUDUCCO CHOCOLATE 140G	1000	1	t	0.00	5.50	0.00	7891962036984	26
898	FARINHA DE MANDIOCA GROSSA  500G	1000	1	t	0.00	0.00	0.00	7896064101417	24
901	TORTUGUITA AO LEITE NAPOLITANO	1000	1	t	0.00	0.00	0.00	7898142865129	26
902	VINHO ROSÉ PISCINE	1000	1	t	0.00	0.00	0.00	3280111580005	16
904	SARDINHA 88  COM OLEO	1000	1	t	0.00	0.00	0.00	7891167023017	24
905	FEIJÃO CAMIL  1KG	1000	1	t	0.00	0.00	0.00	7896006744115	24
906	PAPEL HIGIENICO FOLHA DUPLA	1000	1	t	0.00	0.00	0.00	7897844300723	24
907	CIF MULTIUSO	1000	1	t	0.00	0.00	0.00	7891150071742	24
908	FOSFORO	1000	1	t	0.00	0.00	0.00	7896100900011	27
911	LAMEN SABOR CARNE NISSIN	1000	1	t	0.00	0.00	0.00	7891079000205	24
1269	PITU 350ML	1000	1	t	0.00	7.50	0.00	7896607100044	30
913	FARINHA DE TRIFO PRIMOR 1KG	1000	1	t	0.00	0.00	0.00	7891080147807	24
925	CALEO PRIMITIVO	1000	1	t	0.00	95.00	0.00	8008863004014	16
914	BANANINHA CREMOSA S ACUCAR 30G	1000	1	t	0.00	0.00	0.00	7898947980027	25
916	SUCO ADES LARANJA 200ML	1000	1	t	0.00	0.00	0.00	7894900087055	2
876	SEDA SLIM ALFAFA	999	50	t	2.00	3.50	75.00	7842559000697	27
920	CAFE CABOCLO 250G	1000	1	t	0.00	0.00	0.00	7896089011203	31
897	SALGADINHO FANDANGOS SABOR PRESUNTO 80G	1000	1	t	0.00	0.00	0.00	7892840816346	17
926	RESERVA CASILLERO DEL DIABLO SHIRAZ	1000	1	t	0.00	80.00	0.00	7804320510170	16
930	CHANDON PINOT NOIR	1000	1	t	0.00	0.00	0.00	7891083611978	16
932	VINHO TRIVENTO ARGEBTINA 2020	1000	1	t	0.00	0.00	0.00	7798039599192	16
933	VINHO SANTA COLINA TANNAT 750ML	1000	1	t	0.00	0.00	0.00	7896100501584	16
934	VINHO SANTA COLINA MERLOT 750ML	1000	1	t	0.00	0.00	0.00	7896100501539	16
936	VINHO BOLA 375 ML	1000	1	t	0.00	0.00	0.00	8008960136748	16
940	BATATA PALHA TRADICIONAL KARIS	1000	1	t	0.00	0.00	0.00	7898078970027	24
942	BISCOITO WAFER MARILAN CHOCOLATE 115G	1000	1	t	0.00	0.00	0.00	7896003700657	26
943	BISCOITO WAFER MARILAN LIMÃO115G	1000	1	t	0.00	0.00	0.00	896003703399	26
944	ABSORVENTE DEFINITY S/ABAS	1000	1	t	0.00	0.00	0.00	7896064445207	24
874	SEDA SADHU NIGHT	1000	1	t	0.00	4.00	0.00	7898712241735	27
899	EISENBAHN SESSION IPA 350ML	1000	1	t	0.00	8.00	0.00	7898367984391	5
918	BRAHMA DUPLO MALTE TRIGO 350ML	1000	1	t	0.00	5.50	0.00	7891991305150	5
371	SKOL BEATS MINT SABOR GIN & TÔNICA	1000	1	t	0.00	8.00	0.00	7891149840878	38
1212	51 ICE KIWI 269ML	1000	1	t	0.00	8.00	0.00	7896002110983	38
859	BATATA LAYS SOUR CREAM	1000	1	t	0.00	12.00	0.00	7892840823399	24
891	JIM BEAM APPLE 1L	1000	1	t	0.00	130.00	0.00	080686043782	20
931	MARQUES CASA CONCHA ROSE 2019	1000	1	t	0.00	175.00	0.00	7804320746166	16
885	SORVETE MORANGO COM LEITE CONDENSADO	999	1	t	0.00	0.00	0.00	7896513940048	18
980	H2O! PITAYA 500ML	1000	1	t	0.00	6.50	0.00	7892840821999	4
987	TESOURA XZ	1000	1	t	0.00	0.00	0.00	6932335107113	27
1005	BATATA RUFFES CHURRASCO 115G	999	1	t	0.00	17.50	0.00	7892840818142	17
710	PRINGLES CHEDDAR E BACON 104G	1000	1	t	0.00	16.00	0.00	7896004008998	17
1296	VINAGRE DE ALCOOL VITALIA	1000	1	t	0.00	3.50	0.00	7896048284631	24
1003	KINDER OVO MENINA 20G	1000	1	t	6.49	10.90	67.95	78940840	25
956	TABACO TABEAR 25G	1000	1	t	0.00	18.90	0.00	798190132754	27
1001	SPRITE 200ML	1000	1	t	0.00	2.50	0.00	78939745	4
969	MOSTARDA QUERO 200G	1000	1	t	0.00	5.50	0.00	7896102509144	24
964	SABÃO MINUANO  800G	1000	1	t	0.00	10.90	0.00	7908324403268	24
947	BATATA PALHA  80G	1000	1	t	0.00	8.00	0.00	7898353390250	17
962	STIKSY 30G	1000	1	t	0.00	3.50	0.00	7892840822538	17
960	DORITOS 76G	1000	1	t	0.00	12.00	0.00	7892840822347	17
959	BATATA RUFFLES ORIGINAL 68G	1000	1	t	0.00	10.90	0.00	7892840823054	17
945	TIC TAC MENTA FRESH	1000	1	t	0.00	0.00	0.00	78945494	29
948	SALGADINHO ASSADO CHEEZ IT CHEDDAR	1000	1	t	0.00	0.00	0.00	7896004007021	17
950	SALGADO	1000	1	t	0.00	0.00	0.00		17
951	PIPOCA KISABOR QUEIJO	1000	1	t	0.00	0.00	0.00	7898416527128	24
952	MACARRÃO PETYBON C/OVOS 500G	1000	1	t	0.00	0.00	0.00	7897721410071	24
953	MACARRÃO PETYBON ESPAGUETTI 500G	1000	1	t	0.00	0.00	0.00	7897721410002	24
954	MOLHO DE TOMATE BONARE 300G	1000	1	t	0.00	0.00	0.00	7899659901096	24
955	COQUETEL ALCOOLICO FRUTAS VERMELHAS	1000	1	t	0.00	0.00	0.00	7896273100829	33
957	SORVETE PINTA LÍNGUA 58G	1000	1	t	0.00	0.00	0.00	7896513912779	18
961	BATATA LAYS 70G	1000	1	t	0.00	0.00	0.00	7892840823382	17
963	BISCOITO WAFFWER CHOCOLATE140G	1000	1	t	0.00	0.00	0.00	7891203057075	26
965	AGUA SANITARIA OLIMPO 1L	1000	1	t	0.00	0.00	0.00	7896013100461	24
949	DORITOS 120G	1000	1	t	0.00	15.00	0.00	7892840822446	17
994	BATATA LAYS SOUR CREAM 115G	1000	1	t	0.00	15.00	0.00	7892840823412	17
971	MULTIUSO YPÊ	1000	1	t	0.00	0.00	0.00	7896098900802	24
972	DESINFETANTE YPÊ	1000	1	t	0.00	0.00	0.00	7896098906972	24
973	SORVETE PISTACHE 1,5L	1000	1	t	0.00	0.00	0.00	7896513915299	18
974	SORVETE PASSAS RUM 1,5L	1000	1	t	0.00	0.00	0.00	7896513915251	18
975	SORVETE ABACAXI  1,5L	1000	1	t	0.00	0.00	0.00	7896513915343	18
976	SORVETE MORANGO 1,5L	1000	1	t	0.00	0.00	0.00	7896513915169	18
977	LEITE INTEGRAL ITAMBÉ 400G	1000	1	t	0.00	0.00	0.00	7896294901689	31
978	LEITE INTEGRAL PARMALAT 1L	1000	1	t	0.00	0.00	0.00	7896034610017	31
979	TORTUGUITA AO LEITE AERADO	1000	1	t	0.00	0.00	0.00	7898142865037	26
982	VINHO CHARDONNAY CHILLAN	1000	1	t	0.00	0.00	0.00	7808765762606	16
983	VINHO RESERVA CARBENET SUAVIGNON CHILLAN	1000	1	t	0.00	0.00	0.00	7808765762613	16
993	BACONZITOS 86G	1000	1	t	0.00	12.99	0.00	7892840822774	17
988	ESSENCIA ZIGGY RED LEMONADE  50G	1000	1	t	0.00	0.00	0.00	7908479401911	27
989	ESSENCIA ZIGGY MAÇA VERDE 50G	1000	1	t	0.00	0.00	0.00	7908479402192	27
990	DORITOS 32G	1000	1	t	0.00	0.00	0.00	7892840822385	17
991	BACONZITOS 42G	1000	1	t	0.00	0.00	0.00	7892840822798	17
992	CEBOLITOS 91G	1000	1	t	0.00	0.00	0.00	7892840822804	17
1200	SPATEN LONGNECK 355ML	999	1	t	0.00	7.00	0.00	7891991297479	5
996	STIKSY 76G	1000	1	t	0.00	0.00	0.00	7892840822583	17
998	BATATA RUFFLES CHURRASCO 68G	1000	1	t	0.00	0.00	0.00	7892840823047	24
981	CABERNET SAUVIGNON CHILLAN	1000	1	t	0.00	40.00	0.00	7808765762590	16
1004	TIC TAC MENTA CITRUS MIX	1000	1	t	0.00	0.00	0.00	78946033	29
1009	LEITE CONDESADO PAULISTA 395G	1000	1	t	0.00	0.00	0.00	7896294901863	24
1011	VINHO COUNTRY WINE 750ML	1000	1	t	0.00	0.00	0.00	7891141011986	16
1012	LAMEN SABOR GALINHA NISSIN	1000	1	t	0.00	0.00	0.00	7891079000212	24
1014	VINHO CHALISE 750ML	1000	1	t	0.00	0.00	0.00	7896023081538	16
1015	CHEETOS 75G	1000	1	t	0.00	0.00	0.00	7892840816636	17
1016	LEITE INTEGRAL QUATA 1L	1000	1	t	0.00	0.00	0.00	7896183202187	31
1017	PAPEL HIGIENICO FAMILIAR SIMPLES	1000	1	t	0.00	0.00	0.00	7908782500059	24
968	MOSTARDA PREDILETA 200G	1000	1	t	0.00	5.00	0.00	7896292300477	24
966	LACTA AO LEITE 80G	1000	1	t	0.00	9.00	0.00	7622210673831	25
999	LEITE MOÇA MINI 65G	1000	1	t	0.00	5.00	0.00	7891000340431	23
970	M&M CRISPY	1000	1	t	0.00	5.50	0.00	7896423401066	25
985	FILTRO THE OG	1000	1	t	0.00	8.50	0.00	3565847800055	27
997	RUFFLES CEBOLA & SALSA 33 G	1000	1	t	0.00	5.00	0.00	7892840822958	17
1007	BATATA RUFFES CEBOLA E SALSA 115G	1000	1	t	0.00	17.50	0.00	7892840818159	17
1013	JACK DANIEL'S SINGLE BARREL 750ML	1000	1	t	0.00	350.00	0.00	082184087008	20
1271	MONTILLA 1L	1000	1	t	0.00	50.00	0.00	7891050004208	37
995	BATATA LAYS CLASSICA 115G	1000	1	t	0.00	15.00	0.00	7892840823405	24
1297	OLEO MARIA	1000	1	t	0.00	8.50	0.00	7896036096437	24
1058	LACTA OURO BRANCO	998	1	t	0.00	9.00	0.00	7622210528216	25
1021	ALFAJOR NUTELLA 40G	1000	1	t	0.00	0.00	0.00	7898972960247	26
1084	TRIDENT MORANGO	1000	1	t	0.00	3.00	0.00	7895800201503	28
1040	CHEETOS LUA 40G	1000	1	t	0.00	5.00	0.00	7892840821173	17
1068	KIT KAT CARAMELO 35G	1000	1	t	0.00	4.50	0.00	7891000349724	25
1072	BATON MORNAGO 10G	1000	1	t	0.00	2.00	0.00	78936911	25
903	M&M AMENDOIM 45G	1000	1	t	0.00	5.50	0.00	7896423469820	25
1052	CANELINHA DA ROCHA 1L	1000	1	t	0.00	19.00	0.00	7896685200223	30
1055	BATATA PALHA  FINA ELMA CHIPS 100	1000	1	t	0.00	0.00	0.00	7892840820398	24
1067	KIT KAT COOKIE & CREAM 35G	998	1	t	0.00	4.50	0.00	7891000349779	25
1061	LACTA BRANCO OREO	1000	1	t	0.00	9.00	0.00	7622210674357	25
1033	DORITOS 37G	1000	1	t	0.00	5.00	0.00	7892840822408	17
1041	SALGADINHO FANDANGOS SABOR PRESUNTO 105G	999	1	t	0.00	9.99	0.00	7892840822880	17
1070	MORANGUETE 25G	1000	1	t	0.00	1.50	0.00	7896066766560	25
1057	CEBOLITOS 138G	1000	1	t	0.00	16.50	0.00	7892840822941	17
1018	ALFAJOR OVOMALTINE 40G	1000	1	t	0.00	0.00	0.00	7898972960681	26
1019	ALFAJOR GALAK 40G	1000	1	t	0.00	0.00	0.00	7898972960018	26
1083	TRIDENT X SENSES INTENSE	1000	21	t	0.00	3.50	0.00	7622210564290	28
1022	BATATA RUFFES CHURRASCO 32G	1000	1	t	0.00	0.00	0.00	7892840823009	24
1024	BATATA RUFFES  ORIGINAL 32G	1000	1	t	0.00	0.00	0.00	7892840822996	24
1025	PINGO DE OURO 76G	1000	1	t	0.00	0.00	0.00	7892840823078	24
1026	OVINHO DE AMENDOIM BARBECUE 50G	1000	1	t	0.00	0.00	0.00	7892840820084	24
1028	AMENDOIM JAPONES 40G	1000	1	t	0.00	0.00	0.00	7892840815745	24
1029	CHEETOS BOLA 37G	1000	1	t	0.00	0.00	0.00	7892840821203	24
1037	LAYS 35G	1000	1	t	0.00	0.00	0.00	7892840822750	24
1038	LAYS SOUR CREAM 35G	1000	1	t	0.00	0.00	0.00	7892840822767	24
1042	PINGO DE OURO BACON 30G	1000	1	t	0.00	0.00	0.00	7892840822828	17
1043	CHOCOLATE HERSHEIS  BOLO TENTAÇÃO 77G	1000	1	t	0.00	0.00	0.00	7899970403101	25
1044	REDBULL ENERGY DRINK 355ML	1000	1	t	0.00	0.00	0.00	9002490209346	6
1045	TWIX 15G	1000	1	t	0.00	0.00	0.00	7896423424140	25
1046	FOLHA DE  ALUMINIO 7,5	1000	1	t	0.00	0.00	0.00	7898921466318	24
1047	FOLHA DE ALUMINIO 4M	1000	1	t	0.00	0.00	0.00	7898921466271	24
1048	BOLINHO ANA MARIA NAPOLITANO42G	1000	1	t	0.00	0.00	0.00	7896002368230	26
1049	BOLINHO ANA MARIA CHOCOLATE 42G	1000	1	t	0.00	0.00	0.00	7896002362054	26
1050	PAPEL HIGIENICO FAMILIAR FOLHA DUPLA	1000	1	t	0.00	0.00	0.00	7908782500011	24
1051	GUARDANAPO COQUETEL	1000	1	t	0.00	0.00	0.00	7896301800028	24
1053	MELNUTRE 1,230G	1000	1	t	0.00	0.00	0.00	7897711700472	30
1076	SNICKERS MARACUJA	1000	1	t	2.75	4.50	63.64	7896423456561	25
1056	OVINHO DE AMENDOIM BARBECUE 130G	1000	1	t	0.00	0.00	0.00	7892840820091	24
1054	NESCAFE MATINAL 50G	1000	1	t	0.00	0.00	0.00	7891000198414	24
845	CHOCOLATE OREO MILKA 100G	1000	1	t	0.00	15.00	0.00	7622210262202	25
1060	LACTA BRANCO 80G	1000	1	t	0.00	9.00	0.00	7622210674319	25
967	LACTA DIAMANTE NEGRO 80G	1000	1	t	0.00	9.00	0.00	7622210674050	25
1063	BIS OREO 100G	1000	1	t	0.00	0.00	0.00	7622300989316	25
1064	BIS XTRA ORIGINAL	1000	1	t	0.00	4.50	0.00	7622300988470	25
1065	BIS XTRA OREO	1000	1	t	0.00	4.50	0.00	7622300988517	25
1066	BIS XTRA BLACK	1000	1	t	0.00	4.50	0.00	7622210566409	25
1069	MORANGUETE 13G	1000	1	t	0.00	1.00	0.00	7896066729091	25
1071	STIKADINHO 70G	1000	1	t	0.00	4.50	0.00	7891330012725	25
1073	BATON EXTRA MILK 10G	1000	1	t	0.00	2.00	0.00	78939363	25
1077	SNICKERS DARK 42G	999	1	t	2.75	4.50	63.64	7896423481853	25
1075	NUTELLA 140G	1000	1	t	0.00	13.00	0.00	7898024395232	23
1080	TRENTO TRUFA DE CHOCOLATE 23G	999	1	t	0.00	3.00	0.00	7896306624964	25
1079	TRENTO SPECIAL BRANCO AVELÃ	1000	1	t	0.00	4.50	0.00	7896306623660	25
432	TRENTO AVELÃ 32G	1000	1	t	1.25	3.00	140.00	7896306612831	25
1059	LACTA SONHO DE VALSA	999	1	t	0.00	9.00	0.00	7622210528186	25
1031	CHEETOS CRUNHY 78G	1000	1	t	0.00	7.00	0.00	7892840821982	17
1032	CHEETOS MIX CHEDDAR 41G	1000	1	t	0.00	5.00	0.00	7892840821180	17
1030	CHEETOS QUEIJO SUIÇO 41G	1000	1	t	0.00	5.00	0.00	7892840821203	17
1188	PRINGLES SABOR QUEIJO  104G	1000	1	t	0.00	16.00	0.00	7896004006284	17
1086	HALLS AZUL  MENTOL	1000	1	t	0.00	2.50	0.00	78938823	29
1074	STIKADINHO 12G	995	1	t	0.55	1.00	81.82	78929340	25
1207	SKOL BEATS TROPICAL LATA 269ML	1000	1	t	0.00	7.00	0.00	7891991306164	38
1213	COROTE DUELO MELANCIA 500ML	1000	1	t	0.00	5.00	0.00	7896514703178	30
1034	DORITOS SWEET CHILI 75G	1000	1	t	0.00	12.00	0.00	7892840822361	17
1036	DORITOS PIZZA 140G	1000	1	t	0.00	17.50	0.00	7892840820077	17
1020	OREO WANDINHA  90G	998	1	t	0.00	4.50	0.00	7622300873554	26
1106	PALITO DE QUEIJO MATURADO	999	1	t	0.00	4.50	0.00	1234567890005	24
1107	CIGARRO DUNHILL AZUL (ANTIGO KENT)	1000	1	t	0.00	11.25	0.00	78942929	8
1144	SEDA SMOOKING PRATA	1000	1	t	0.00	6.50	0.00	84196590	27
1123	SMIRNOFF MELANCIA 998ML	1000	1	t	0.00	60.00	0.00	7893218003726	33
1103	PAÇOCÃO 90G	998	1	t	0.00	3.25	0.00	7898566410110	23
1109	NOZÃO DE QUIEJO MATURADO	998	1	t	0.00	4.50	0.00	1231231231232	24
1122	EIGHT	1000	1	t	0.00	6.50	0.00	78400924	8
1081	TRIDENT X SENSES BLUEBERY	1000	21	t	0.00	3.50	0.00	7622210564276	28
1142	FILTRO OCB SLIM PREMIUM	999	1	t	0.00	11.50	0.00	30107014	27
1105	SALAME ARTESENAL	999	1	t	0.00	5.00	0.00	0000000000	24
1189	PETIZ SPECIAL AMENDOIM JAPONES	1000	1	t	0.00	3.50	0.00	7896058599053	17
1088	WINSTON PURPLE MINT (ROXO)	1000	1	t	0.00	8.00	0.00	78940093	8
1139	PITEIRA THE OG TAMANHO LARGO	1000	1	t	0.00	4.90	0.00	3565847800062	27
1091	FREEGELS MARACUJÁ (AMARELO)	1000	1	t	0.00	2.00	0.00	7891151039574	29
1089	WINSTON EXOTIC MINT	1000	1	t	0.00	8.00	0.00	78940109	8
1095	CIGARRO CHESTERFIELD ORIGINAL AZUL	1000	1	t	0.00	7.50	0.00	78937680	8
1090	FREEGELS 🍒 (VEMELHO)	1000	1	t	0.00	2.00	0.00	7891151039550	29
1092	HALLS  UVA VERDE	1000	1	t	0.00	2.50	0.00	78938861	29
1118	CIGARRO GIFT	988	1	t	0.00	5.00	0.00	78410282	8
1099	MENTOS FRUIT 24G	1000	1	t	0.00	4.00	0.00	7895144297378	28
1110	CONE RECHEADO | TRUFADO	999	1	t	0.00	5.00	0.00	000000000	23
1134	CIGARRO DE PALHA PAULISTINHA	1000	1	t	0.00	35.00	0.00	7898994570219	8
1117	SONHO DE VALSA 20G	999	1	t	0.00	2.00	0.00	78939301	23
1116	PINGO DE LEITE	1000	1	t	0.00	2.50	0.00	7898947980768	23
1098	MENTOS MINT 24G	1000	1	t	0.00	4.00	0.00	7895144297415	28
1097	CIGARRO LM FIRSTCUT AZUL	1000	1	t	0.00	7.00	0.00	78942646	8
1121	CIGARO GUDANG GARAM MENTA	1000	1	t	0.00	35.00	0.00	78937734	8
1087	CIGARRO WINSTON VERMELHO CLASSIC	1000	1	t	0.00	6.50	0.00	78943353	8
1298	FAROFA PRONTA YOKI	1000	1	t	0.00	10.00	0.00	7891095911486	24
1100	LUCKY STRIKE DOUBLE ICE	999	1	t	0.00	11.00	0.00	78946187	8
1102	Mentos Fruit 37G	1000	1	t	0.00	3.00	0.00	7896262304351	28
1093	CHESTERFIELD TERRAS BRASILEIRAS AZUL	999	1	t	0.00	6.50	0.00	78947214	8
1082	TRIDENT TUTTI FRUTTI	1000	1	t	0.00	3.00	0.00	7895800430002	28
1104	LUCKY STRIKE BLUE BLEND	1000	1	t	0.00	7.00	0.00	78923898	8
1094	MENTOS KISS MORANGO 35G	1000	1	t	0.00	12.50	0.00	7895144605685	28
1096	MENTOS KISS MENTA FORTE 35G	1000	1	t	0.00	12.50	0.00	7895144400341	28
1111	PAÇOQUITA	1000	1	t	0.00	0.50	0.00	7896336005917	23
1112	CIGARRO ROTHMANS AZUL ORIGINAL	992	1	t	0.00	7.00	0.00	78944541	8
1133	CIGARRO DE PALHA JACKY PAIOLS	1000	1	t	0.00	24.90	0.00	0735201119885	8
1113	Chichets Hortelã	1000	1	t	0.00	0.50	0.00	78932609	28
1114	CIGARRO ROTHMANS ICE BOOST	1000	1	t	0.00	8.00	0.00	78944473	8
1115	CIGARRO ROTHMANS TROPICAL BOOST	1000	1	t	0.00	8.00	0.00	78940093	8
1119	OURO BRANCO 20G	1000	1	t	0.00	2.00	0.00	78939318	23
1108	CIGARRO ROTHMANS PRATA	999	1	t	0.00	7.00	0.00	78944503	8
1124	CIGARRO CRETEC CHOCOLATE	1000	1	t	0.00	19.00	0.00	78939707	8
1129	CIGARRO DE PALHA SANTROPEZ CAFÉ	1000	1	t	0.00	29.90	0.00	742832175562	27
1130	CIGARO PALHA SANTROPEZ TRADICIONAL	1000	1	t	0.00	29.90	0.00	742832903837	8
1128	LICOR 43 CHOCOLATE	1000	1	t	0.00	250.00	0.00	8410221902915	35
1131	CIGARRO PALHA SANTROPEZ UVA	1000	1	t	0.00	29.90	0.00	742832996259	8
1127	LICOR 43 ORIGINAL	1000	1	t	0.00	199.99	0.00	8410221110130	35
1126	BALLENA 750ML	1000	1	t	0.00	199.99	0.00	618231762644	35
1125	AMARULA 750ML	1000	1	t	0.00	149.90	0.00	6001495062508	35
1132	CIGARRO DE PALHA SANTROPEZ MENTA	1000	1	t	0.00	29.90	0.00	742832903844	8
1135	CIGARRO DE PALHA PIRACANJUBA	1000	1	t	0.00	17.00	0.00	7898915505016	8
1136	STOCK CHOCOLATE 720ML	1000	1	t	0.00	60.00	0.00	7891121212006	35
1137	CIGARRO DE PALHA TERRA TOMABADA UVA	1000	1	t	0.00	9.90	0.00	7898957589548	8
583	FILTRO CACHIMBO CHILLIN	1000	1	t	0.00	10.00	0.00	7898659810100	24
1138	FILTRO VAUEN 9MM	1000	1	t	0.00	25.00	0.00	4014856211547	27
1140	SEDA SADHU LARGE 44MM	1000	1	t	0.00	7.00	0.00	7898712240837	27
1141	SEDA GREEN SILK LARGO 44MM	1000	1	t	0.00	4.00	0.00	7898712240080	27
1101	MENTOS MINT 37G	998	1	t	0.00	3.00	0.00	7896262304306	28
878	SEDA PAPELITO BRANCA	1000	1	t	0.00	3.00	0.00	7898950283016	27
1146	PHILLIES TITAN CHOCOLATE (UNIDADE)	1000	1	t	0.00	19.90	0.00	070235103951	27
1147	CHARUTO PHILLIES TITAN COGNAC (UNIDADE)	1000	1	t	0.00	19.90	0.00	070235103968	27
1148	PAPEL AROMATIZADOR MONKEY UVA	1000	1	t	0.00	7.90	0.00	123456	27
1149	PITEIRA DE VIDRO BLACK TRUNK UNIDADE	1000	1	t	0.00	34.00	0.00	04206781	27
1120	CIGARRO GUDANG GARAM	1000	1	t	0.00	35.00	0.00	8998989121200	8
1160	ESSENCIA ZIGGY YELLOW STARBURST 50G	1000	1	t	0.00	14.50	0.00	7898927097707	27
1161	ESSENCIA ZIGGY MORANGO E LARANJA 50G	1000	1	t	0.00	14.50	0.00	7908479402130	27
1163	3 CARVÃO DE NAGUILLE (UNIDADE) 1 por 2$ e 3 por 5$	1000	1	t	0.00	5.00	0.00	699854	27
822	ASKOV FUN FRUTAS VERMELHAS 500ML	1000	1	t	0.00	8.50	0.00	7896092504860	33
1167	TABACO PARA FUMO VIRGINIA BLEND 35G	1000	1	t	0.00	27.50	0.00	7898956381167	27
1169	TABACO PARA FUMO GOLDEN VIRGINIA 35G	1000	1	t	0.00	26.90	0.00	7898994389811	27
1180	PAPEL HIGIENICO FOLHA DUPLA MAX PURE	1000	1	t	0.00	8.90	0.00	7898962794050	24
1150	DICHAVADOR HOLOGRAFICO METAL	1000	1	t	0.00	72.00	0.00	609963921317	27
1151	TESOURA OCULOS	1000	1	t	0.00	0.00	0.00	609963918478	27
1152	TESOURA TRADICIONAL	1000	1	t	0.00	11.50	0.00	1234567	27
1154	CINZEIRO DIVERSAS ESTAMPAS	1000	1	t	0.00	13.90	0.00	545687	27
394	GELO AMERICANO DE COCO	1000	1	t	0.00	3.00	0.00	7898946674828	24
1156	CUIA SOLTA PEQEUNA E GRANDE	1000	1	t	0.00	14.90	0.00	987513645	27
355	CABARE ICE SABOR FRUTAS VERMELHAS 275ML	1000	1	t	0.00	8.50	0.00	7897395000509	38
1214	COQUETEL DO BARRIL FRUTAS VERMELHAS  500ML	1000	1	t	0.00	5.00	0.00	7896273100829	30
1249	PERGOLA VINHO TINTO SUAVE	1000	1	t	0.00	30.00	0.00	7896855901417	16
1159	MINI MAQUINA PARA ENROLAR CIGARROS HIMALAYA SPLIFF	1000	1	t	0.00	16.90	0.00	609963918829	27
518	SALAME ITALIANO	1000	1	t	0.00	5.00	0.00	751320819758	24
1220	NUSAKINHO CHOCOLATE AO LEITE 500ML	1000	1	t	0.00	18.00	0.00	000020161264	38
1162	ESSENCIA ZIGGY YORGURT 50G	1000	1	t	0.00	14.50	0.00	7908479402109	27
1157	CUIA SADHU MINI	1000	1	t	0.00	24.99	0.00	7898712240684	27
1153	SLICK SADHU (RESERVATORIO DE SILICONE)	1000	1	t	0.00	17.50	0.00	1345	27
1164	ISQUEIRO BIC GRANDE ESTAMPADO	1000	1	t	0.00	7.50	0.00	070330662476	24
1224	ASKOV FUN GIN COM MELANCIA	1000	1	t	0.00	8.50	0.00	7896092505492	38
1165	TABACO RAINBOW 25G	1000	1	t	0.00	21.50	0.00	7898956381105	27
1174	CREME DENTAL ORAL B	1000	1	t	0.00	4.00	0.00	7506339363883	24
1166	TABACO PARA FUMO DUBLIN 25G	1000	1	t	0.00	21.50	0.00	7898952050104	27
1201	DRAFT PESSEGO 600ML	1000	1	t	0.00	12.50	0.00	7896494209615	16
1226	RUFFLES TRADICIONAL 115G	1000	1	t	0.00	17.50	0.00	7892840817978	17
1170	TAABACO PARA FUMO ORIGINAL BR 25G	1000	1	t	0.00	18.90	0.00	07981901912256	27
1039	LAYS SENSAÇÃO 40G	1000	1	t	0.00	7.50	0.00	7892840820244	17
1171	TABACO PARA FUMO SASSO TABACCOS 25G	1000	1	t	0.00	22.90	0.00	7898994462019	27
889	GIN TONIC TANQUERAY 269ML	1000	1	t	0.00	18.00	0.00	7893218003931	34
1228	JACK DANIEL'S  200ML	1000	1	t	0.00	55.00	0.00	82184090527	20
1173	SABAO EM PO OMO 400G	1000	1	t	0.00	14.90	0.00	7891150065284	24
1230	JACK DANIEL'S HONEY 1L	1000	1	t	0.00	190.00	0.00	082184000328	20
1232	JACK DANIEL'S APPLE 1L	1000	1	t	0.00	190.00	0.00	82184004364	20
1175	SABONETE FRANCIS ORQUIDEA 85G	1000	1	t	0.00	2.99	0.00	7891176117462	24
818	JIM BEAM BLACK EXTRA AGED BOURBON 1L	1000	1	t	0.00	200.00	0.00	080686003205	20
1176	SABONETE FRANCIS ALFAZEMA 85G	1000	1	t	0.00	2.99	0.00	7891176117516	24
1235	PASSPORT SCOTCH 1L	1000	1	t	0.00	70.00	0.00	7891050000101	20
1177	SABONETE FRANCIS GARDENIA 85G	1000	1	t	0.00	2.99	0.00	7891176117486	24
1239	CACHAÇA SELETA 1L	1000	1	t	0.00	60.00	0.00	7898010861246	30
1241	BAIANINHA MARACUJA 900ML	1000	1	t	0.00	16.00	0.00	7896092501340	38
1243	BAIANINHA COCO 900ML	1000	1	t	0.00	16.00	0.00	7896092505072	38
1245	CABARE AMBURANA 700ML	1000	1	t	0.00	40.00	0.00	7898377661954	30
73	VINHO SUAVE CANTINA DE PRATA 970ML	1000	1	t	10.50	18.00	71.43	7898540511611	16
1172	TABACO PARA FUMO CHOCOLATE MARLEY	1000	1	t	0.00	12.50	0.00	7898994709855	27
1312	CAFÉ 250G	1000	1	t	0.00	12.50	0.00	7891018427582	24
1247	SANTOMÉ SECO 1L	1000	1	t	0.00	22.00	0.00	7896403900022	16
1319	SUFLAIR 80G	1000	1	t	5.99	9.75	62.77	7891000329856	25
107	TRIDENT MELANCIA	1000	21	t	0.00	3.50	0.00	7895800309780	28
1168	TABACO PARA FUMO AMSTERDAM 25G	1000	1	t	0.00	19.90	0.00	7898952050050	27
1158	MAQUINA PARA ENROLAR CIGARROS HIMALAYA SPLIFF	1000	1	t	0.00	19.90	0.00	609963918805	27
1155	TOOBECK PORTA CIGARRO SADHU	1000	12	t	0.00	7.50	0.00	7898712240899	27
419	GUARANÁ ANTARTICA 350ML	1000	1	t	0.00	0.00	0.00	7891991000826	4
372	SKOL BEATS MINT SABOR MOSCOW MULE	1000	1	t	0.00	0.00	0.00	7891991300841	38
473	CERVEJA ENSEBAHN SESSION IPA 355 ML	1000	1	t	0.00	0.00	0.00	7898367984254	5
459	MAÇO CIGARRO MARLBORO GOLD	1000	1	t	0.00	11.25	0.00	78900073	8
1299	FARINHA DE TRIGO PALOMA	1000	1	t	0.00	5.00	0.00	7896425400272	24
562	MARGARINA QUALY 500G	1000	1	t	0.00	0.00	0.00	7893000394209	21
1190	PETIZ AMENDOIM PIMENTA VERMELHA	1000	1	t	0.00	4.00	0.00	7896058593150	17
1216	SALGADOS	981	1	t	0.00	7.00	0.00	0000000	32
543	PRINGLES CREME E CEBOLA 104G	998	1	t	0.00	16.00	0.00	7896004006239	17
381	JAMESON IRISH WHISKY 750ML	1000	1	t	0.00	150.00	0.00	5011007003029	20
1367	LACTA CHOCOLATE AO LEITE 34G	999	1	t	0.00	4.50	0.00	7622210573384	25
1274	BEEFETER 24 750ML	1000	1	t	0.00	240.00	0.00	089540507583	34
1279	TRAKINAS MEIO MEIO MORANGO	1000	1	t	2.69	4.00	48.70	7622210592637	26
917	CHÁ MATE LEÃO LIMÃO 1,5L	1000	1	t	0.00	0.00	0.00	7891098040589	4
1272	SPATEN 600ML	998	1	t	0.00	12.50	0.00	7891991297547	5
1352	IT! LARANJA 2L	1000	1	t	0.00	6.50	0.00	7897395030216	4
311	IMPERIO 269ml	991	1	t	0.00	3.00	0.00	7898915949216	5
238	LEITE CONDENSADO PIRACANJUBA	998	1	t	0.00	7.99	0.00	7898215152002	24
840	FANDANGOS SABOR PRESUNTO 160G	1000	1	t	0.00	16.50	0.00	7892840822903	17
1262	ETERNITY MELANCIA 900ML	1000	1	t	0.00	30.00	0.00	7898422678272	34
1363	ROTHMANS TROPICAL BOOST	1000	1	t	0.00	8.00	0.00	78946354	8
1375	COCA COLA 1L RETORNAVEL (SEM VIDRO)	1000	1	t	0.00	7.50	0.00	74123	4
767	VEUVE CLIC QUOT BRUT 750ML	1000	1	t	0.00	0.00	0.00	3049610004104	16
1371	COCA RETORNAVEL 2LITROS (SEM VASILHAME)	1000	1	t	9.14	12.00	31.29	1371	4
1378	COCA COLA ZERO RETORNAVEL 2L (SEM VASILHAME)	1000	1	t	0.00	7.50	0.00	1378	4
1316	PEPSI BLACK 350ML	999	1	t	0.00	4.00	0.00	7892840813505	4
1358	H2O! LIMONETO 1,5L	999	1	t	0.00	10.00	0.00	7892840812874	4
322	ÁGUA BUONA VITA COM GÁS  510ML	999	1	t	0.89	2.50	180.90	7898641870648	2
1353	H2O! LIMONETO 500ML	1000	1	t	0.00	6.00	0.00	7892840812850	4
909	PEPSI 1,5L	1000	1	t	0.00	8.00	0.00	7892840812386	4
958	BATATA RUFFLES CEBOLA E SALSA 68G	999	1	t	0.00	10.00	0.00	7892840823030	17
1355	AGUA FRESCCA 500ML	1000	1	t	0.80	2.00	150.00	7898386200083	3
683	CIGARRO LUCK STRIKE VERMELHO	1000	1	t	0.00	7.50	0.00	78946392	8
1332	FANTA LARANJA 350ML	999	1	t	0.00	4.00	0.00	7894900030013	4
1267	SUFLALIR 50G	1000	1	t	3.50	5.50	57.14	7891000107836	25
1278	TRAKINAS TORTA DE LIMÃO	1000	1	t	2.69	4.00	48.70	7622210573933	26
1373	COCA COLA RETORNAVEL 1L (COM VIDRO)	995	1	t	0.00	5.50	0.00	7894900015119	4
1250	BISCOITO DE POLVILHO 70G	999	1	t	2.00	4.00	100.00	7898171341090	17
1361	MAÇO CAMEL COMPACT AMARELO	998	1	t	0.00	9.50	0.00	78941267	8
776	ESSENCIA ZIGGY GRAPESTARBUST 50G	1000	1	t	0.00	14.50	0.00	7908479402116	27
867	SEDA SADHU EVENING ROLL	1000	1	t	0.00	7.00	0.00	7898712240837	27
935	VINHO SANTA COLINA CARBENET SUAVIGNON  7	1000	1	t	0.00	0.00	0.00	7896100501515	16
1300	QUEIJO RALADO  IPANEMA	1000	1	t	0.00	6.50	0.00	7896114101916	24
1023	BATATA RUFFES CEBOLA E SALSA32G	1000	1	t	0.00	0.00	0.00	7892840822989	24
1143	PITEIRA PAPELITO COM SEDA	1000	1	t	0.00	7.50	0.00	7898950283092	27
1252	FOFURA QUEIJO	1000	1	t	0.00	3.50	0.00	7892840823214	17
1253	FOFURA REQUEIJÃO	1000	1	t	0.00	3.50	0.00	7892840823221	17
1369	SALGADO FUNCIONARIO	962	1	t	3.50	6.00	71.43	789456	32
1255	MOSCATO SPRITZER	1000	1	t	0.00	40.00	0.00	7804320755205	16
1256	SANTA HELENA CARBERNET SAUVIGNON	1000	1	t	0.00	55.00	0.00	7804300003234	16
1257	LAMBRUSCO ROSSO DELL'EMILIA	1000	1	t	0.00	46.00	0.00	8000942084795	16
1258	DOBER MARACUJA	1000	1	t	0.00	25.00	0.00	7896711106253	34
1259	DOBER WHISKY & APPLE	1000	1	t	0.00	30.00	0.00	7896711105751	20
1260	DOBER MELANCIA	1000	1	t	0.00	25.00	0.00	7896711106215	34
1263	ETERNITY PESSEGO E FRAMBOESA 900ML	1000	1	t	0.00	30.00	0.00	7898422679514	34
1264	ETERNITY TROPICAL	1000	1	t	0.00	30.00	0.00	7898422679224	34
1265	ETERNITY MAÇA VERDE 900ML	1000	1	t	0.00	30.00	0.00	7898422679392	34
1254	FOFURA CEBOL.A	999	1	t	0.00	3.50	0.00	7892840823177	17
1277	COCA-COLA ZERO 200ML	998	1	t	0.00	2.50	0.00	78933873	4
1324	CHA LEÃO HORTELÃ 16G	1000	1	t	0.00	5.00	0.00	7891098000170	24
1327	FARINHA DE ROSCA HIRAKI 500G	1000	1	t	0.00	10.00	0.00	7891965120253	24
1273	STELLA ARTOIS 600ML	1000	1	t	0.00	13.00	0.00	7891991295109	5
1334	DEL VALLE MARACUJA 350ML	1000	1	t	0.00	5.00	0.00	7894900660302	2
1337	DEL VALLE GOIABA 350ML	1000	1	t	0.00	5.00	0.00	7894900660265	2
760	AGUA CRYSTAL 1,5L	1000	1	t	0.00	3.50	0.00	7894900530032	3
1339	SU-FRESH CAJU 1L	1000	1	t	0.00	7.00	0.00	7898377661770	2
1342	SU-FRESH UVA 1L	1000	1	t	0.00	7.00	0.00	7898192035008	2
1330	GUARANA ANTARTICA 200ML	998	1	t	0.00	2.50	0.00	7891991014908	4
1345	GUARANA ANTARTICA ZERO  2L	1000	1	t	0.00	10.00	0.00	7891991001373	4
1349	IT! LEMON 2L	1000	1	t	0.00	6.50	0.00	7898377662449	4
1276	ITUBAINA LONGNECK 355ML	999	1	t	3.00	5.00	66.67	7896000593979	4
1360	BALY TRADICIONAL 2L	1000	1	t	0.00	12.50	0.00	7898080662668	6
1270	CATUABA  900ML	999	1	t	0.00	18.50	0.00	7896336810740	38
1365	LAKA CHOCOLATE BRANCO 34G	1000	1	t	0.00	4.50	0.00	7622210573353	25
1268	CANELINHA 275ML	1000	1	t	0.00	8.50	0.00	7896685201077	38
1275	TODDYNHO 200ML	992	1	t	0.00	4.00	0.00	7894321722016	24
1282	BONO LIMÃO	1000	1	t	0.00	4.00	0.00	7891000376881	26
1380	MOLHO DE TOMATE FUGINI 300G	1000	1	t	0.00	3.00	0.00	7897517206086	24
1348	IT! LEMON ICE 2L	1000	1	t	0.00	6.50	0.00	7897395030414	4
1313	LEITE ITALAC ZERO LACTOSE 1L	1000	1	t	0.00	8.25	0.00	7898080640932	31
1382	FRANGELICO 700ML	1000	1	t	90.00	150.00	66.67	8004160660304	35
1322	CHA LEÃO CAPIM-CIDREIRA 16G	1000	1	t	0.00	5.00	0.00	7891098000156	24
1393	ABSOLUT MANGO 750ML	1000	1	t	0.00	135.00	0.00	7312040180752	33
1394	ABSOLUT VANILIA 750ML	1000	1	t	0.00	135.00	0.00	7312040350117	33
1317	PEPSI 350ML	998	1	t	0.00	4.00	0.00	7892840800079	4
1407	PASSATEMPO MORANGO	1000	1	t	0.00	3.50	0.00	7891000241295	26
1354	H2O! CITRUS 500ML	1000	1	t	0.00	6.50	0.00	7892840812737	4
1391	GELO AMERICANO DE LIMÃO	1000	1	t	0.00	3.00	0.00	7898946674835	24
1078	SNICKERS PÉ DE MOLOQUE 42G	998	1	t	2.75	4.50	63.64	7896423497984	25
1325	CHA LEÃO CAMOMILA 16G	999	1	t	0.00	5.00	0.00	7891098000163	24
1390	COCA COLA GARRAFINHA DE VIDRO 250ML	1000	1	t	0.00	3.50	0.00	78912908	4
1396	GIN GORDONS PREMIUM PINK	1000	1	t	0.00	99.90	0.00	5000289929417	34
1402	DOSE DOMEQ	995	1	t	0.00	10.00	0.00	1402	\N
1389	CIGARRO DE PALHA LOVE 66	1000	1	t	0.00	32.00	0.00	602883773530	8
1370	COCA COLA RETORNAVEL 2l	995	1	t	5.00	8.00	60.00	7894900014211	4
1346	GUARANA ANTARTICA 2L	1000	1	t	0.00	10.00	0.00	7891991001342	4
1405	PRATO EXECUTIVO	998	1	t	0.00	25.00	0.00	1405	\N
1333	GUARANA ANTARTICA 350ML	1000	1	t	0.00	4.00	0.00	123456789	4
1399	MARMITEX PEQUENO FRANGO	997	1	t	0.00	23.00	0.00	1399	\N
1386	ROTHMANS PURPLE BOOST	1000	1	t	0.00	8.00	0.00	78944466	8
1404	IMPERIO LAGER PROMOCAO	1000	1	t	0.00	5.39	0.00	1404	5
1366	DIAMANTE NEGRO 34G	1000	1	t	3.00	4.50	50.00	7622210573322	25
1395	GIN ROCKS TRADICIONAL 1 LITRO	1000	1	t	0.00	41.90	0.00	7896037916123	34
1085	MAÇO CAMEL COMPACT	999	1	t	0.00	8.00	0.00	78943537	8
1398	Remove	992	1	t	0.00	5.90	0.00	7897395001063	5
1199	PETRA MALZBIER LONGNECK 330ML	1000	1	t	0.00	7.00	0.00	07897395001063	5
1000	GAROTO CHOCOTRIO BONO 90G	1000	1	t	0.00	8.00	0.00	7891000395509	25
1280	BONO CHOCOLATE	1000	1	t	0.00	4.00	0.00	7891000376843	26
1301	SAL GROSSO LEBRE 1KG	1000	1	t	0.00	4.00	0.00	7896110100814	24
1284	MAIZENA TRIUNFO	1000	1	t	0.00	5.00	0.00	7896058259100	26
1281	BONO MORANGO	1000	1	t	0.00	4.00	0.00	7891000376959	26
1283	TORRADA VISCONTI	1000	1	t	0.00	5.00	0.00	7891962052564	24
1285	AGUA E SAL TRIUNFO	1000	1	t	0.00	5.00	0.00	7896058258721	24
1328	PEPSI 200ML	991	1	t	0.00	2.50	0.00	7892840800567	4
1347	PEPSI BLACK 1L	1000	1	t	0.00	6.50	0.00	7892840821043	4
1368	ReMoVeR	1000	1	t	0.00	8.90	0.00	7898341430777	2
72	MAGUARY MARACUJÁ 1L	1000	1	t	4.79	7.50	56.58	7896000530363	2
1340	SU-FRESH MORANGO 1L	1000	1	t	0.00	7.00	0.00	7898192030485	2
1343	GUARANA ANTARTICA ZERO 1,5L	1000	1	t	0.00	8.00	0.00	7891991008785	4
1008	CREME DE LEITE JUSSARA 200G	999	1	t	0.00	4.50	0.00	7896283800245	24
1356	AGUA COM GAS BIOLEVE 1,5L	1000	1	t	0.00	4.50	0.00	7896843200867	3
1359	H2O! CITRUS	1000	1	t	0.00	10.00	0.00	7892840812751	4
1362	MAÇO ROTHMANS RED	997	1	t	0.00	7.50	0.00	78944497	8
1364	MAÇO ROTHMANS RED SERIES	1000	1	t	0.00	8.00	0.00	78909670	8
1351	IT  GUARANA 2L	1000	1	t	0.00	6.50	0.00	7898377662425	4
1381	FANDANGOS QUEIJO 160G	999	1	t	7.60	16.50	117.11	7892840822910	17
1286	MILHO PARA PIPOCA KISABOR	1000	1	t	0.00	8.00	0.00	7898416520563	24
1383	JAGERMEISTER	1000	1	t	105.00	155.00	47.62	4067700015044	35
1384	TEQUILA JOSE CUERVO	1000	1	t	100.00	160.00	60.00	7501035042322	22
1385	TEQUILA JOSE CUERVO ESPECIAL	1000	1	t	100.00	160.00	60.00	7501035010109	22
1392	ASKOV BLUEBERRY 900ML	1000	1	t	0.00	15.00	0.00	7896092503559	38
1374	PÃO DE QUEIJO	1000	1	t	0.00	5.00	0.00	255	32
1376	COCA COLA ZERO RETORNAVEL 2L (COM VASILHAME)	1000	1	t	0.00	8.50	0.00	7894900704211	4
1379	FLANELA	1000	1	t	0.00	2.00	0.00	1379	4
1320	CORONA ZERO 330ML	1000	1	t	6.49	9.90	52.54	7891991304184	5
1335	DEL VALLE PESSEGO 350ML	1000	1	t	0.00	5.50	0.00	7894900660319	2
1400	PORÇÃO DE FRITAS COM CALABRESA	1000	1	t	0.00	30.00	0.00	1400	\N
11	BALY MELANCIA 2L	999	1	t	7.49	13.90	85.58	7898080664389	6
1406	SMOKING BROWN SEDA	1000	1	t	0.00	6.50	0.00	8414775013547	27
1408	M&M CHOCOLATE 45G	1000	1	t	0.00	5.50	0.00	7896423470697	25
1411	BAUDUCCO CHOCOLATE 104G	1000	1	t	3.49	5.50	57.59	7891962050072	24
1412	COCA COLA OREO 310ML	1000	1	t	3.49	5.50	57.59	7894900029505	4
480	TORCIDA SABOR QUEIJO	999	1	t	0.00	3.50	0.00	7892840822644	17
1372	CIGARRO ESPECIAL	997	1	t	0.00	2.00	0.00	789	8
1429	SKOL G1	954	1	t	0.00	3.90	0.00	1429	5
1427	HERSHEYS COOKIE AND CHOCOLATE	1000	1	t	4.49	8.00	78.17	7899970402869	25
1419	KINDER OVO MENINO 20G	1000	1	t	6.49	10.90	67.95	78940833	25
1430	TANQUERAY 750ML	1000	1	t	94.00	149.00	58.51	5000291020706	34
1431	ROCKS MELANCIA 1L	1000	1	t	28.00	42.00	50.00	7896037918899	34
1432	AGUA MONTE CARLO 500ML	1000	1	t	0.79	2.00	153.16	7898996362508	3
1433	COCA COLA CAFÉ 220ML	1000	1	t	0.00	3.50	0.00	7894900025019	4
1434	PORÇÃO DE MARISCO PEQUENO	1000	1	t	0.00	20.00	0.00	1434	24
1456	CHEETOS REQUEIJÃO40G	998	1	t	0.00	4.00	0.00	7892840822309	17
1428	CHICLETE	1000	1	t	0.00	0.25	0.00	1428	28
1450	CUP NOODLES TERIYAKI	1000	4	t	0.00	7.50	0.00	7891079013045	24
1465	PITEIRA THE OG XL	10000	24	t	0.00	5.00	0.00	1465	27
1451	GAROTO CASTANHA DE CAJU	1000	6	t	4.50	8.00	77.78	7891008124170	25
1452	GAROTO CROCANTE	1000	6	t	4.49	8.00	78.17	7891008124071	25
1449	DEL VALLE UVA 290ML	1000	4	t	0.00	5.50	0.00	7894900660333	2
1453	TODDY 200G	1000	2	t	0.00	7.00	0.00	7894321711171	24
1454	RUFFLES CEBOLA 167G	1000	6	t	0.00	20.00	0.00	7892840254841	17
1437	Chevete	1000	1	t	10.00	10.00	0.00	7898307573043	38
1438	Original 269 ml	1000	1	t	3.75	3.75	0.00	66669997	5
1439	BUDWEISER 300ML	1000	1	t	0.00	5.25	0.00	7891991304986	5
596	BISCOITO WAFER BAUDUCCO TRIPLO 140G	1000	1	t	0.00	5.50	0.00	7891962037028	26
554	AMENDOIM COBERTO SABOR CEBOLA & SALSA	1000	1	t	0.00	3.50	0.00	7897115108010	17
1261	ETERNITY TRADICIONAL 900ML	1000	1	t	0.00	30.00	0.00	7898422671037	34
1062	CAIXA DE BOMBOM SONHO DE VALSE & OURO BRANCO	1000	1	t	0.00	16.00	0.00	7622210568601	25
1410	BAUDUCCO GOIABA 112G	1000	1	t	3.49	5.50	57.59	7891962050065	24
1417	Porçao de Friatas Grande	1000	1	t	0.00	20.00	0.00	1417	\N
1414	PORÇAO DE MARISCO PEQUENA	1000	1	t	0.00	20.00	0.00	1414	\N
1416	salgado	1000	1	t	0.00	7.00	0.00	000001	\N
1418	ÁGUA DE COCO 200ML	998	1	t	0.00	3.00	0.00	751320333650	3
1422	DOSE JOÃO MENDES	1000	1	t	0.00	10.00	0.00	1422	30
1423	CUP NOODLES GALINHA CAIPIRA	1000	1	t	0.00	7.50	0.00	7891079013038	24
1413	PAO DE QUEIJO	1000	1	t	0.00	5.00	0.00	1413	\N
1420	DOSE GIN	1000	1	t	0.00	15.00	0.00	1420	\N
1415	FIVESTAR	1000	1	t	0.00	3.00	0.00	7622210411501	\N
1424	REmovER	1000	1	t	0.00	3.50	0.00	1424	5
1425	ITAIPAVA MALZBIER 330ML	1000	1	t	0.00	7.50	0.00	7897395000943	5
1462	DOSE DOMEC	988	1	t	0.00	10.00	0.00	1462	36
1440	PIRULITO LOL	1000	1	t	0.00	2.00	0.00	7898681350865	23
1445	FRUIT-TELLA CARAMELO 41G	999	16	t	1.93	3.50	81.35	7895144025117	29
1458	OVINHO 145G	1000	4	t	6.50	10.00	53.85	7892840818258	17
1442	TRENTO MASSIMO MORANGO	1000	16	t	1.68	3.00	78.57	7896306623141	25
1443	PIPOCA DOCE PIPA	1000	10	t	1.15	2.50	117.39	7898934546090	24
1444	FRUIT-TELLA MORANGO 41G	1000	16	t	1.93	3.50	81.35	7895144028019	29
1426	Marmita funcionario	999	1	t	0.00	12.00	0.00	1426	21
1446	AMENDUPÃ AMENDOIM JAPONÊS	1000	6	t	1.99	4.00	101.01	7897115100724	24
1447	TRENTO TORTA DE MAÇA	1000	16	t	1.68	3.00	78.57	7896306623226	25
1448	Pespi Black 1,5 litros	210	215	f	7.90	7.90	0.00	7892840820664	4
1459	TANQUERAY 275ML	1000	4	t	17.18	26.00	51.34	7893218003757	34
1461	BALLANTINES FINEST 750ML	1000	1	t	50.00	112.00	124.00	5010106111451	20
1466	SEDA ORGULHO	10000	25	t	0.00	3.00	0.00	7908346226104	27
1463	LICOR 43 ORIGINAL EDIÇÃO LIMITADA	100	1	t	130.00	199.90	53.77	8410221110150	35
1467	FILTRO BEM BOLADO	1000	12	t	0.00	13.50	0.00	742832800198	27
1435	PORÇÃO MARISCO GRANDE	999	1	t	0.00	35.00	0.00	1435	24
1464	PORTA BIC	1000	12	t	0.00	19.50	0.00	1464	27
1460	CAMPARI 1L	1000	2	t	46.00	74.50	61.96	7896010006315	30
1468	TRITURADOR BOB MAX	6	1	t	0.00	14.50	0.00	1468	27
1469	BAUDUCCO BARINHA CHOCOLATE 25G	1000	36	t	1.99	2.00	0.50	7891962007366	26
1470	BAUDUCCO BARRINHA GOIABA	1000	32	t	1.09	1.99	82.57	7891962003894	26
1471	ROTHMANS SILVER	1000	2	t	0.00	7.50	0.00	78902596	8
589	STELLA ARTOIS PURE GOLD 330ML	999	1	t	0.00	9.00	0.00	7891991304870	5
1472	MAÇO DE CIGARRO MARLBORO GOLD SELECTION	200	200	t	10.00	10.00	0.00	1472	8
1474	GELO PARA CERVEJA	499	1	t	0.00	3.00	0.00	7898970731184	5
1475	MACARRAO PENNE	100	1	t	0.00	5.50	0.00	7896005281710	21
1476	MENTOS	100	1	t	0.00	3.50	0.00	7895144603063	28
1477	VALE	100	1	t	0.00	50.00	0.00	1477	21
1455	RUFFLES ORIGINAL 167G	999	4	t	0.00	20.00	0.00	7892840253646	17
1421	cachaça JM dose	998	1	t	0.00	7.00	0.00	999	\N
1441	TRENTO BANOFFEE	998	16	t	1.68	3.00	78.57	7896306625169	25
1457	CHEETOS36G	99	1	t	0.00	4.00	0.00	7892840822293	17
1473	FRANGO ASSADO	997	1	t	0.00	42.00	0.00	1473	24
1436	RemovER	953	1	t	0.00	2.00	0.00	1436	8
1501	PORCAO FRITAS E CARNE	999	10	t	0.00	48.00	0.00	0102	\N
1482	COCA LATA	1000	1	t	0.00	4.50	0.00	7894900010015	4
1483	SUCO DEL VALLE 1,5L	100	1	t	0.00	7.50	0.00	7894900550061	2
1484	PIRULITO UN	100	1	t	0.00	0.50	0.00	1484	28
1511	CHOCOTRIO NEGRESCO GAROTO 90G	50	1	t	0.00	9.90	0.00	7891000395417	25
1485	MONSTER ZERO	99	1	t	0.00	11.90	0.00	7898938890076	6
1486	ISQUEIRO BARATO	99	1	t	0.00	2.00	0.00	1	21
1490	ACREMA BLEND 20G	1000	10	t	13.00	21.50	65.38	7898634870129	27
1491	LOBITOS CEBOLA 40G	1000	10	t	0.00	3.00	0.00	1491	\N
1492	LOBITOS CEBOLA 40G,	999	10	t	0.00	3.00	0.00	7896499902627	17
1493	FRUIT - TELLA DOCE DE LEITE	1000	24	t	0.00	3.50	0.00	7895144025117	\N
1502	DOSE SECA RED	98	1	t	0.00	20.00	0.00	1502	20
1496	TRINDENT X SENSE CEREJA ICE	1000	16	t	0.00	3.50	0.00	7622210564337	28
1495	SPRITE FRESH LEMON 1,5L	9997	6	t	5.21	8.50	63.15	7894900680522	4
1507	ERVILHA 170g	19	1	t	0.00	4.90	0.00	7898902299379	21
1498	PRESTIGIO DARK	50	1	t	0.00	3.50	0.00	7891000118580	25
1499	BOMBAY SAPHIRE	1000	2	t	0.00	125.00	0.00	1499	34
1500	DOSE SANTA 50ML	99	1	t	0.00	5.00	0.00	1500	30
1512	OUSADIA MORANGO 350 ML	100	1	t	0.00	6.90	0.00	7896336810467	38
1513	OUSADIA MAÇA VERDE 350ML	100	1	t	0.00	6.90	0.00	7896336810498	38
1514	OUSADIA BLUEBERRY 350ML	100	1	t	0.00	6.90	0.00	7896336810429	38
1515	OUSADIA MELANCIA 350ML	100	1	t	0.00	6.90	0.00	7896336810450	38
1505	QUEIJO	1000	10	t	0.00	5.00	0.00	1505	\N
1516	OUSADIA PEDACINHO DO CÉU 350ML	100	1	t	0.00	6.90	0.00	7896336810474	38
1504	PETRA350ML	996	10	t	0.00	4.00	0.00	1504	\N
1506	Salame.	998	10	t	0.00	5.00	0.00	1506	\N
1503	Pedra 90	99	1	t	0.00	6.00	0.00	789110000500	30
1508	ESTRELLA GALICIA ZERO 330ML	50	1	t	3.96	7.00	76.77	8412598000478	5
1509	Trento de Chocolate	998	1000	f	4.00	4.00	0.00	7896306612817	\N
1487	Dose 50ml	992	5	t	1.00	3.00	200.00	1487	30
1510	GT LONGUI	1000	10	t	0.00	10.00	0.00	7891991301114	\N
1488	FANDANGOS QUEIJO 37G	1	0	t	0.00	2.99	0.00	7892840821159	\N
1480	SORVETE	9	1	t	0.00	29.90	0.00	1480	21
1478	CUPIM KG	99	1	t	0.00	59.90	0.00	1478	21
1479	BISNAGUINHA	99	1	t	0.00	5.99	0.00	1479	21
1481	BOLSA	4	1	t	0.00	55.00	0.00	1481	21
1489	FINE	16	0	t	0.00	1.50	0.00	7898591459511	\N
1517	combo gin	1000	10	t	0.00	49.90	0.00	1517	34
1494	DOSE VELHO BARREIRO	986	1	t	0.00	5.00	0.00	1494	30
1497	GUDANG SOLTO	970	1	t	0.00	2.00	0.00	1497	8
\.


--
-- Data for Name: produto_tab; Type: TABLE DATA; Schema: public; Owner: postgres
--

COPY public.produto_tab (id, nome_cliente, telefone_cliente, subtotal, aberta, data_criacao) FROM stdin;
97	JAMIL	13992034401	0.00	t	2024-10-10 23:44:16.342704+00
159	Preto	13997680408	162.00	t	2024-10-18 17:14:32.143594+00
77	SAMANTA	11954312789	0.00	t	2024-10-05 16:54:12.999554+00
9	GERALDO	13997330680	595.15	t	2024-09-04 16:14:06.197537+00
107	MAZINHO	13981662330	85.90	t	2024-10-13 01:40:03.836409+00
153	CEÁRA	85996554477	0.00	t	2024-10-17 20:08:05.70726+00
84	BERTO	855	0.00	t	2024-10-09 23:45:16.517+00
50	ALEMÃO	00000000000	0.00	t	2024-09-25 20:36:50.553905+00
98	BRANCO	13997313780	0.00	t	2024-10-11 00:09:27.956802+00
158	CESAR	85994475769	0.00	t	2024-10-18 01:43:29.306714+00
76	VALDEMIR	71991775364	0.00	t	2024-10-05 16:37:27.181737+00
90	REGINALDO	***	0.00	t	2024-10-10 21:40:29.967348+00
122	bruna	qq	2.00	t	2024-10-14 18:52:29.979741+00
64	LUIS	13669988774	0.00	t	2024-09-29 20:08:31.17941+00
72	ROBERTO	13991582463	0.00	t	2024-10-04 17:05:50.163412+00
163	Brendo	13*****	9.00	t	2024-10-18 21:23:54.436487+00
154	KATIA	13991778855	0.00	t	2024-10-17 20:11:49.329744+00
47	JULIANA	13991683720	0.00	t	2024-09-22 17:49:40.84578+00
171	GIU	139984455	0.00	t	2024-10-20 22:09:15.767177+00
149	Sr Pedro	1142	0.00	t	2024-10-17 18:29:56.52325+00
119	jhonatan	78999	0.00	t	2024-10-13 22:02:38.588806+00
115	NILTON	11945019075	0.00	t	2024-10-13 17:36:34.977392+00
99	LUIS G.	11952608074	0.00	t	2024-10-11 00:23:51.067139+00
91	RODRIGO	**	24.50	t	2024-10-10 21:43:49.721+00
52	VALTER	1399788076	0.00	t	2024-09-26 16:46:16.844+00
62	CONSOLIN	1366995544	0.00	t	2024-09-29 18:56:04.237445+00
60	ARLETE	1366998877	0.00	t	2024-09-29 18:22:24.637409+00
71	KAIO	9853	0.00	t	2024-10-04 03:24:05.82+00
128	EVANDRO	12	0.00	t	2024-10-15 01:06:27.693046+00
151	RODINEY	*********	0.00	t	2024-10-17 19:49:40.518528+00
134	ELIAS	1398564722	12.50	t	2024-10-15 16:26:44.880485+00
83	TADEU	8988	0.00	t	2024-10-09 22:39:03.919+00
85	BERE	**********	0.00	t	2024-10-09 23:46:51.8+00
15	DOUGLAS MACHADO	13955506654	0.00	t	2024-09-06 15:00:46.403+00
41	ODAIR	13669977	0.00	t	2024-09-21 23:49:13.882787+00
74	LARISSA	13998551637	171.40	t	2024-10-04 17:50:07.449079+00
89	BRUNA	13974205421	0.00	t	2024-10-10 19:04:15.454052+00
150	Matias	13988255337	0.00	t	2024-10-17 19:10:17.870616+00
113	wagner	000	0.00	t	2024-10-13 17:10:18.380556+00
70	KERLLANER	13991908213	166.38	t	2024-10-03 16:46:04.620151+00
160	Reginaldo	13996657424	0.00	t	2024-10-18 18:01:47.395019+00
46	ANDREA		0.00	t	2024-09-22 15:18:10.364251+00
157	ALESSANDRO	**********1	0.00	t	2024-10-18 01:29:15.898995+00
48	DUNGA	13997330633	11.70	t	2024-09-23 19:23:34.815105+00
106	marilia	13991940546	0.00	t	2024-10-12 23:01:32.669097+00
103	LUCIANA	13997011108	14.00	t	2024-10-12 18:45:51.283313+00
109	ZÉ CARLOS	13997309345	0.00	t	2024-10-13 14:14:33.373294+00
168	PEDRINHO	85994475765	0.00	t	2024-10-20 03:21:34.750342+00
117	MARCELO	13997086946	25.70	t	2024-10-13 20:33:43.86733+00
144	KAIKE	********	33.90	t	2024-10-16 17:35:09.348919+00
162	Nady	13******	0.00	t	2024-10-18 20:53:20.348818+00
88	TRINDADE	*******	258.70	t	2024-10-10 00:59:43.487+00
146	PAULO	00034	7.00	t	2024-10-16 23:38:33.107851+00
14	GABRIEL	11963081966	14.50	t	2024-09-05 21:43:55.449541+00
131	TALES O PRIMEIRO	1234	0.00	t	2024-10-15 03:51:31.662178+00
96	LILI	13988779825	123.60	t	2024-10-10 23:34:47.877229+00
45	RAFAEL	13658745665	0.00	t	2024-09-22 14:33:25.335513+00
165	LUANA CORINTIANO	13991468337	113.40	t	2024-10-19 19:54:36.468458+00
148	DAVID	13997560797	3.00	t	2024-10-17 18:25:05.713507+00
137	SEBASTIAN	0007	2.00	t	2024-10-15 22:49:45.690167+00
101	KEL	13997647693	221.48	t	2024-10-11 15:21:45.434115+00
147	Cris\\barraca	13996445768	0.00	t	2024-10-17 16:30:10.238491+00
161	Mudi	13998774321	0.00	t	2024-10-18 20:28:40.823519+00
100	RAFAEL	13996441595	0.00	t	2024-10-11 01:43:49.284593+00
12	João Henrique	13991237616	57.40	t	2024-09-04 19:49:46.43721+00
166	CASAL FLOR	1399654827	0.00	t	2024-10-20 00:29:05.087853+00
169	SERGIO	13997548966	11.70	t	2024-10-20 20:01:43.628259+00
152	WILSON	13*********	0.00	t	2024-10-17 20:02:24.557816+00
155	JANDERSAO	13,,,,,	5.50	t	2024-10-17 20:46:43.259557+00
105	ALVARO	13981664542	0.00	t	2024-10-12 22:10:35.700132+00
112	VICTOR	11996411084	0.00	t	2024-10-13 15:38:14.208113+00
145	PAULO CEZAR	******	7.80	t	2024-10-16 19:51:40.944328+00
164	REGIS	13998775544	0.00	t	2024-10-18 22:23:15.213698+00
130	CEARA	123	0.00	t	2024-10-15 02:43:53.91804+00
116	LEANDRO E CRISTINA	13997715339	0.00	t	2024-10-13 17:47:09.385852+00
170	MARCELOO	1399778866	0.00	t	2024-10-20 20:02:15.574743+00
73	MARCO ANTONIO-Giorge	13991493945	54.60	t	2024-10-04 17:16:27.276359+00
16	ODETE	11997002274	15.00	t	2024-09-10 15:19:59.74273+00
3	YASMIN	13991443106	106.50	t	2024-09-01 15:01:43.299669+00
75	JORGETE	13998551479	95.14	t	2024-10-04 18:01:22.740651+00
\.


--
-- Data for Name: produto_tabitem; Type: TABLE DATA; Schema: public; Owner: postgres
--

COPY public.produto_tabitem (id, quantidade, preco_unitario, produto_id, tab_id, adicionado_por_id, data_criacao) FROM stdin;
455	5	3.50	309	9	1	2024-10-01 19:49:19.768158+00
482	1	8.25	452	9	1	2024-10-03 19:57:25.533835+00
1335	1	8.00	99	3	7	2024-10-20 15:13:20.310243+00
459	1	4.50	702	9	1	2024-10-01 20:16:49.534142+00
463	1	4.50	702	9	1	2024-10-01 22:12:10.65057+00
1346	5	3.90	1429	88	7	2024-10-20 16:28:26.340667+00
646	1	4.50	316	91	1	2024-10-10 21:49:50.959628+00
1387	1	2.50	1277	3	7	2024-10-21 00:41:23.458618+00
546	1	3.50	1429	9	3	2024-10-05 23:20:36.564003+00
496	1	2.50	1217	9	3	2024-10-04 17:53:36.243694+00
890	1	5.50	1373	70	3	2024-10-13 23:08:46.322962+00
775	3	2.50	393	101	3	2024-10-13 07:18:11.408296+00
893	1	16.00	566	9	3	2024-10-13 23:16:36.609958+00
471	1	6.00	1369	9	1	2024-10-02 21:19:36.769188+00
1333	1	9.90	1511	12	7	2024-10-20 15:10:14.812404+00
506	1	6.00	1369	9	3	2024-10-04 19:24:44.117799+00
1308	2	3.90	1429	9	3	2024-10-20 01:15:47.798752+00
554	2	3.50	1429	9	3	2024-10-06 01:17:18.305217+00
477	1	2.50	1217	9	3	2024-10-03 01:33:21.431486+00
556	1	4.50	702	9	3	2024-10-06 02:26:34.679631+00
1381	5	3.00	1487	16	7	2024-10-20 23:39:11.324709+00
1361	1	2.50	1277	3	7	2024-10-20 20:27:22.493538+00
662	14	2.00	1436	96	3	2024-10-10 23:38:36.71043+00
1392	1	4.00	109	101	7	2024-10-21 04:36:06.091397+00
1136	4	3.90	1429	88	3	2024-10-17 19:59:56.148957+00
1303	11	3.90	312	107	3	2024-10-20 00:38:53.582556+00
1376	1	6.00	1369	14	1	2024-10-20 22:18:58.337504+00
1351	4	3.90	1429	88	7	2024-10-20 19:08:51.32806+00
498	2	5.50	1373	9	3	2024-10-04 17:59:08.719716+00
475	2	6.00	1369	9	1	2024-10-03 01:16:54.732048+00
538	1	2.00	321	9	3	2024-10-05 21:18:39.286142+00
1318	1	3.00	393	107	7	2024-10-20 03:20:48.723243+00
1386	1	16.00	543	3	7	2024-10-21 00:24:38.992582+00
773	1	6.00	1369	101	3	2024-10-13 07:17:48.396108+00
687	1	7.75	451	9	3	2024-10-11 20:55:50.743245+00
1323	1	9.00	1060	74	7	2024-10-20 03:45:48.523222+00
481	1	3.00	657	70	1	2024-10-03 16:46:27.67323+00
636	1	3.50	92	70	1	2024-10-10 19:17:20.29704+00
1328	1	3.00	394	74	7	2024-10-20 03:47:23.946718+00
745	8	3.50	1429	9	3	2024-10-13 01:31:07.617379+00
695	2	3.50	92	70	1	2024-10-12 00:06:07.981984+00
1153	1	13.90	11	144	1	2024-10-17 20:26:49.32058+00
676	1	7.50	1362	9	3	2024-10-11 00:49:20.016524+00
652	8	1.00	164	9	3	2024-10-10 22:28:21.465914+00
823	2	8.00	1370	101	3	2024-10-13 20:00:35.318794+00
825	1	42.00	1473	101	3	2024-10-13 20:02:53.571771+00
831	1	5.50	1309	101	3	2024-10-13 20:08:22.607402+00
835	4	3.50	1429	117	3	2024-10-13 20:35:58.930437+00
456	1	6.00	1369	9	1	2024-10-01 19:49:25.492211+00
458	1	8.00	143	9	1	2024-10-01 20:16:23.923915+00
483	5	3.90	309	9	1	2024-10-03 19:58:37.418338+00
464	1	4.50	702	9	1	2024-10-01 22:44:38.368993+00
466	1	8.25	452	9	1	2024-10-02 12:17:54.139305+00
1336	1	20.00	1502	3	7	2024-10-20 15:13:48.250193+00
1341	1	6.00	1369	3	7	2024-10-20 15:18:21.605642+00
470	1	3.50	309	9	1	2024-10-02 21:19:16.429752+00
472	1	3.50	309	9	1	2024-10-02 23:11:02.957107+00
1137	2	5.00	1494	88	3	2024-10-17 20:00:33.284406+00
474	1	4.50	49	9	1	2024-10-03 01:16:46.405817+00
476	1	8.25	452	9	1	2024-10-03 01:17:17.630793+00
478	1	3.50	309	9	3	2024-10-03 01:33:29.517768+00
529	2	1.00	1069	70	1	2024-10-05 19:06:48.277166+00
1347	2	5.00	1494	88	7	2024-10-20 16:28:49.390144+00
1352	1	3.50	123	159	7	2024-10-20 19:09:29.847576+00
774	2	10.00	24	101	3	2024-10-13 07:18:04.039636+00
659	20	3.00	311	96	3	2024-10-10 23:37:00.229264+00
545	1	3.50	1429	9	3	2024-10-05 22:39:39.499368+00
1145	4	3.00	310	75	3	2024-10-17 20:10:18.825851+00
507	1	8.25	452	9	6	2024-10-04 20:23:15.816147+00
1319	1	4.50	1065	74	7	2024-10-20 03:45:08.317562+00
1377	1	4.00	1317	14	1	2024-10-20 22:19:34.639097+00
998	1	2.50	101	134	3	2024-10-15 17:05:28.875336+00
1393	1	40.00	526	101	7	2024-10-21 04:36:29.683203+00
1362	10	2.00	1497	12	1	2024-10-20 20:28:32.689904+00
551	1	3.50	1429	9	3	2024-10-06 00:08:22.709533+00
557	2	6.00	1369	9	3	2024-10-06 03:04:29.774934+00
1324	1	13.00	1075	74	7	2024-10-20 03:45:57.465918+00
569	1	8.25	452	9	1	2024-10-06 13:05:34.830488+00
696	2	4.50	702	9	3	2024-10-12 00:06:38.199359+00
1329	1	7.00	1112	74	7	2024-10-20 03:47:35.718322+00
657	5	3.50	1429	9	3	2024-10-10 23:13:16.152821+00
1334	1	8.25	452	9	1	2024-10-20 15:10:58.477679+00
513	4	3.50	1429	9	3	2024-10-04 23:58:23.455083+00
631	1	5.50	1373	70	1	2024-10-10 19:13:22.449373+00
690	3	3.50	1429	9	3	2024-10-11 21:28:10.527436+00
742	1	2.00	93	70	1	2024-10-12 23:37:12.036452+00
933	1	8.25	452	9	1	2024-10-14 20:26:46.801909+00
645	4	5.00	1198	91	1	2024-10-10 21:44:08.82329+00
734	2	2.00	1372	101	1	2024-10-12 22:17:59.680823+00
832	1	9.50	198	101	3	2024-10-13 20:22:17.37321+00
824	2	2.00	1436	101	3	2024-10-13 20:02:11.678967+00
826	2	3.00	1442	101	3	2024-10-13 20:03:27.567485+00
836	1	3.50	1476	101	3	2024-10-13 20:39:39.090087+00
834	3	3.90	312	117	3	2024-10-13 20:34:38.95566+00
858	1	5.99	1479	101	3	2024-10-13 21:14:07.510212+00
859	1	7.50	1321	70	3	2024-10-13 21:16:48.865795+00
860	1	13.00	1075	70	3	2024-10-13 21:17:01.135115+00
861	1	5.50	903	70	3	2024-10-13 21:20:24.150116+00
862	4	8.00	1370	70	3	2024-10-13 21:20:45.675624+00
863	2	5.99	1479	70	3	2024-10-13 21:21:05.735187+00
864	1	3.50	1253	70	3	2024-10-13 21:21:39.302747+00
865	1	3.00	105	70	3	2024-10-13 21:22:01.287606+00
1078	2	1.00	164	75	3	2024-10-16 20:08:30.995023+00
867	1	2.00	93	70	3	2024-10-13 21:22:44.253958+00
868	1	7.50	1483	70	3	2024-10-13 21:27:40.302126+00
869	1	3.50	1253	70	3	2024-10-13 21:28:19.505655+00
1337	3	4.50	702	3	7	2024-10-20 15:13:58.44369+00
1389	1	5.00	1110	3	7	2024-10-21 01:29:04.562901+00
873	7	0.50	1484	70	3	2024-10-13 21:56:29.397791+00
1138	1	7.50	1362	88	3	2024-10-17 20:00:52.32639+00
1057	2	11.25	459	75	3	2024-10-16 06:08:31.137874+00
1394	1	3.00	105	12	7	2024-10-21 05:22:37.895698+00
876	1	6.00	1369	9	3	2024-10-13 22:04:27.305839+00
1146	1	3.90	312	75	3	2024-10-17 20:10:42.32929+00
996	2	3.00	311	134	3	2024-10-15 16:27:05.568545+00
997	2	1.00	164	134	3	2024-10-15 16:27:18.228358+00
999	1	2.00	1436	134	3	2024-10-15 17:05:52.745093+00
1059	2	8.25	452	9	1	2024-10-16 15:24:22.25428+00
1079	1	3.00	472	75	3	2024-10-16 20:09:38.590555+00
1095	4	2.00	1497	96	3	2024-10-16 23:53:08.452752+00
1320	1	4.50	1065	74	7	2024-10-20 03:45:12.319865+00
1325	1	8.00	1370	74	7	2024-10-20 03:46:23.399123+00
1330	1	8.25	452	74	7	2024-10-20 04:03:18.767923+00
1353	3	7.50	199	74	7	2024-10-20 19:42:41.350647+00
1358	1	10.00	70	12	1	2024-10-20 20:19:14.319724+00
875	4	3.50	1429	9	3	2024-10-13 22:04:19.338069+00
1017	3	2.00	1436	103	3	2024-10-15 21:07:27.617241+00
922	1	2.00	1436	122	1	2024-10-14 18:52:44.540498+00
1024	1	7.00	1112	88	3	2024-10-15 21:54:17.370689+00
1342	2	6.00	1369	9	7	2024-10-20 15:18:51.368149+00
1383	2	1.00	164	74	7	2024-10-20 23:58:48.914418+00
1012	1	5.00	1494	88	3	2024-10-15 20:12:34.395522+00
1013	1	8.25	452	9	3	2024-10-15 20:26:00.2126+00
937	2	6.50	1208	9	7	2024-10-14 22:26:15.805685+00
1073	1	8.00	1370	70	3	2024-10-16 19:46:33.337095+00
957	2	6.00	1369	9	7	2024-10-14 23:44:25.720744+00
1015	3	6.50	1208	9	3	2024-10-15 20:27:23.323863+00
1032	1	2.00	1436	137	1	2024-10-15 22:49:52.289213+00
1056	1	12.00	1371	96	3	2024-10-16 05:52:45.502295+00
1028	4	3.90	312	96	3	2024-10-15 22:17:09.291547+00
1001	2	8.00	1370	75	3	2024-10-15 17:07:57.352991+00
1010	6	3.90	309	88	3	2024-10-15 18:47:42.294187+00
1066	2	5.00	1494	88	3	2024-10-16 18:35:13.325023+00
1058	1	7.99	238	75	3	2024-10-16 06:08:45.625145+00
1067	1	6.50	453	88	3	2024-10-16 18:35:41.701842+00
1074	1	2.00	1073	70	3	2024-10-16 19:46:41.864855+00
1075	1	10.90	1419	70	3	2024-10-16 19:47:18.004907+00
866	4	6.00	1369	70	3	2024-10-13 21:22:17.414564+00
1084	1	1.00	164	88	3	2024-10-16 21:17:29.301928+00
1065	3	3.90	309	88	3	2024-10-16 18:34:58.64989+00
1093	2	3.00	310	146	3	2024-10-16 23:38:39.698756+00
1092	5	3.90	1429	9	3	2024-10-16 23:19:40.609731+00
1338	1	3.50	760	3	7	2024-10-20 15:17:31.898853+00
1390	1	5.00	1118	12	1	2024-10-21 01:40:05.481988+00
1240	4	3.90	1429	9	3	2024-10-18 23:45:36.293315+00
1094	2	2.00	1497	103	3	2024-10-16 23:52:30.087714+00
1343	8	3.90	1429	9	7	2024-10-20 15:19:28.362991+00
1099	1	1.00	164	146	3	2024-10-17 00:24:00.350754+00
1349	1	7.50	1095	88	7	2024-10-20 16:42:07.324809+00
1197	2	1.00	164	159	3	2024-10-18 17:32:30.558919+00
1195	9	3.90	1429	88	3	2024-10-18 17:13:48.021683+00
1379	1	4.50	1064	14	1	2024-10-20 22:20:36.80543+00
1143	1	7.50	248	75	3	2024-10-17 20:09:53.24108+00
1321	1	8.00	470	74	7	2024-10-20 03:45:21.845338+00
1395	1	2.50	1217	12	7	2024-10-21 05:23:49.739153+00
1178	3	3.90	1429	88	3	2024-10-18 00:04:06.634444+00
1359	1	4.50	91	12	1	2024-10-20 20:19:28.860675+00
1326	1	12.50	1360	74	7	2024-10-20 03:47:06.313912+00
1331	1	8.25	452	74	7	2024-10-20 04:03:19.60953+00
1219	1	3.00	94	159	3	2024-10-18 22:11:54.407598+00
1245	6	3.00	311	159	3	2024-10-19 00:27:54.731371+00
1196	21	4.00	315	159	3	2024-10-18 17:18:20.49562+00
1154	1	12.50	13	144	1	2024-10-17 20:26:56.481343+00
1155	3	2.50	394	144	1	2024-10-17 20:28:36.759525+00
1354	3	3.90	1429	169	7	2024-10-20 20:01:50.376764+00
1114	14	3.90	312	73	3	2024-10-17 15:31:09.512232+00
1180	1	6.00	1369	9	3	2024-10-18 01:00:23.489232+00
1098	4	3.90	1429	88	3	2024-10-17 00:05:52.822737+00
1218	2	9.00	1059	159	3	2024-10-18 22:11:41.311059+00
1160	1	4.50	316	155	3	2024-10-17 20:48:42.359233+00
1161	1	1.00	164	155	3	2024-10-17 20:48:58.485701+00
1163	2	2.00	1497	103	3	2024-10-17 21:10:00.733306+00
1220	1	3.50	318	159	3	2024-10-18 22:13:17.590948+00
1108	1	6.50	1208	9	1	2024-10-17 03:04:06.69726+00
1204	1	0.00	230	101	3	2024-10-18 19:12:17.455941+00
1205	1	7.99	238	101	3	2024-10-18 19:12:27.132401+00
1171	5	3.90	1429	9	3	2024-10-17 23:30:01.412483+00
1179	2	6.50	1208	9	3	2024-10-18 00:52:45.441829+00
1194	1	5.00	1494	88	3	2024-10-18 17:13:24.775899+00
1238	2	6.00	1369	9	3	2024-10-18 23:40:13.869075+00
1210	3	3.90	319	48	1	2024-10-18 21:20:44.559851+00
1233	1	4.50	316	159	3	2024-10-18 22:42:51.637626+00
1213	1	5.00	842	159	3	2024-10-18 22:07:08.527341+00
1215	1	7.00	1097	159	3	2024-10-18 22:10:08.796833+00
1239	1	8.25	452	9	3	2024-10-18 23:41:00.876781+00
1258	1	8.50	352	159	3	2024-10-19 11:25:51.770183+00
1212	2	2.50	1217	159	3	2024-10-18 22:06:35.236856+00
1270	1	8.25	452	9	3	2024-10-19 18:16:54.428796+00
1277	3	5.00	1494	88	3	2024-10-19 19:39:00.414761+00
1278	5	3.90	1429	88	3	2024-10-19 19:39:15.219528+00
1279	1	6.50	454	88	3	2024-10-19 19:39:45.578417+00
1307	6	6.00	1369	101	3	2024-10-20 00:55:20.824846+00
1396	2	3.90	309	145	1	2024-10-21 14:48:09.211542+00
1285	1	12.25	429	75	3	2024-10-19 19:53:11.668198+00
1287	2	7.00	1216	165	3	2024-10-19 19:55:02.683221+00
1286	2	9.00	966	165	3	2024-10-19 19:54:46.855019+00
1288	1	45.00	359	165	3	2024-10-19 19:55:30.296879+00
1290	1	6.00	251	165	3	2024-10-19 19:56:20.382884+00
1291	1	2.50	1217	165	3	2024-10-19 19:56:27.635732+00
1292	1	6.50	1093	165	3	2024-10-19 19:56:32.803826+00
1293	1	13.90	9	165	3	2024-10-19 19:56:43.236664+00
1294	3	2.50	393	165	3	2024-10-19 19:56:49.863573+00
1295	1	8.00	1370	75	3	2024-10-19 20:01:20.411552+00
1345	1	3.00	310	148	1	2024-10-20 16:09:35.472001+00
1297	1	2.00	1497	101	3	2024-10-19 22:26:15.511203+00
1317	4	10.00	1510	107	7	2024-10-20 03:20:20.445823+00
1322	1	8.00	1452	74	7	2024-10-20 03:45:26.494215+00
1327	1	3.00	394	74	7	2024-10-20 03:47:20.176781+00
1332	1	2.50	1217	12	7	2024-10-20 15:08:30.877231+00
1360	1	2.50	1277	3	7	2024-10-20 20:27:19.474901+00
1380	2	4.50	702	163	7	2024-10-20 22:39:52.578136+00
1365	6	4.50	702	3	7	2024-10-20 20:30:40.702304+00
1385	1	49.90	1517	74	1	2024-10-21 00:24:29.716908+00
\.


--
-- Name: auth_group_id_seq; Type: SEQUENCE SET; Schema: public; Owner: postgres
--

SELECT pg_catalog.setval('public.auth_group_id_seq', 1, false);


--
-- Name: auth_group_permissions_id_seq; Type: SEQUENCE SET; Schema: public; Owner: postgres
--

SELECT pg_catalog.setval('public.auth_group_permissions_id_seq', 1, false);


--
-- Name: auth_permission_id_seq; Type: SEQUENCE SET; Schema: public; Owner: postgres
--

SELECT pg_catalog.setval('public.auth_permission_id_seq', 88, true);


--
-- Name: auth_user_groups_id_seq; Type: SEQUENCE SET; Schema: public; Owner: postgres
--

SELECT pg_catalog.setval('public.auth_user_groups_id_seq', 1, false);


--
-- Name: auth_user_id_seq; Type: SEQUENCE SET; Schema: public; Owner: postgres
--

SELECT pg_catalog.setval('public.auth_user_id_seq', 7, true);


--
-- Name: auth_user_user_permissions_id_seq; Type: SEQUENCE SET; Schema: public; Owner: postgres
--

SELECT pg_catalog.setval('public.auth_user_user_permissions_id_seq', 1, false);


--
-- Name: core_timestampedmodel_id_seq; Type: SEQUENCE SET; Schema: public; Owner: postgres
--

SELECT pg_catalog.setval('public.core_timestampedmodel_id_seq', 1, false);


--
-- Name: django_admin_log_id_seq; Type: SEQUENCE SET; Schema: public; Owner: postgres
--

SELECT pg_catalog.setval('public.django_admin_log_id_seq', 121, true);


--
-- Name: django_content_type_id_seq; Type: SEQUENCE SET; Schema: public; Owner: postgres
--

SELECT pg_catalog.setval('public.django_content_type_id_seq', 22, true);


--
-- Name: django_migrations_id_seq; Type: SEQUENCE SET; Schema: public; Owner: postgres
--

SELECT pg_catalog.setval('public.django_migrations_id_seq', 49, true);


--
-- Name: django_plotly_dash_dashapp_id_seq; Type: SEQUENCE SET; Schema: public; Owner: postgres
--

SELECT pg_catalog.setval('public.django_plotly_dash_dashapp_id_seq', 1, false);


--
-- Name: django_plotly_dash_statelessapp_id_seq; Type: SEQUENCE SET; Schema: public; Owner: postgres
--

SELECT pg_catalog.setval('public.django_plotly_dash_statelessapp_id_seq', 1, false);


--
-- Name: estoque_estoqueitens_id_seq; Type: SEQUENCE SET; Schema: public; Owner: postgres
--

SELECT pg_catalog.setval('public.estoque_estoqueitens_id_seq', 1, false);


--
-- Name: produto_categoria_id_seq; Type: SEQUENCE SET; Schema: public; Owner: postgres
--

SELECT pg_catalog.setval('public.produto_categoria_id_seq', 38, true);


--
-- Name: produto_cliente_id_seq; Type: SEQUENCE SET; Schema: public; Owner: postgres
--

SELECT pg_catalog.setval('public.produto_cliente_id_seq', 1, false);


--
-- Name: produto_compra_id_seq; Type: SEQUENCE SET; Schema: public; Owner: postgres
--

SELECT pg_catalog.setval('public.produto_compra_id_seq', 297, true);


--
-- Name: produto_itemcompra_id_seq; Type: SEQUENCE SET; Schema: public; Owner: postgres
--

SELECT pg_catalog.setval('public.produto_itemcompra_id_seq', 1076, true);


--
-- Name: produto_itemtab_id_seq; Type: SEQUENCE SET; Schema: public; Owner: postgres
--

SELECT pg_catalog.setval('public.produto_itemtab_id_seq', 1, false);


--
-- Name: produto_produtos_id_seq; Type: SEQUENCE SET; Schema: public; Owner: postgres
--

SELECT pg_catalog.setval('public.produto_produtos_id_seq', 1517, true);


--
-- Name: produto_tab_id_seq; Type: SEQUENCE SET; Schema: public; Owner: postgres
--

SELECT pg_catalog.setval('public.produto_tab_id_seq', 171, true);


--
-- Name: produto_tabitem_id_seq; Type: SEQUENCE SET; Schema: public; Owner: postgres
--

SELECT pg_catalog.setval('public.produto_tabitem_id_seq', 1396, true);


--
-- Name: auth_group auth_group_name_key; Type: CONSTRAINT; Schema: public; Owner: postgres
--

ALTER TABLE ONLY public.auth_group
    ADD CONSTRAINT auth_group_name_key UNIQUE (name);


--
-- Name: auth_group_permissions auth_group_permissions_group_id_permission_id_0cd325b0_uniq; Type: CONSTRAINT; Schema: public; Owner: postgres
--

ALTER TABLE ONLY public.auth_group_permissions
    ADD CONSTRAINT auth_group_permissions_group_id_permission_id_0cd325b0_uniq UNIQUE (group_id, permission_id);


--
-- Name: auth_group_permissions auth_group_permissions_pkey; Type: CONSTRAINT; Schema: public; Owner: postgres
--

ALTER TABLE ONLY public.auth_group_permissions
    ADD CONSTRAINT auth_group_permissions_pkey PRIMARY KEY (id);


--
-- Name: auth_group auth_group_pkey; Type: CONSTRAINT; Schema: public; Owner: postgres
--

ALTER TABLE ONLY public.auth_group
    ADD CONSTRAINT auth_group_pkey PRIMARY KEY (id);


--
-- Name: auth_permission auth_permission_content_type_id_codename_01ab375a_uniq; Type: CONSTRAINT; Schema: public; Owner: postgres
--

ALTER TABLE ONLY public.auth_permission
    ADD CONSTRAINT auth_permission_content_type_id_codename_01ab375a_uniq UNIQUE (content_type_id, codename);


--
-- Name: auth_permission auth_permission_pkey; Type: CONSTRAINT; Schema: public; Owner: postgres
--

ALTER TABLE ONLY public.auth_permission
    ADD CONSTRAINT auth_permission_pkey PRIMARY KEY (id);


--
-- Name: auth_user_groups auth_user_groups_pkey; Type: CONSTRAINT; Schema: public; Owner: postgres
--

ALTER TABLE ONLY public.auth_user_groups
    ADD CONSTRAINT auth_user_groups_pkey PRIMARY KEY (id);


--
-- Name: auth_user_groups auth_user_groups_user_id_group_id_94350c0c_uniq; Type: CONSTRAINT; Schema: public; Owner: postgres
--

ALTER TABLE ONLY public.auth_user_groups
    ADD CONSTRAINT auth_user_groups_user_id_group_id_94350c0c_uniq UNIQUE (user_id, group_id);


--
-- Name: auth_user auth_user_pkey; Type: CONSTRAINT; Schema: public; Owner: postgres
--

ALTER TABLE ONLY public.auth_user
    ADD CONSTRAINT auth_user_pkey PRIMARY KEY (id);


--
-- Name: auth_user_user_permissions auth_user_user_permissions_pkey; Type: CONSTRAINT; Schema: public; Owner: postgres
--

ALTER TABLE ONLY public.auth_user_user_permissions
    ADD CONSTRAINT auth_user_user_permissions_pkey PRIMARY KEY (id);


--
-- Name: auth_user_user_permissions auth_user_user_permissions_user_id_permission_id_14a6b632_uniq; Type: CONSTRAINT; Schema: public; Owner: postgres
--

ALTER TABLE ONLY public.auth_user_user_permissions
    ADD CONSTRAINT auth_user_user_permissions_user_id_permission_id_14a6b632_uniq UNIQUE (user_id, permission_id);


--
-- Name: auth_user auth_user_username_key; Type: CONSTRAINT; Schema: public; Owner: postgres
--

ALTER TABLE ONLY public.auth_user
    ADD CONSTRAINT auth_user_username_key UNIQUE (username);


--
-- Name: core_timestampedmodel core_timestampedmodel_pkey; Type: CONSTRAINT; Schema: public; Owner: postgres
--

ALTER TABLE ONLY public.core_timestampedmodel
    ADD CONSTRAINT core_timestampedmodel_pkey PRIMARY KEY (id);


--
-- Name: django_admin_log django_admin_log_pkey; Type: CONSTRAINT; Schema: public; Owner: postgres
--

ALTER TABLE ONLY public.django_admin_log
    ADD CONSTRAINT django_admin_log_pkey PRIMARY KEY (id);


--
-- Name: django_content_type django_content_type_app_label_model_76bd3d3b_uniq; Type: CONSTRAINT; Schema: public; Owner: postgres
--

ALTER TABLE ONLY public.django_content_type
    ADD CONSTRAINT django_content_type_app_label_model_76bd3d3b_uniq UNIQUE (app_label, model);


--
-- Name: django_content_type django_content_type_pkey; Type: CONSTRAINT; Schema: public; Owner: postgres
--

ALTER TABLE ONLY public.django_content_type
    ADD CONSTRAINT django_content_type_pkey PRIMARY KEY (id);


--
-- Name: django_migrations django_migrations_pkey; Type: CONSTRAINT; Schema: public; Owner: postgres
--

ALTER TABLE ONLY public.django_migrations
    ADD CONSTRAINT django_migrations_pkey PRIMARY KEY (id);


--
-- Name: django_plotly_dash_dashapp django_plotly_dash_dashapp_instance_name_key; Type: CONSTRAINT; Schema: public; Owner: postgres
--

ALTER TABLE ONLY public.django_plotly_dash_dashapp
    ADD CONSTRAINT django_plotly_dash_dashapp_instance_name_key UNIQUE (instance_name);


--
-- Name: django_plotly_dash_dashapp django_plotly_dash_dashapp_pkey; Type: CONSTRAINT; Schema: public; Owner: postgres
--

ALTER TABLE ONLY public.django_plotly_dash_dashapp
    ADD CONSTRAINT django_plotly_dash_dashapp_pkey PRIMARY KEY (id);


--
-- Name: django_plotly_dash_dashapp django_plotly_dash_dashapp_slug_key; Type: CONSTRAINT; Schema: public; Owner: postgres
--

ALTER TABLE ONLY public.django_plotly_dash_dashapp
    ADD CONSTRAINT django_plotly_dash_dashapp_slug_key UNIQUE (slug);


--
-- Name: django_plotly_dash_statelessapp django_plotly_dash_statelessapp_app_name_key; Type: CONSTRAINT; Schema: public; Owner: postgres
--

ALTER TABLE ONLY public.django_plotly_dash_statelessapp
    ADD CONSTRAINT django_plotly_dash_statelessapp_app_name_key UNIQUE (app_name);


--
-- Name: django_plotly_dash_statelessapp django_plotly_dash_statelessapp_pkey; Type: CONSTRAINT; Schema: public; Owner: postgres
--

ALTER TABLE ONLY public.django_plotly_dash_statelessapp
    ADD CONSTRAINT django_plotly_dash_statelessapp_pkey PRIMARY KEY (id);


--
-- Name: django_plotly_dash_statelessapp django_plotly_dash_statelessapp_slug_key; Type: CONSTRAINT; Schema: public; Owner: postgres
--

ALTER TABLE ONLY public.django_plotly_dash_statelessapp
    ADD CONSTRAINT django_plotly_dash_statelessapp_slug_key UNIQUE (slug);


--
-- Name: django_session django_session_pkey; Type: CONSTRAINT; Schema: public; Owner: postgres
--

ALTER TABLE ONLY public.django_session
    ADD CONSTRAINT django_session_pkey PRIMARY KEY (session_key);


--
-- Name: estoque_estoque estoque_estoque_pkey; Type: CONSTRAINT; Schema: public; Owner: postgres
--

ALTER TABLE ONLY public.estoque_estoque
    ADD CONSTRAINT estoque_estoque_pkey PRIMARY KEY (timestampedmodel_ptr_id);


--
-- Name: estoque_estoqueitens estoque_estoqueitens_pkey; Type: CONSTRAINT; Schema: public; Owner: postgres
--

ALTER TABLE ONLY public.estoque_estoqueitens
    ADD CONSTRAINT estoque_estoqueitens_pkey PRIMARY KEY (id);


--
-- Name: produto_categoria produto_categoria_categoria_key; Type: CONSTRAINT; Schema: public; Owner: postgres
--

ALTER TABLE ONLY public.produto_categoria
    ADD CONSTRAINT produto_categoria_categoria_key UNIQUE (categoria);


--
-- Name: produto_categoria produto_categoria_pkey; Type: CONSTRAINT; Schema: public; Owner: postgres
--

ALTER TABLE ONLY public.produto_categoria
    ADD CONSTRAINT produto_categoria_pkey PRIMARY KEY (id);


--
-- Name: produto_cliente produto_cliente_pkey; Type: CONSTRAINT; Schema: public; Owner: postgres
--

ALTER TABLE ONLY public.produto_cliente
    ADD CONSTRAINT produto_cliente_pkey PRIMARY KEY (id);


--
-- Name: produto_cliente produto_cliente_telefone_key; Type: CONSTRAINT; Schema: public; Owner: postgres
--

ALTER TABLE ONLY public.produto_cliente
    ADD CONSTRAINT produto_cliente_telefone_key UNIQUE (telefone);


--
-- Name: produto_compra produto_compra_pkey; Type: CONSTRAINT; Schema: public; Owner: postgres
--

ALTER TABLE ONLY public.produto_compra
    ADD CONSTRAINT produto_compra_pkey PRIMARY KEY (id);


--
-- Name: produto_itemcompra produto_itemcompra_pkey; Type: CONSTRAINT; Schema: public; Owner: postgres
--

ALTER TABLE ONLY public.produto_itemcompra
    ADD CONSTRAINT produto_itemcompra_pkey PRIMARY KEY (id);


--
-- Name: produto_itemtab produto_itemtab_pkey; Type: CONSTRAINT; Schema: public; Owner: postgres
--

ALTER TABLE ONLY public.produto_itemtab
    ADD CONSTRAINT produto_itemtab_pkey PRIMARY KEY (id);


--
-- Name: produto_produto produto_produtos_pkey; Type: CONSTRAINT; Schema: public; Owner: postgres
--

ALTER TABLE ONLY public.produto_produto
    ADD CONSTRAINT produto_produtos_pkey PRIMARY KEY (id);


--
-- Name: produto_produto produto_produtos_produto_key; Type: CONSTRAINT; Schema: public; Owner: postgres
--

ALTER TABLE ONLY public.produto_produto
    ADD CONSTRAINT produto_produtos_produto_key UNIQUE (produto);


--
-- Name: produto_tab produto_tab_pkey; Type: CONSTRAINT; Schema: public; Owner: postgres
--

ALTER TABLE ONLY public.produto_tab
    ADD CONSTRAINT produto_tab_pkey PRIMARY KEY (id);


--
-- Name: produto_tab produto_tab_telefone_cliente_key; Type: CONSTRAINT; Schema: public; Owner: postgres
--

ALTER TABLE ONLY public.produto_tab
    ADD CONSTRAINT produto_tab_telefone_cliente_key UNIQUE (telefone_cliente);


--
-- Name: produto_tabitem produto_tabitem_pkey; Type: CONSTRAINT; Schema: public; Owner: postgres
--

ALTER TABLE ONLY public.produto_tabitem
    ADD CONSTRAINT produto_tabitem_pkey PRIMARY KEY (id);


--
-- Name: auth_group_name_a6ea08ec_like; Type: INDEX; Schema: public; Owner: postgres
--

CREATE INDEX auth_group_name_a6ea08ec_like ON public.auth_group USING btree (name varchar_pattern_ops);


--
-- Name: auth_group_permissions_group_id_b120cbf9; Type: INDEX; Schema: public; Owner: postgres
--

CREATE INDEX auth_group_permissions_group_id_b120cbf9 ON public.auth_group_permissions USING btree (group_id);


--
-- Name: auth_group_permissions_permission_id_84c5c92e; Type: INDEX; Schema: public; Owner: postgres
--

CREATE INDEX auth_group_permissions_permission_id_84c5c92e ON public.auth_group_permissions USING btree (permission_id);


--
-- Name: auth_permission_content_type_id_2f476e4b; Type: INDEX; Schema: public; Owner: postgres
--

CREATE INDEX auth_permission_content_type_id_2f476e4b ON public.auth_permission USING btree (content_type_id);


--
-- Name: auth_user_groups_group_id_97559544; Type: INDEX; Schema: public; Owner: postgres
--

CREATE INDEX auth_user_groups_group_id_97559544 ON public.auth_user_groups USING btree (group_id);


--
-- Name: auth_user_groups_user_id_6a12ed8b; Type: INDEX; Schema: public; Owner: postgres
--

CREATE INDEX auth_user_groups_user_id_6a12ed8b ON public.auth_user_groups USING btree (user_id);


--
-- Name: auth_user_user_permissions_permission_id_1fbb5f2c; Type: INDEX; Schema: public; Owner: postgres
--

CREATE INDEX auth_user_user_permissions_permission_id_1fbb5f2c ON public.auth_user_user_permissions USING btree (permission_id);


--
-- Name: auth_user_user_permissions_user_id_a95ead1b; Type: INDEX; Schema: public; Owner: postgres
--

CREATE INDEX auth_user_user_permissions_user_id_a95ead1b ON public.auth_user_user_permissions USING btree (user_id);


--
-- Name: auth_user_username_6821ab7c_like; Type: INDEX; Schema: public; Owner: postgres
--

CREATE INDEX auth_user_username_6821ab7c_like ON public.auth_user USING btree (username varchar_pattern_ops);


--
-- Name: django_admin_log_content_type_id_c4bce8eb; Type: INDEX; Schema: public; Owner: postgres
--

CREATE INDEX django_admin_log_content_type_id_c4bce8eb ON public.django_admin_log USING btree (content_type_id);


--
-- Name: django_admin_log_user_id_c564eba6; Type: INDEX; Schema: public; Owner: postgres
--

CREATE INDEX django_admin_log_user_id_c564eba6 ON public.django_admin_log USING btree (user_id);


--
-- Name: django_plotly_dash_dashapp_instance_name_b5da5a90_like; Type: INDEX; Schema: public; Owner: postgres
--

CREATE INDEX django_plotly_dash_dashapp_instance_name_b5da5a90_like ON public.django_plotly_dash_dashapp USING btree (instance_name varchar_pattern_ops);


--
-- Name: django_plotly_dash_dashapp_slug_78afbcd4_like; Type: INDEX; Schema: public; Owner: postgres
--

CREATE INDEX django_plotly_dash_dashapp_slug_78afbcd4_like ON public.django_plotly_dash_dashapp USING btree (slug varchar_pattern_ops);


--
-- Name: django_plotly_dash_dashapp_stateless_app_id_220444de; Type: INDEX; Schema: public; Owner: postgres
--

CREATE INDEX django_plotly_dash_dashapp_stateless_app_id_220444de ON public.django_plotly_dash_dashapp USING btree (stateless_app_id);


--
-- Name: django_plotly_dash_statelessapp_app_name_701b74bd_like; Type: INDEX; Schema: public; Owner: postgres
--

CREATE INDEX django_plotly_dash_statelessapp_app_name_701b74bd_like ON public.django_plotly_dash_statelessapp USING btree (app_name varchar_pattern_ops);


--
-- Name: django_plotly_dash_statelessapp_slug_645fc52c_like; Type: INDEX; Schema: public; Owner: postgres
--

CREATE INDEX django_plotly_dash_statelessapp_slug_645fc52c_like ON public.django_plotly_dash_statelessapp USING btree (slug varchar_pattern_ops);


--
-- Name: django_session_expire_date_a5c62663; Type: INDEX; Schema: public; Owner: postgres
--

CREATE INDEX django_session_expire_date_a5c62663 ON public.django_session USING btree (expire_date);


--
-- Name: django_session_session_key_c0390e0f_like; Type: INDEX; Schema: public; Owner: postgres
--

CREATE INDEX django_session_session_key_c0390e0f_like ON public.django_session USING btree (session_key varchar_pattern_ops);


--
-- Name: estoque_estoque_funcionario_id_7bcfc2fa; Type: INDEX; Schema: public; Owner: postgres
--

CREATE INDEX estoque_estoque_funcionario_id_7bcfc2fa ON public.estoque_estoque USING btree (funcionario_id);


--
-- Name: estoque_estoqueitens_estoque_id_e819edc4; Type: INDEX; Schema: public; Owner: postgres
--

CREATE INDEX estoque_estoqueitens_estoque_id_e819edc4 ON public.estoque_estoqueitens USING btree (estoque_id);


--
-- Name: estoque_estoqueitens_produto_id_48daa82b; Type: INDEX; Schema: public; Owner: postgres
--

CREATE INDEX estoque_estoqueitens_produto_id_48daa82b ON public.estoque_estoqueitens USING btree (produto_id);


--
-- Name: produto_categoria_categoria_e6c99fe3_like; Type: INDEX; Schema: public; Owner: postgres
--

CREATE INDEX produto_categoria_categoria_e6c99fe3_like ON public.produto_categoria USING btree (categoria varchar_pattern_ops);


--
-- Name: produto_cliente_telefone_63665bb2_like; Type: INDEX; Schema: public; Owner: postgres
--

CREATE INDEX produto_cliente_telefone_63665bb2_like ON public.produto_cliente USING btree (telefone varchar_pattern_ops);


--
-- Name: produto_itemcompra_compra_id_e7f2bb24; Type: INDEX; Schema: public; Owner: postgres
--

CREATE INDEX produto_itemcompra_compra_id_e7f2bb24 ON public.produto_itemcompra USING btree (compra_id);


--
-- Name: produto_itemcompra_produto_id_a587ba5a; Type: INDEX; Schema: public; Owner: postgres
--

CREATE INDEX produto_itemcompra_produto_id_a587ba5a ON public.produto_itemcompra USING btree (produto_id);


--
-- Name: produto_itemtab_produto_id_2784ca8d; Type: INDEX; Schema: public; Owner: postgres
--

CREATE INDEX produto_itemtab_produto_id_2784ca8d ON public.produto_itemtab USING btree (produto_id);


--
-- Name: produto_itemtab_tab_id_b6330350; Type: INDEX; Schema: public; Owner: postgres
--

CREATE INDEX produto_itemtab_tab_id_b6330350 ON public.produto_itemtab USING btree (tab_id);


--
-- Name: produto_produto_categoria_id_9747952b; Type: INDEX; Schema: public; Owner: postgres
--

CREATE INDEX produto_produto_categoria_id_9747952b ON public.produto_produto USING btree (categoria_id);


--
-- Name: produto_produtos_produto_afaee7e0_like; Type: INDEX; Schema: public; Owner: postgres
--

CREATE INDEX produto_produtos_produto_afaee7e0_like ON public.produto_produto USING btree (produto varchar_pattern_ops);


--
-- Name: produto_tab_telefone_cliente_e0ad48c7_like; Type: INDEX; Schema: public; Owner: postgres
--

CREATE INDEX produto_tab_telefone_cliente_e0ad48c7_like ON public.produto_tab USING btree (telefone_cliente varchar_pattern_ops);


--
-- Name: produto_tabitem_adicionado_por_id_a30bdb42; Type: INDEX; Schema: public; Owner: postgres
--

CREATE INDEX produto_tabitem_adicionado_por_id_a30bdb42 ON public.produto_tabitem USING btree (adicionado_por_id);


--
-- Name: produto_tabitem_produto_id_cc5ac600; Type: INDEX; Schema: public; Owner: postgres
--

CREATE INDEX produto_tabitem_produto_id_cc5ac600 ON public.produto_tabitem USING btree (produto_id);


--
-- Name: produto_tabitem_tab_id_f521c21e; Type: INDEX; Schema: public; Owner: postgres
--

CREATE INDEX produto_tabitem_tab_id_f521c21e ON public.produto_tabitem USING btree (tab_id);


--
-- Name: auth_group_permissions auth_group_permissio_permission_id_84c5c92e_fk_auth_perm; Type: FK CONSTRAINT; Schema: public; Owner: postgres
--

ALTER TABLE ONLY public.auth_group_permissions
    ADD CONSTRAINT auth_group_permissio_permission_id_84c5c92e_fk_auth_perm FOREIGN KEY (permission_id) REFERENCES public.auth_permission(id) DEFERRABLE INITIALLY DEFERRED;


--
-- Name: auth_group_permissions auth_group_permissions_group_id_b120cbf9_fk_auth_group_id; Type: FK CONSTRAINT; Schema: public; Owner: postgres
--

ALTER TABLE ONLY public.auth_group_permissions
    ADD CONSTRAINT auth_group_permissions_group_id_b120cbf9_fk_auth_group_id FOREIGN KEY (group_id) REFERENCES public.auth_group(id) DEFERRABLE INITIALLY DEFERRED;


--
-- Name: auth_permission auth_permission_content_type_id_2f476e4b_fk_django_co; Type: FK CONSTRAINT; Schema: public; Owner: postgres
--

ALTER TABLE ONLY public.auth_permission
    ADD CONSTRAINT auth_permission_content_type_id_2f476e4b_fk_django_co FOREIGN KEY (content_type_id) REFERENCES public.django_content_type(id) DEFERRABLE INITIALLY DEFERRED;


--
-- Name: auth_user_groups auth_user_groups_group_id_97559544_fk_auth_group_id; Type: FK CONSTRAINT; Schema: public; Owner: postgres
--

ALTER TABLE ONLY public.auth_user_groups
    ADD CONSTRAINT auth_user_groups_group_id_97559544_fk_auth_group_id FOREIGN KEY (group_id) REFERENCES public.auth_group(id) DEFERRABLE INITIALLY DEFERRED;


--
-- Name: auth_user_groups auth_user_groups_user_id_6a12ed8b_fk_auth_user_id; Type: FK CONSTRAINT; Schema: public; Owner: postgres
--

ALTER TABLE ONLY public.auth_user_groups
    ADD CONSTRAINT auth_user_groups_user_id_6a12ed8b_fk_auth_user_id FOREIGN KEY (user_id) REFERENCES public.auth_user(id) DEFERRABLE INITIALLY DEFERRED;


--
-- Name: auth_user_user_permissions auth_user_user_permi_permission_id_1fbb5f2c_fk_auth_perm; Type: FK CONSTRAINT; Schema: public; Owner: postgres
--

ALTER TABLE ONLY public.auth_user_user_permissions
    ADD CONSTRAINT auth_user_user_permi_permission_id_1fbb5f2c_fk_auth_perm FOREIGN KEY (permission_id) REFERENCES public.auth_permission(id) DEFERRABLE INITIALLY DEFERRED;


--
-- Name: auth_user_user_permissions auth_user_user_permissions_user_id_a95ead1b_fk_auth_user_id; Type: FK CONSTRAINT; Schema: public; Owner: postgres
--

ALTER TABLE ONLY public.auth_user_user_permissions
    ADD CONSTRAINT auth_user_user_permissions_user_id_a95ead1b_fk_auth_user_id FOREIGN KEY (user_id) REFERENCES public.auth_user(id) DEFERRABLE INITIALLY DEFERRED;


--
-- Name: django_admin_log django_admin_log_content_type_id_c4bce8eb_fk_django_co; Type: FK CONSTRAINT; Schema: public; Owner: postgres
--

ALTER TABLE ONLY public.django_admin_log
    ADD CONSTRAINT django_admin_log_content_type_id_c4bce8eb_fk_django_co FOREIGN KEY (content_type_id) REFERENCES public.django_content_type(id) DEFERRABLE INITIALLY DEFERRED;


--
-- Name: django_admin_log django_admin_log_user_id_c564eba6_fk_auth_user_id; Type: FK CONSTRAINT; Schema: public; Owner: postgres
--

ALTER TABLE ONLY public.django_admin_log
    ADD CONSTRAINT django_admin_log_user_id_c564eba6_fk_auth_user_id FOREIGN KEY (user_id) REFERENCES public.auth_user(id) DEFERRABLE INITIALLY DEFERRED;


--
-- Name: django_plotly_dash_dashapp django_plotly_dash_d_stateless_app_id_220444de_fk_django_pl; Type: FK CONSTRAINT; Schema: public; Owner: postgres
--

ALTER TABLE ONLY public.django_plotly_dash_dashapp
    ADD CONSTRAINT django_plotly_dash_d_stateless_app_id_220444de_fk_django_pl FOREIGN KEY (stateless_app_id) REFERENCES public.django_plotly_dash_statelessapp(id) DEFERRABLE INITIALLY DEFERRED;


--
-- Name: estoque_estoque estoque_estoque_funcionario_id_7bcfc2fa_fk_auth_user_id; Type: FK CONSTRAINT; Schema: public; Owner: postgres
--

ALTER TABLE ONLY public.estoque_estoque
    ADD CONSTRAINT estoque_estoque_funcionario_id_7bcfc2fa_fk_auth_user_id FOREIGN KEY (funcionario_id) REFERENCES public.auth_user(id) DEFERRABLE INITIALLY DEFERRED;


--
-- Name: estoque_estoque estoque_estoque_timestampedmodel_ptr_8ce71020_fk_core_time; Type: FK CONSTRAINT; Schema: public; Owner: postgres
--

ALTER TABLE ONLY public.estoque_estoque
    ADD CONSTRAINT estoque_estoque_timestampedmodel_ptr_8ce71020_fk_core_time FOREIGN KEY (timestampedmodel_ptr_id) REFERENCES public.core_timestampedmodel(id) DEFERRABLE INITIALLY DEFERRED;


--
-- Name: estoque_estoqueitens estoque_estoqueitens_estoque_id_e819edc4_fk_estoque_e; Type: FK CONSTRAINT; Schema: public; Owner: postgres
--

ALTER TABLE ONLY public.estoque_estoqueitens
    ADD CONSTRAINT estoque_estoqueitens_estoque_id_e819edc4_fk_estoque_e FOREIGN KEY (estoque_id) REFERENCES public.estoque_estoque(timestampedmodel_ptr_id) DEFERRABLE INITIALLY DEFERRED;


--
-- Name: estoque_estoqueitens estoque_estoqueitens_produto_id_48daa82b_fk_produto_produto_id; Type: FK CONSTRAINT; Schema: public; Owner: postgres
--

ALTER TABLE ONLY public.estoque_estoqueitens
    ADD CONSTRAINT estoque_estoqueitens_produto_id_48daa82b_fk_produto_produto_id FOREIGN KEY (produto_id) REFERENCES public.produto_produto(id) DEFERRABLE INITIALLY DEFERRED;


--
-- Name: produto_itemcompra produto_itemcompra_compra_id_e7f2bb24_fk_produto_compra_id; Type: FK CONSTRAINT; Schema: public; Owner: postgres
--

ALTER TABLE ONLY public.produto_itemcompra
    ADD CONSTRAINT produto_itemcompra_compra_id_e7f2bb24_fk_produto_compra_id FOREIGN KEY (compra_id) REFERENCES public.produto_compra(id) DEFERRABLE INITIALLY DEFERRED;


--
-- Name: produto_itemcompra produto_itemcompra_produto_id_a587ba5a_fk_produto_produto_id; Type: FK CONSTRAINT; Schema: public; Owner: postgres
--

ALTER TABLE ONLY public.produto_itemcompra
    ADD CONSTRAINT produto_itemcompra_produto_id_a587ba5a_fk_produto_produto_id FOREIGN KEY (produto_id) REFERENCES public.produto_produto(id) DEFERRABLE INITIALLY DEFERRED;


--
-- Name: produto_itemtab produto_itemtab_produto_id_2784ca8d_fk_produto_produto_id; Type: FK CONSTRAINT; Schema: public; Owner: postgres
--

ALTER TABLE ONLY public.produto_itemtab
    ADD CONSTRAINT produto_itemtab_produto_id_2784ca8d_fk_produto_produto_id FOREIGN KEY (produto_id) REFERENCES public.produto_produto(id) DEFERRABLE INITIALLY DEFERRED;


--
-- Name: produto_produto produto_produto_categoria_id_9747952b_fk_produto_categoria_id; Type: FK CONSTRAINT; Schema: public; Owner: postgres
--

ALTER TABLE ONLY public.produto_produto
    ADD CONSTRAINT produto_produto_categoria_id_9747952b_fk_produto_categoria_id FOREIGN KEY (categoria_id) REFERENCES public.produto_categoria(id) DEFERRABLE INITIALLY DEFERRED;


--
-- Name: produto_tabitem produto_tabitem_adicionado_por_id_a30bdb42_fk_auth_user_id; Type: FK CONSTRAINT; Schema: public; Owner: postgres
--

ALTER TABLE ONLY public.produto_tabitem
    ADD CONSTRAINT produto_tabitem_adicionado_por_id_a30bdb42_fk_auth_user_id FOREIGN KEY (adicionado_por_id) REFERENCES public.auth_user(id) DEFERRABLE INITIALLY DEFERRED;


--
-- Name: produto_tabitem produto_tabitem_produto_id_cc5ac600_fk_produto_produto_id; Type: FK CONSTRAINT; Schema: public; Owner: postgres
--

ALTER TABLE ONLY public.produto_tabitem
    ADD CONSTRAINT produto_tabitem_produto_id_cc5ac600_fk_produto_produto_id FOREIGN KEY (produto_id) REFERENCES public.produto_produto(id) DEFERRABLE INITIALLY DEFERRED;


--
-- Name: produto_tabitem produto_tabitem_tab_id_f521c21e_fk_produto_tab_id; Type: FK CONSTRAINT; Schema: public; Owner: postgres
--

ALTER TABLE ONLY public.produto_tabitem
    ADD CONSTRAINT produto_tabitem_tab_id_f521c21e_fk_produto_tab_id FOREIGN KEY (tab_id) REFERENCES public.produto_tab(id) DEFERRABLE INITIALLY DEFERRED;


--
-- PostgreSQL database dump complete
--

