--
-- PostgreSQL database dump
--

-- Dumped from database version 16.3 (Debian 16.3-1.pgdg120+1)
-- Dumped by pg_dump version 17.4

SET statement_timeout = 0;
SET lock_timeout = 0;
SET idle_in_transaction_session_timeout = 0;
SET transaction_timeout = 0;
SET client_encoding = 'UTF8';
SET standard_conforming_strings = on;
SELECT pg_catalog.set_config('search_path', '', false);
SET check_function_bodies = false;
SET xmloption = content;
SET client_min_messages = warning;
SET row_security = off;

--
-- Data for Name: comandas_tab; Type: TABLE DATA; Schema: public; Owner: postgres
--

COPY public.comandas_tab (id, nome_cliente, telefone_cliente, subtotal, aberta, data_criacao) FROM stdin;
17	JOÃO HENRIQUE	13991237618	398.70	t	2024-10-25 16:02:02.960466+00
3	NADY	13********	77.30	t	2024-10-25 14:55:22.362785+00
182	LUCIA COROA	13996548712	31.50	t	2024-11-10 14:58:05.98201+00
12	GABRIEL	11963081966	106.20	t	2024-10-25 15:40:27.940293+00
169	INDIO	13000000099	24.50	t	2024-11-06 04:40:39.299936+00
127	CASAL\\FLORA	13992548712	66.30	t	2024-11-01 15:54:27.609971+00
34	CAIO	11973787456	0.00	t	2024-10-25 23:54:55.327464+00
8	LUIS O.	13991768655	54.30	t	2024-10-25 15:28:26.819788+00
162	REGIS	13000000000	23.40	t	2024-11-04 23:09:41.483912+00
354	ROBETIN	13987454514	8.00	t	2025-02-02 16:07:12.281045+00
386	BRISA (@)	13655844565	12.50	t	2025-04-22 17:19:51.152951+00
186	PAULO CEZAR	13991445763	0.00	t	2024-11-10 22:49:28.972394+00
48	RODRIGO	**********	15.50	t	2024-10-26 11:19:03.580781+00
27	GERALDO	1399587156	0.00	t	2024-10-25 20:08:21.971062+00
221	CASAL 10 (DOUGLAS)	32313131231	0.00	t	2024-11-15 22:15:59.39758+00
49	SEBASTIAN	***********	0.00	t	2024-10-26 11:19:37.181164+00
6	MARCO ANTONIO GIORGE	1399149394	0.00	f	2024-10-25 15:22:01.505037+00
189	BENALDO	55555555555	9.00	t	2024-11-11 22:11:38.260512+00
208	CARLOS	13996342521	0.00	t	2024-11-14 21:49:23.463464+00
50	ERIKA PRAIA	13981061713	0.00	t	2024-10-26 13:13:02.194661+00
91	Amaral	ooi	53.00	t	2024-10-28 22:48:29.815278+00
1	TRINDADE	13*******	224.00	t	2024-10-25 14:46:26.556718+00
102	ERIKA	13991254788	13.80	t	2024-10-30 15:23:51.589488+00
32	PRETO	13996558214	18.90	t	2024-10-25 22:45:06.80697+00
36	MAZINHO	1366545842	353.90	t	2024-10-26 03:26:03.756572+00
31	DOUGLAS	13991245477	53.50	t	2024-10-25 22:23:49.736745+00
43	KERLLANER TITIA ANASTACIA	13991908213	51.30	t	2024-10-26 11:13:11.309989+00
87	LUH	12344566789	0.00	t	2024-10-28 21:45:57.808619+00
138	BRENDO	1111111111	0.00	t	2024-11-02 01:04:59.822297+00
382	MARCOS	13545444858	0.00	t	2025-04-08 18:03:41.070021+00
170	FILHO JOJO	13981242568	268.00	t	2024-11-06 13:26:42.844386+00
99	ALEX	0074	6.00	t	2024-10-29 23:04:39.446229+00
388	ADRIANO	13987454211	0.00	t	2025-04-26 16:24:03.443607+00
366	PIU	13992547898	238.10	t	2025-02-23 19:36:26.795971+00
4	WAGNER	13996744369	0.00	t	2024-10-25 15:01:16.672837+00
89	Alvaro	0000	0.00	t	2024-10-28 22:22:51.711243+00
173	DANILO	00000011111	15.60	t	2024-11-07 03:39:56.905263+00
15	DAVI	13******	0.00	t	2024-10-25 15:52:48.273806+00
211	TOBIAS	13996541287	0.00	t	2024-11-15 00:10:47.368552+00
23	MATIAS	136698745	139.00	t	2024-10-25 19:18:15.393505+00
196	BRANCO	13997313780	0.00	t	2024-11-13 01:50:17.325719+00
371	MALU	13991256948	0.00	t	2025-03-12 17:44:41.216554+00
205	PABLO	13998745125	0.00	t	2024-11-14 20:05:55.81409+00
10	JULIANA	13*****	0.00	t	2024-10-25 15:30:10.733579+00
195	JAMIL	13000000020	0.00	t	2024-11-13 00:13:40.833884+00
190	FELIPE	13987454651	0.00	t	2024-11-12 15:52:23.408675+00
390	FELIX	13978545445	0.00	t	2025-04-27 17:42:07.050604+00
128	KARLA	1233333330	28.00	t	2024-11-01 22:25:46.725378+00
229	LUISSS	12312313123	0.00	t	2024-11-17 01:25:09.265683+00
46	ANDRÉ	13997548966	0.00	t	2024-10-26 11:16:51.512479+00
233	SERGIO	85994475762	0.00	t	2024-11-17 22:31:21.377232+00
392	HENRIQUE	13964587921	0.00	t	2025-05-01 17:41:51.698732+00
11	ODETE	11997002274	0.00	t	2024-10-25 15:30:51.709087+00
199	LEANDRO	13981071501	8.00	t	2024-11-13 20:35:46.474519+00
42	VALTER	1399788076	57.50	t	2024-10-26 11:10:49.056447+00
203	VICTOR	85994475769	68.00	t	2024-11-13 23:02:12.590813+00
167	ROGERIO	13111111111	18.70	t	2024-11-06 02:41:13.119969+00
150	EVANDRO	0124500000	0.00	t	2024-11-03 00:31:38.05309+00
377	LEO	13995487235	16.00	t	2025-03-26 23:55:13.509205+00
104	VAGNER PREDIO	13456686946	12.00	t	2024-10-30 21:54:26.524263+00
156	FABIANA	13978545465	0.00	t	2024-11-03 16:40:27.240514+00
161	WELTON	13999999900	0.00	t	2024-11-04 23:08:07.388999+00
145	LUIZ	13669988774	0.00	t	2024-11-02 21:13:18.759487+00
225	NEI	13974160416	0.00	t	2024-11-16 17:52:46.751134+00
243	LUANA	13991468337	0.00	t	2024-11-19 23:42:04.946129+00
126	JOJO	13992548785	223.20	t	2024-11-01 14:20:11.383489+00
380	MARCINHO	13997875455	0.00	t	2025-04-06 18:22:51.781141+00
146	RICARDO	13977878777	0.00	t	2024-11-02 22:09:06.336989+00
5	ANDRÉ PRÉDIO	13997664312	60.50	t	2024-10-25 15:19:20.812991+00
47	MATHEUS	1399248757	34.00	t	2024-10-26 11:17:34.633438+00
362	RONALDO	13987745485	25.90	t	2025-02-15 19:12:15.509443+00
214	LEONARDO LILI	25252522222	0.00	t	2024-11-15 04:26:08.895586+00
175	GORDO	12345678999	0.00	t	2024-11-08 03:45:02.819616+00
19	ALESSANDRO	12345678901	0.00	t	2024-10-25 16:44:38.181802+00
218	MUDI	13996547821	106.00	t	2024-11-15 18:06:43.616765+00
269	GERSON	13982547799	0.00	t	2024-11-28 21:37:31.565399+00
2	LUCIANA	13996245873	0.00	t	2024-10-25 14:49:03.950365+00
352	RODINEI	75757568757	0.00	t	2025-02-02 14:14:52.666608+00
171	CORINTHIANO	13991901884	9.80	t	2024-11-06 21:15:05.943525+00
101	NERO	13987545411	22.50	t	2024-10-29 23:24:15.489258+00
98	ALOISIO	0007	0.00	t	2024-10-29 22:03:09.201397+00
97	ANDRE\\PREDIO	13098765431	172.90	t	2024-10-29 20:50:58.622394+00
379	SCHIMIDT	13958745698	0.00	t	2025-03-27 00:56:17.539524+00
142	CESAR	13991554632	29.00	t	2024-11-02 17:57:09.385766+00
168	MAX	13000005555	0.00	t	2024-11-06 02:51:48.313787+00
88	LILI		90.00	t	2024-10-28 22:11:56.972503+00
151	JULIO	11988356829	3.50	t	2024-11-03 15:10:05.420433+00
204	JOSE	13991577931	0.00	t	2024-11-14 17:55:07.433816+00
273	ARMANDO	11963334588	27.50	t	2024-11-29 22:54:32.942077+00
209	DELISON	11972593983	0.00	t	2024-11-14 21:50:23.567804+00
207	ELIAS	1988286768	0.00	t	2024-11-14 21:37:47.315319+00
294	ROBERTIN	00000000022	277.90	t	2024-12-03 02:06:51.27531+00
263	MARCELO G2	11997002241	0.00	t	2024-11-24 19:52:34.580719+00
286	VITOR	13992306688	29.50	t	2024-12-01 16:55:11.76551+00
270	JUNIOR	31231231313	0.00	t	2024-11-29 02:24:09.953875+00
277	OSMAR	00001154121	31.20	t	2024-11-30 03:17:05.686279+00
315	PRINCIPE EDU LENDA DO IMPERIO TIBETANO	13999855554	765.60	t	2024-12-22 22:16:20.907136+00
363	PEDRO	13978787584	3.90	t	2025-02-16 13:28:10.35053+00
222	GASCAN	12312131321	0.00	t	2024-11-15 22:53:53.695781+00
226	RAPHAEL	13996587894	0.00	t	2024-11-16 21:08:57.404607+00
346	MARIA EDUARDA FAZENDEIRA	13981828734	82.30	t	2025-01-21 22:23:59.0796+00
242	FABIANO	13996778458	0.00	t	2024-11-19 23:20:14.705155+00
280	SANTOS C.	13987454884	0.00	t	2024-11-30 17:31:22.670144+00
234	RICARDO SANTA	00000755555	0.00	t	2024-11-18 00:21:10.356283+00
240	CASAL	12312312313	0.00	t	2024-11-19 21:02:03.223751+00
274	ZE	13999555444	0.00	t	2024-11-29 23:13:06.107367+00
237	LUCAS	13987450084	0.00	t	2024-11-19 00:40:46.463814+00
353	RAFAEL	13658745665	46.20	t	2025-02-02 14:52:19.552239+00
246	GRINGO	12312312312	0.00	t	2024-11-20 01:10:00.333126+00
217	RENATO	1399857635	8.00	t	2024-11-15 17:52:26.372896+00
220	TIAGO	13985554525	21.50	t	2024-11-15 18:57:59.988704+00
224	VELTON	13996223548	6.90	t	2024-11-16 16:54:33.78747+00
359	TONI	12312432353	0.00	t	2025-02-13 17:25:57.508544+00
312	DANIEL	00005555555	0.00	t	2024-12-22 17:59:40.388831+00
291	JEFERSON	13991448752	0.00	t	2024-12-02 17:31:37.609432+00
385	MARCELO PREDIO	1399985555	169.15	t	2025-04-19 00:27:57.339621+00
378	MATHUES	11965784325	0.00	t	2025-03-27 00:01:48.249937+00
290	GULHERME	13995777232	0.00	t	2024-12-02 15:57:27.329276+00
249	ZÉ DA PITU	13978756877	0.00	t	2024-11-20 14:35:13.899786+00
40	MARCO ANTONIO DYORGE	13991493945	25.00	t	2024-10-26 11:08:05.450431+00
267	PEDRINHO	13991542299	0.00	t	2024-11-28 01:10:21.791101+00
336	BRUNO FUNCIONARIO FOFINHO	14496867765	23.90	t	2025-01-11 04:19:46.62278+00
256	MAURICIO	13987456122	0.00	t	2024-11-23 17:39:30.370624+00
370	ALEMÃO	13987413574	0.00	t	2025-03-08 19:18:02.861501+00
355	WOLVERINE	00154887946	0.00	t	2025-02-06 20:25:06.402609+00
259	ANDREA E ALVES	01412525352	0.00	t	2024-11-24 15:17:50.98554+00
387	ROBERTO	11385145214	0.00	t	2025-04-23 23:26:59.06545+00
292	BRUNINHO MOTOBOY	13991545769	33.50	t	2024-12-02 20:41:40.061879+00
228	MARCINHO/MATEU	12312312412	0.00	t	2024-11-17 01:11:17.447292+00
54	CRIS BARRACA	00000000000	175.50	t	2024-10-26 19:20:51.24738+00
381	AZAIO - PAULO	00005525225	0.00	t	2025-04-08 01:16:34.528408+00
300	JADSON	11641231494	4.90	t	2024-12-15 23:43:56.519505+00
324	BETO	13984547812	48.98	t	2024-12-26 15:12:26.247427+00
244	CAROL	13999246547	0.00	t	2024-11-20 00:17:50.634684+00
299	ANDREA	13974207222	0.00	t	2024-12-14 17:16:28.868964+00
281	MAVERICK	13991050618	0.00	t	2024-11-30 20:11:40.32268+00
339	DUNGA	13997330633	11.70	t	2025-01-14 15:37:58.517356+00
215	CASAL LOIRA	0000000000	26.80	t	2024-11-15 04:31:38.715627+00
253	PATRICIO	13981270749	30.00	t	2024-11-22 21:30:38.358251+00
278	ELVIS	13984554776	11.00	t	2024-11-30 15:44:37.31004+00
345	JOÃO	13974181621	12.00	t	2025-01-21 22:22:39.5253+00
238	AMAURI	22232255555	0.00	t	2024-11-19 02:14:00.039063+00
\.


--
-- Data for Name: produto_categoria; Type: TABLE DATA; Schema: public; Owner: postgres
--

COPY public.produto_categoria (id, categoria) FROM stdin;
3	AGUA
16	VINHOS
4	REFRIGERANTE
2	SUCOS
6	ENERGÉTICO
5	CERVEJA
19	ISOTÔNICO
21	DIVERSOS
23	DOCES
24	MERCEARIA
25	CHOCOLATE
26	BOLACHAS
27	TABACARIA
28	CHICLETE
29	BALAS
30	CACHAÇAS
31	LEITE
33	VODKA
22	DESTILADOS
20	WHISKY
32	SALGADOS
17	SALGADINHOS
18	SORVETES
8	CIGARROS
34	GIN
35	LICOR
36	CONHAQUE
37	RUM
38	COQUETEL ALCOOLICO
40	PORÇÕES
41	DOSES
42	REFEIÇÃO
\.


--
-- Data for Name: produto_produto; Type: TABLE DATA; Schema: public; Owner: postgres
--

COPY public.produto_produto (id, produto, estoque, estoque_minimo, nivel_estoque, preco_custo, preco_venda, margem_vendas, "codigoBarra", categoria_id, loja_id) FROM stdin;
12	BALY MAÇÃ VERDE 2L	1000	1	t	7.49	13.90	85.58	7898080664563	6	\N
23	AGUA TONICA ANTARTICA 350ML	991	1	t	2.89	4.50	55.71	7891991000840	3	\N
13	BALY MORANGO & PÊSSEGO	994	1	t	7.49	13.90	85.58	7898080665010	6	\N
63	H2O! 500ML	992	1	t	3.30	6.50	96.97	7892840812423	4	\N
7	RED BULL MORANGO & PÊSSEGO 250ML	1000	1	t	7.00	12.00	71.43	00000	6	\N
6	RED BULL PITAYA 250ML	997	1	t	7.00	12.00	71.43	7892840808174	6	\N
25	MONSTER ULTRA 473ML	1000	1	t	7.39	12.00	62.38	0070847022206	6	\N
34	GROSELHA G'NUTRE 900ML	999	1	t	5.90	9.50	61.02	7897711700014	2	\N
92	CHOCOLATE PRESTIGIO	979	48	t	1.99	3.50	75.88	7891000460207	25	\N
1178	TORCIDA SABOR VINAGRETE	992	1	t	0.00	3.50	0.00	7892840822651	17	\N
27	MONSTER MANGO LOUCO 473ML	1000	1	t	7.39	11.90	61.03	0070847033301	6	\N
80	CHOCOLATE GAROTO MEIO AMARGO	1000	1	t	3.99	7.90	97.99	7891008169218	25	\N
33	AGUA DE COCO lL	999	1	t	5.89	8.90	51.10	751320388827	3	\N
67	REDBULL MORANGO & PÊSSEGO 250ML	990	1	t	7.00	12.00	71.43	9002490258825	6	\N
316	BRAHMA DUPLO MALTE 350ML	891	1	t	0.00	4.50	0.00	7891991294942	5	\N
81	CHOCOLATE HERSHEY'S AIR	999	1	t	3.99	7.00	75.44	7899970400452	25	\N
31	MONSTER ULTRA WATERMELON 473ML	1000	1	t	7.39	11.90	61.03	1220000250000	6	\N
10	BALY TROPICAL 2L	997	1	t	7.49	13.90	85.58	7898080664112	6	\N
89	LACTA SHOT 80G	997	1	t	5.29	9.00	70.13	7622210674395	25	\N
1027	AMENDOIM SEM PELE 70G	1000	1	t	0.00	3.00	0.00	7897115107839	17	\N
1665	DELVALLE MARACUJA 1L	1000	12	t	7.80	10.90	39.74	7898341430074	2	\N
83	CHOCOLATE HERSHEY'S BRANCO	1000	1	t	3.99	7.00	75.44	7899970400032	25	\N
78	CHOCOLATE GAROTO BRANCO	1000	1	t	3.99	7.90	97.99	7891008168860	25	\N
29	MONSTER ABSOLUT ZERO 473ML	1000	1	t	7.39	12.00	62.38	070847022305	6	\N
86	CHOCOLATE HERSHEY'S EXTRA CREMOSO	1000	1	t	3.99	6.50	62.91	7899970400056	25	\N
87	CHOCOLATE HERSHEY'S OVOMALTINE	1000	1	t	3.99	7.90	97.99	7899970402876	25	\N
47	SUCO PONCHITO LARANJA COM ACEROLA 450ML	996	1	t	1.79	3.00	67.60	7897283400251	2	\N
45	DEL VALLE LARANJA 450ML	1000	1	t	2.89	4.90	69.55	7894900556056	2	\N
60	GORDON'S LONDON DRY	1000	3	t	60.00	95.00	58.33	5000289020701	34	\N
64	REDBULL TROPICAL 250ML	954	1	t	7.00	12.00	71.43	9002490229160	6	\N
35	MAGUARY MORANGO 1L	1000	1	t	4.99	8.50	70.34	7896000594198	2	\N
77	CHOCOLATE GAROTO CAJU DO BRASIL	1000	1	t	3.99	7.90	97.99	7891008168877	25	\N
90	CHOCOLATE LACTA 5 STAR	1000	1	t	2.08	3.50	68.27	7622210411501	25	\N
36	SUCO MAGUARY UVA 1l	999	1	t	4.99	8.50	70.34	7896000530325	2	\N
56	ABSOLUT RASPBERRY 750ML	1000	1	t	0.00	135.00	0.00	7312040350063	33	\N
37	SUCO MAGUARY GOIABA 1L	1000	1	t	4.99	8.50	70.34	7896000530264	2	\N
32	GUARAVITON AÇAI 500ML	973	1	t	1.99	4.50	126.13	7896326100219	2	\N
84	HERSHEY'S COOKIES 'N' CHOCOLATE	997	1	t	3.99	7.90	97.99	7899970402852	25	\N
76	CHOCOLATE GAROTO AO LEITE	995	1	t	4.39	8.00	82.23	7891008123975	25	\N
85	HERSHEY'S 40% CACAU	996	1	t	3.99	8.00	100.50	7899970402838	25	\N
51	CIROC REDBERRY 750ML	1000	1	t	0.00	215.00	0.00	088076175051	33	\N
91	SNICKERS 45G	936	1	t	2.50	4.50	80.00	7896423420180	25	\N
46	SUCO PONCHITO FRUTAS CITRICAS 450ML	996	1	t	1.79	3.00	67.60	7897283400213	2	\N
38	SUCO MAGUARY ABACAXI 1L	1000	1	t	4.99	8.50	70.34	7896000593979	2	\N
912	LAMEN GALINHA CAIPIRA PANCO	997	1	t	0.00	3.00	0.00	7891203057525	24	\N
1	HEINEKEN LONGNECK 330ML	840	1	t	5.29	8.50	60.68	78936683	5	\N
1202	BUDWEISER ZERO LONGNECK 330ML	999	1	t	0.00	7.50	0.00	7891991298421	5	\N
3	RED BULL MELANCIA 250ML	969	1	t	7.99	12.00	50.19	7892840822019	6	\N
82	HERSHEY'S AO LEITE	998	1	t	3.99	7.90	97.99	7899970402814	25	\N
62	AGUA TONICA ZERO 350ML	1000	1	t	3.00	4.50	50.00	7891991000888	3	\N
19	AGUA FRESCCA 1,5L	953	1	t	1.79	3.50	95.53	7898386200106	3	\N
48	SUCO PONCHITO MARACUJA 450ML	1000	1	t	1.79	3.00	67.60	7897283400244	2	\N
1688	COMBO RED LABEL	-4	2	f	150.00	180.00	20.00	1688	20	\N
65	REDBULL MELANCIA 250ML	981	1	t	7.00	12.00	71.43	9002490247379	6	\N
1647	AGUA COM GAS FRESCA 500ML	152	16	t	0.99	3.50	253.54	7898386200014	3	\N
57	ABSOLUT VODKA 1L	999	1	t	70.00	129.00	84.29	7312040017034	33	\N
49	COCA COLA 350ML	852	1	t	2.95	5.00	69.49	7894900010015	4	\N
9	BALY ABACAXI COM HORTELÃ 2L	993	1	t	7.49	13.90	85.58	7898080665355	6	\N
20	AGUA BEM LEVE 510ml	932	1	t	1.00	3.00	200.00	7898906467125	3	\N
1679	KIT KAT BRANCO	996	12	t	2.91	4.90	68.38	7891000249239	25	\N
24	MONSTER TRADICIONAL 473ML	990	1	t	7.39	12.00	62.38	070847022015	6	\N
54	ABSOLUT ELYX 750ML	1000	1	t	0.00	215.00	0.00	7312040217519	33	\N
22	AGUA BUONA VITA 5L	1000	1	t	6.59	12.50	89.68	7898641870327	3	\N
118	SALGADINHO LUCKY SABOR CHURRASCO	999	1	t	0.00	0.00	0.00	7896071025201	17	\N
79	CHOCOLATE GAROTO CROCANTE	999	1	t	3.99	7.90	97.99	7891008168839	25	\N
139	CIGARRO WINSTON BLUE	991	1	t	7.00	7.50	7.14	78943360	8	\N
1179	PAPEL HIGIENICO FOLHA DUPLA DAMA 4 ROLOS	1000	1	t	0.00	7.90	0.00	7896076000388	24	\N
1648	TNT ORIGINAL	100	8	t	6.56	10.90	66.16	7897395031626	6	\N
97	TRENTO CHEESECAKE DE MORANGO 32G	998	1	t	1.86	3.00	61.29	7896306621123	25	\N
130	MAÇO DE CIGARRO WINSTON SELECT DOUBLE M	998	1	t	10.50	12.50	19.05	78939974	8	\N
120	SALGADINHO LUCKY SABOR QUEIJO	998	1	t	0.00	0.00	0.00	7896071025225	17	\N
94	TRENTO MORANGO 32G	961	1	t	1.00	3.00	200.00	7896306623158	25	\N
1302	CHESTERFIELD REMIX BEATS	994	1	t	8.00	10.25	28.13	78942660	8	\N
112	WAFER ADRIA SABOR MORANGO	999	1	t	0.00	0.00	0.00	7896085073946	26	\N
129	ISQUEIRO BIC PEQUENO	996	1	t	3.00	6.50	116.67	070330913431	24	\N
132	CIGARRO CAMEL YELLOW	1000	1	t	7.00	10.50	50.00	78938939	8	\N
110	TRAKINAS MEIO A MEIO CHOCOLATE	995	1	t	2.69	4.00	48.70	7622210592668	26	\N
1203	BUDWEISER ZERO LATA 350ML	1000	1	t	0.00	5.50	0.00	7891991298407	5	\N
1210	JURUPINGA LATA 269ML	1000	1	t	0.00	12.50	0.00	7896356600758	16	\N
95	TRENTO DUO 32G	997	1	t	1.00	3.00	200.00	7896306623448	25	\N
17	GATORADE MORANGO & MARACUJÁ	1000	1	t	5.19	7.90	52.22	7892840808174	\N	\N
50	CIROC 750ML	999	1	t	0.00	215.00	0.00	088076161863	33	\N
122	FOFURA CHURRASCO	1000	1	t	2.50	3.90	56.00	7892840820459	17	\N
135	CIGARRO CAMEL DOUBLE MINT & RED	999	1	t	13.75	14.75	7.27	78940239	8	\N
18	GATORADE LIMÃO	997	1	t	5.19	7.90	52.22	7892840808037	\N	\N
1666	SUKITA LARANJA 200ML	1000	16	t	0.90	3.00	233.33	7891149108282	4	\N
1287	TUCS PIZZA	1000	1	t	0.00	3.50	0.00	7896061301865	24	\N
109	BONO DOCE DE LEITE	994	1	t	0.00	4.00	0.00	7891000376928	26	\N
113	WAFER DUCHE SABOR LIMÃO	1000	1	t	0.00	0.00	0.00	7896023600586	26	\N
114	WAFER DUCHEN SABOR CHOCOLATE	1000	1	t	0.00	0.00	0.00	7896023600593	26	\N
115	WAFER DUCHE SABOR MORANGO	1000	1	t	0.00	0.00	0.00	7896023600579	26	\N
116	BOLACHA NEGRESCO SABOR MORANGO	1000	1	t	0.00	0.00	0.00	7891000345801	26	\N
15	GATORADE UVA	995	1	t	5.19	7.90	52.22	7892840808051	19	\N
108	TRIDENT HORTELÃ	991	1	t	1.10	3.50	218.18	7895800304211	28	\N
128	ISQUEIRO BIC GRANDE	998	1	t	6.50	8.00	23.08	070330909229	24	\N
103	MENTOS PURE FRESH VITAMINAS 48G	1000	1	t	0.00	14.00	0.00	7895144297590	28	\N
55	VODKA ABSOLUT CITRON 750ml	1000	1	t	0.00	135.00	0.00	7312040090754	33	\N
111	TRAKINAS CHOCOLATE	999	1	t	2.69	4.00	48.70	7622210592750	26	\N
937	IMPERIO LAGER 473ML	1000	1	t	0.00	6.50	0.00	7898915949681	5	\N
123	TORCIDA SABOR CEBOLA	968	1	t	0.00	3.50	0.00	7892840822576	17	\N
105	TRIDENT MENTA/VERDE	989	1	t	1.10	3.50	218.18	7895800304228	28	\N
100	HALLS MELANCIA	984	1	t	1.60	3.00	87.50	78938854	29	\N
69	REDBULL SUGAR FREE 250ML	1000	1	t	7.00	12.00	71.43	611269101713	6	\N
88	HERSHEY'S COOKIES 'N' CREME	999	1	t	3.99	7.90	97.99	7899970400094	25	\N
136	CIGARRO RED 8  WINSTON	1000	1	t	7.00	9.00	28.57	78939967	8	\N
75	CHOCOLATE AO LEITE LACTA	997	1	t	4.99	7.90	58.32	7622300991456	25	\N
68	REDBULL PITAYA 250ML	999	1	t	7.00	12.00	71.43	9002490250270	6	\N
138	CIGARRO WINSTON SILVER PRATA	989	1	t	7.50	9.00	20.00	78939103	8	\N
16	GATORADE LARANJA	1000	1	t	5.19	7.90	52.22	7892840808020	\N	\N
142	CIGARRO SAMPOERNA CANELA	999	1	t	15.50	16.75	8.06	78939325	8	\N
121	FOFURA PRESUNTO	981	1	t	2.50	3.90	56.00	7892840819095	17	\N
1191	RUFFLES OUTBACK 65G	996	1	t	0.00	11.50	0.00	7892840823559	17	\N
127	AMENDOIM JAPONÊS 145G	999	1	t	6.62	10.90	64.65	7892840814724	17	\N
101	HALLS CEREJA	999	1	t	1.60	3.00	87.50	78938793	29	\N
124	TORCIDA SABOR PIMENTA MEXICANA	985	1	t	0.00	3.50	0.00	7892840822637	17	\N
131	CIGARRO SAMPOERNA SELECT MENTA	1000	1	t	15.50	16.75	8.06	78939332	8	\N
126	AMENDOIM COM PELE FRITO E SALGADO	976	1	t	1.50	3.50	133.33	7897115100175	17	\N
104	FRUIT-TELLA 40G	999	16	t	1.81	3.50	93.37	7896262301022	29	\N
133	CIGARRO CAMEL BLUE	994	1	t	8.00	10.50	31.25	78938922	8	\N
99	LACTA BIS BRANCO 100G	996	1	t	0.00	9.90	0.00	7622210575999	25	\N
102	HALLS PRETO EXTRA FORTE	984	1	t	1.60	3.00	87.50	78938816	29	\N
14	GATORADE BLUE BERRY	989	1	t	5.19	7.90	52.22	7892840822019	\N	\N
119	SALGADINHO LUCKY SABOR PRESUNTO	1000	1	t	0.00	0.00	0.00	7896071025218	17	\N
96	TRENTO TORTA DE LIMÃO 32G	1000	1	t	1.69	3.00	77.51	7896306618291	25	\N
125	TORCIDA SABOR BACON	999	1	t	0.00	3.50	0.00	7892840822552	17	\N
58	SKYY 750ml	1000	1	t	0.00	37.00	0.00	7896010004502	33	\N
59	BURLONE 950ML	1000	1	t	0.00	50.00	0.00	7908611000019	33	\N
74	VINHO SELEÇÃO MIOLO 375ML	1000	1	t	0.00	25.00	0.00	7896756800062	16	\N
98	TRENTO ESPECIAL AVELÃ 32G	998	1	t	0.00	4.50	0.00	7896306623684	25	\N
202	SUCO TANG SABOR LIMÃO	1000	1	t	0.00	2.00	0.00	7622210571540	24	\N
513	BADEN BADEN PESSEGO 350ML	998	1	t	0.00	9.00	0.00	7898230716722	5	\N
195	FINI TUBES SABOR UVA	1000	1	t	0.69	2.00	189.86	7898591455629	23	\N
44	DEL VALLE FRUIT UVA 450ML	992	1	t	2.89	4.90	69.55	7894900550054	2	\N
1689	BHAMA 350 ML	47	0	t	3.90	4.90	25.64	7891991294942	5	\N
1303	LAMEN FRANGO E LIMÃO	998	1	t	0.00	3.00	0.00	7891079012581	24	\N
205	SUCO TANG LARANJA	1000	1	t	0.00	2.00	0.00	7622210571601	24	\N
146	MAÇO DE CIGARRO LUCKY STRIKE CHARGED	1000	1	t	0.00	0.00	0.00	78942059	8	\N
1649	ECOBIER LONGNECK CHOPP 355ML	100	12	t	3.50	6.50	85.71	7896657713027	5	\N
155	CIGARRO MARLBORO VERMELHO	979	1	t	10.00	14.25	42.50	78903418	8	\N
166	REMOVERR	1000	1	t	5.00	10.00	100.00	0	8	\N
147	MAÇO DE CIGARRO KENT	1000	1	t	0.00	0.00	0.00	78943025	8	\N
1695	ALUGUEL NARGUILHE COMPLETO	155	2	t	40.00	60.00	50.00	1695	27	\N
157	CIGARRO CHESTERFIELD LINEA	1000	1	t	10.00	11.25	12.50	78940376	8	\N
188	OURO MINAS BEIJO	999	1	t	0.00	3.00	0.00	7898537841189	23	\N
204	TANG SABOR ABACAXI	1000	1	t	0.00	2.00	0.00	7622300861148	24	\N
1667	SCHWEPPES TONICA 350	999	12	t	2.90	4.50	55.17	7894900360011	4	\N
154	CIGARRO MARLBORO RED SELECTION	999	1	t	0.00	10.00	0.00	78940871	8	\N
152	MARLBORO DOUBLE FUSION	984	1	t	13.00	15.25	17.31	78939837	8	\N
177	CIGARRO SOLTO L.A MENTHOL	999	1	t	0.00	0.00	0.00	0	8	\N
159	MAÇO DE CIGARRO CHESTERFIELD AMARELO	1000	1	t	7.00	8.50	21.43	78942318	8	\N
1288	TUCS QUEIJO	1000	1	t	0.00	3.50	0.00	7896061300189	24	\N
199	LEITE INTEGRAL PIRACANJUBA	980	1	t	0.00	7.50	0.00	7898215151708	31	\N
212	CUP NOODLES CARNE	992	1	t	4.99	7.50	50.30	7891079013052	24	\N
160	MAÇO DE CIGARRO CHESTERFIELD AZUL	1000	1	t	0.00	0.00	0.00	78942332	8	\N
210	SUCO MID DE BAUNILHA COM LIMÃO	999	1	t	0.00	1.50	0.00	7891132082421	24	\N
149	MAÇO DE CIGARRO KENT SILVER	1000	1	t	13.00	13.75	5.77	78942998	8	\N
153	MARLBORO GOLD BOX	989	1	t	10.00	15.25	52.50	78900134	8	\N
165	CIGARRO SOLTO LUCKY STRIKE CHARGED	1000	1	t	0.00	0.00	0.00	0	8	\N
167	CIGARRO SOLTO MARLBORO DOUBLE FUSION	1000	1	t	0.00	0.00	0.00	0	8	\N
168	CIGARRO SOLTO MARLBORO GOLD	1000	1	t	0.00	0.00	0.00	0	8	\N
169	CIGARRO SOLTO MARLBORO PURPLE MIX	1000	1	t	0.00	0.00	0.00	0	8	\N
170	CIGARRO SOLTO CAMEL OPTION	1000	1	t	0.00	0.00	0.00	0	8	\N
171	CIGARRO SOLTO CAMEL COMPACT	1000	1	t	0.00	0.00	0.00	0	8	\N
172	CIGARRO SOLTO MARLBORO ICE BURST	1000	1	t	0.00	0.00	0.00	0	8	\N
173	CIGARRO SOLTO KENT BOOST MENTHOL	1000	1	t	0.00	0.00	0.00	0	8	\N
1697	CATUABA GUARANA  300ML	999	8	t	5.00	8.50	70.00	7896336805210	38	\N
191	OURO MINAS PALHA ITALIANA	999	1	t	0.00	3.00	0.00	7898537840243	23	\N
150	MARLBORO ICE BURST	970	1	t	13.00	14.75	13.46	78900066	8	\N
148	MARLBORO FILTER PLUS	999	1	t	14.00	14.75	5.36	78939202	8	\N
181	MAÇO ROTHMANS CLICK VOLT	1000	1	t	0.00	0.00	0.00	78941915	8	\N
182	CAMEL HAND ROLLING TOBACCO	1000	1	t	0.00	0.00	0.00	78941564	27	\N
183	NATURAL AMERICAN SPIRIT	1000	1	t	0.00	0.00	0.00	78940611	27	\N
189	OURO MINAS BEIJO COM CHOCOLATE	1000	1	t	1.61	3.00	86.34	7898537841240	23	\N
1680	KIT KAT DARK	1000	12	t	2.50	4.50	80.00	7891000248829	25	\N
187	ZOMO NATURAL MARROM	992	1	t	0.00	3.50	0.00	78420274	27	\N
144	CIGARRO L&M BLUE LINE	992	1	t	10.00	12.50	25.00	78931329	8	\N
158	MAÇO DE CIGARRO KENT RED SERIES	999	1	t	10.75	13.75	27.91	78943155	8	\N
190	BELMONTE DOCE DE LEITE	1000	1	t	0.00	0.00	0.00	7898674060351	23	\N
186	BLACK CRETEK VERMELHO	997	1	t	18.00	19.50	8.33	78939929	8	\N
184	CIGARRO L.A MENTHOL	1000	1	t	15.50	17.00	9.68	78941229	8	\N
193	FINI TUBES AZEDINHO REGALIZ	1000	1	t	0.00	0.00	0.00	7898591459498	23	\N
429	CIGARRO DUNHILL (CALTON)	965	1	t	13.75	14.75	7.27	78941076	8	\N
194	FINI TUBES SABOR FRAMBOESA	1000	1	t	0.00	0.00	0.00	7898591459771	23	\N
156	CIGARRO MARLBORO PURPLE MIX	990	1	t	1.00	15.25	1425.00	78937352	8	\N
196	SERENATA DE AMOR	1000	1	t	0.00	0.00	0.00	7891008414127	23	\N
197	PAÇOQUINHA TRADICIONAL	1000	1	t	0.00	0.00	0.00	7896181708612	23	\N
215	CUP NOODLES BOLONHESA	1000	1	t	0.00	7.50	0.00	7891079013120	24	\N
201	TANG SABOR TANGERINA	1000	1	t	0.00	2.00	0.00	7622300862077	24	\N
200	TANG SABOR MARACUJÁ	1000	1	t	0.00	2.00	0.00	7622300861261	24	\N
206	SUCO MARATÁ DE LIMÃO	1000	1	t	0.00	0.00	0.00	7898286200817	24	\N
207	SUCO MARATÁ DE UVA	1000	1	t	0.00	0.00	0.00	7898286200831	24	\N
208	SUCO MARATÁ DE LARANJA	1000	1	t	0.00	0.00	0.00	7898286200824	24	\N
211	SUCO CAMP DE BAUNILHA COM LIMÃO	1000	1	t	0.00	0.00	0.00	7898027658778	24	\N
214	CUP NOODLES YAKISSOBA	1000	1	t	0.00	7.50	0.00	7891079013106	24	\N
192	FINI TUBES AZEDINHO	1000	1	t	0.00	0.00	0.00	7898591454561	23	\N
203	TANG SABOR MORANGO	998	1	t	0.00	2.00	0.00	7622210571724	24	\N
1054	NESCAFE MATINAL 50G	987	1	t	5.00	8.50	70.00	7891000198414	24	\N
1304	ARROZ PARBOLIZADO 1KG	999	1	t	0.00	9.00	0.00	7896011900025	24	\N
225	MOLHO DE TOMATE PREDILECTA	996	1	t	1.62	4.00	146.91	7896292333000	24	\N
218	MACARRÃO PARAFUSO DONA BENTA	998	1	t	3.50	6.00	71.43	7896005286593	24	\N
248	SUKITA LARANJA 2L	994	1	t	0.00	7.50	0.00	7891149440603	4	\N
267	COCA COLA 1L	980	1	t	0.00	8.50	0.00	7894900011715	4	\N
234	PIPOCA KISABOR NATURAL	995	1	t	0.00	5.50	0.00	7898416527104	24	\N
1686	PICOLE MILHO VERDE 55G	997	1	t	2.00	6.00	200.00	7896513912236	18	\N
223	SAL LEBRE 1KG	999	1	t	0.00	3.50	0.00	7896110100043	24	\N
269	FANTA LARANJA 2L	999	1	t	0.00	0.00	0.00	7894900031515	4	\N
1650	ECOBIER LONGNECK LAGER 355ML	100	8	t	3.90	6.50	66.67	7896657764210	5	\N
233	PIPOCA YOKI NATURAL	999	1	t	0.00	0.00	0.00	7891095002207	24	\N
271	COCA-COLA ZERO 2L	998	1	t	0.00	12.00	0.00	7894900701517	4	\N
1318	GUARANÁ LATA ZERO 350ML	999	1	t	0.00	4.00	0.00	7891991000727	4	\N
259	REFRIGERANTE IT SABOR LARANJA 2L	999	1	t	0.00	0.00	0.00	7897395030216	4	\N
263	SUKITA LIMÃO 2L	1000	1	t	4.96	8.50	71.37	7891991297172	4	\N
71	MAGUARY DE LARANJA 1L	1000	1	t	4.99	8.50	70.34	7896000530066	2	\N
228	DETERGENTE YPÊ NEUTRO	998	1	t	0.00	0.00	0.00	7897664130036	24	\N
1576	BALA DE HORTELÃ	919	100	t	0.10	0.25	150.00	1576	29	\N
216	LÁMEN SABOR GALINHA TRADICIONAL	1000	1	t	0.00	0.00	0.00	7891203057518	24	\N
277	REMOVER	1000	1	t	4.00	8.00	100.00	445555566	6	\N
266	COCA-COLA ZERO 1L	997	1	t	0.00	8.50	0.00	7894900701715	4	\N
222	MACARRÃO ADRIA ESPAGUETE 500G	1000	1	t	0.00	0.00	0.00	7896205788033	24	\N
224	BATATA PALHA TRADICIONAL	1000	1	t	0.00	0.00	0.00	7892840814830	24	\N
270	COCA COLA 2L	979	1	t	0.00	13.00	0.00	7894900027013	4	\N
264	SUKITA TUBAÍNA 2L	998	1	t	0.00	7.50	0.00	7891991300810	4	\N
226	GILLETTE PRESTOBARBA CABEÇA FIXA	1000	1	t	0.00	0.00	0.00	7500435154420	24	\N
1193	CHEETOS REQUEIJÃO 105G	997	1	t	6.96	10.90	56.61	7892840823467	17	\N
278	REOVE	1000	1	t	4.00	8.00	100.00	070847022206	6	\N
229	DETERGENTE YPÊ COCO	1000	1	t	0.00	0.00	0.00	7896098900239	24	\N
251	FANTA UVA 600ML	999	1	t	0.00	6.00	0.00	7894900053630	4	\N
231	CREME DE LEIE NESTLÉ	1000	1	t	0.00	0.00	0.00	7891000354537	24	\N
282	VIBE TRADICIONAL 2L	996	1	t	0.00	12.00	0.00	7899914200629	6	\N
246	FANTA UVA 350ML	999	1	t	2.86	4.90	71.33	7894900050011	4	\N
253	SPRITE 600ML	1000	12	t	3.99	7.00	75.44	7894900681246	4	\N
274	SPRITE 2L	998	1	t	8.75	12.00	37.14	7894900681000	4	\N
236	CAIXA DE BOM-BOM GAROTO	997	1	t	11.05	15.90	43.89	7891008116632	25	\N
239	SALGADINHO DORITOS 55G	1000	1	t	0.00	0.00	0.00	7892840253745	17	\N
250	COCA-COLA 600ML	969	1	t	4.29	7.00	63.17	7894900011609	4	\N
227	INTIMUS TRIPLA PROTEÇÃO	998	1	t	0.00	0.00	0.00	7896007540631	24	\N
242	PAPEL TOALHA SNOB 120 TOALHAS	1000	1	t	0.00	0.00	0.00	7896110061221	24	\N
265	SODA LIMONADA  2L	1000	1	t	0.00	8.50	0.00	7891991001359	4	\N
217	LAMEN CARNE PANCO	991	1	t	0.00	2.90	0.00	7891203057501	24	\N
256	SCHWEPPES CITRUS 350ML	999	1	t	2.59	4.50	73.75	7894900180503	4	\N
237	CAIXA DE BOM-BOM LACTA	992	1	t	0.00	15.90	0.00	7622210596413	25	\N
1668	LUCK STRIKE DOUBLE MINT	9999	6	t	10.00	13.00	30.00	78944343	8	\N
230	CREME DE LEITE MOCOCA	998	1	t	0.00	0.00	0.00	7891030003467	24	\N
260	REFRIGERANTE IT SABOR COLA 2L	1000	1	t	0.00	0.00	0.00	7897395030513	4	\N
261	REFRIGERANTE IT  GUARANÁ 2L	1000	1	t	0.00	0.00	0.00	7898377662425	4	\N
268	FANTA UVA 2L	1000	1	t	0.00	0.00	0.00	7894900051513	4	\N
220	ARROZ TIPO BRANCO CAMIL	999	1	t	0.00	8.50	0.00	7896006711117	24	\N
272	FANTA GUARANÁ 2L	1000	1	t	0.00	0.00	0.00	7894900093056	4	\N
258	GUARANÁ ANTARTICA 1L	999	1	t	0.00	0.00	0.00	7891991002561	4	\N
281	VIBE LIMA-LIMÃO  2L	1000	1	t	0.00	12.00	0.00	859569007391	6	\N
284	REDBULL SABOR FRUTAS TROPICAIS 250ML	1000	1	t	0.00	12.00	0.00	9002490229160	6	\N
262	SUKITA UVA 2L	1000	1	t	0.00	7.50	0.00	7891149102808	4	\N
285	REDBULL SABOR AÇAI 250ML	1000	1	t	7.29	12.00	64.61	9002490235192	6	\N
254	GAROTO NEGRESCO	1000	1	t	0.00	8.00	0.00	7891008166330	25	\N
244	SCHWEPPES TONICA 350ML	1000	1	t	2.85	4.50	57.89	7894900300017	4	\N
235	PIPOCA YOKI SEM SAL	1000	1	t	0.00	0.00	0.00	7891095100125	24	\N
241	CHOCOLATE GAROTO CONFETE	1000	1	t	0.00	0.00	0.00	7891008168853	25	\N
247	KUAT GUARANÁ 350ML	1000	1	t	0.00	0.00	0.00	7894900910018	4	\N
221	FEIJÃO CARIOCA KICALDO 1KG	1000	1	t	5.85	9.00	53.85	7896116900029	24	\N
257	SODA LIMONADA 600ML	1000	1	t	0.00	6.00	0.00	7891991002653	4	\N
280	VIBE TROPICAL 2L	1000	1	t	0.00	12.00	0.00	7899914200674	6	\N
275	IT LIMÃO 2L	1000	1	t	0.00	0.00	0.00	7897395030117	4	\N
245	SODA LIMONADA 350ML	1000	1	t	0.00	4.00	0.00	7891991000833	4	\N
1651	ECOBIER MALZEBIER 350ML	100	24	t	3.90	6.50	66.67	7896657716059	5	\N
328	CANTINHO DO VALE 880ML	995	1	t	5.00	7.00	40.00	7896741609960	16	\N
1234	PASSPORT SELECTION	1000	1	t	0.00	70.00	0.00	7891050000101	20	\N
303	IMPERIO LONGNECK LAGER 330ML	973	1	t	0.00	6.50	0.00	7898738660107	5	\N
1326	MATTE LEÃO ORIGINAL 40G	997	1	t	0.00	5.00	0.00	7891098000040	24	\N
1194	CHEETOS LUA 143G	998	1	t	0.00	12.90	0.00	7892840822736	17	\N
1242	BAIANINHA AMENDOIM 900ML	999	1	t	0.00	16.00	0.00	7896092501302	38	\N
1231	JACK DANIEL'S HONEY 375ML	1000	1	t	0.00	80.00	0.00	082184001363	20	\N
1233	BLONDE JOHNNIE WALKER 750ML	1000	1	t	0.00	135.00	0.00	5000267190556	20	\N
1236	CONHAQUE DREHER 900ML	1000	1	t	0.00	25.00	0.00	7896010006360	22	\N
1240	PARATUDO 900ML	1000	1	t	0.00	16.00	0.00	7896685200063	30	\N
305	DRAFT VINHO 600ML	988	1	t	7.90	13.50	70.89	7896494207314	16	\N
252	FANTA LARANKA 600ML	999	1	t	4.00	7.00	75.00	7894900031607	4	\N
300	CORONA LONGNECK  330ML	826	1	t	5.70	9.00	57.89	7891149108718	5	\N
1350	IT! COLA 2L	1000	1	t	0.00	6.50	0.00	7897395030513	4	\N
1145	SEDA ZOMO PRATA	1000	1	t	2.00	3.50	75.00	78418592	27	\N
1221	NUSAKINHO IOUGURTE MORANGO 500ML	999	1	t	0.00	18.00	0.00	000020161261	38	\N
296	EISENBAHN LONGNECK 355ML	998	1	t	4.90	7.90	61.22	7898367980010	5	\N
306	HEINEKEN 269ML	608	1	t	0.00	4.90	0.00	7896045506590	5	\N
329	SANTOME SUAVE 1L	1000	1	t	0.00	22.90	0.00	7896403900015	16	\N
1289	TUCS BACON	1000	1	t	0.00	3.50	0.00	7896061301339	24	\N
304	IMPERIO LONGNECK GOLD  210ML	1000	1	t	0.00	5.00	0.00	7898915949162	5	\N
291	BADEN BADEN WITBIER 350ML	999	1	t	6.22	9.00	44.69	7898230716630	5	\N
1323	CHA LEÃO ERVA-DOCE 16G	999	1	t	0.00	5.00	0.00	7891098001504	24	\N
1186	SUCO TANG ABACAXI	999	1	t	0.00	2.00	0.00	7622210571755	24	\N
821	ASKOV FUN  500ML	1000	1	t	0.00	8.00	0.00	7896092504853	33	\N
1223	ASKOV FUN BLUEBERRY 500ML	1000	1	t	0.00	8.50	0.00	7896092504877	38	\N
1225	ASKOV FUN PESSEGO 500ML	1000	1	t	0.00	9.00	0.00	7896092504907	38	\N
1357	H2O! 1,5L	996	1	t	0.00	10.00	0.00	7892840812416	4	\N
1387	MORANGUETE 9G	1000	1	t	0.39	0.75	92.31	7896066761879	25	\N
1331	SPRITE 350ML	997	1	t	2.86	4.50	57.34	7894900681017	4	\N
1344	GUARANA ANTARTICA 1,5L	995	1	t	3.50	8.90	154.29	7891991008761	4	\N
1246	CABARE OURO 700ML	1000	1	t	0.00	40.00	0.00	7898377661978	30	\N
1181	PAPEL TOALHA ECONOBOM FOLHA DUPLA	1000	1	t	0.00	6.90	0.00	7897844300730	24	\N
1192	CHEETOS LUA 95G	998	1	t	0.00	9.99	0.00	7892840822514	17	\N
1681	LM KRETEK	3	1	t	10.00	13.25	32.50	78932357	8	\N
302	STELLA ARTOIS LONGNECK 330ML	958	1	t	5.29	7.90	49.34	7891991015462	5	\N
1244	CABARE PRATA 700ML	998	1	t	0.00	40.00	0.00	7898377661992	30	\N
290	BADEN BADEN CRISTAL 350ML	1000	12	t	6.22	9.00	44.69	7898230716616	5	\N
294	BADEN BADEN IPA 600ML	1000	1	t	0.00	22.00	0.00	7898230715558	5	\N
293	BADEN BADEN WITBIER 600ML	1000	1	t	0.00	22.00	0.00	7898230715213	5	\N
514	BADEN BADEN CANELA E FRUTAS VERMELHAS 350ML	1000	1	t	6.22	9.00	44.69	7898230716784	5	\N
1217	COCA COLA 200ML	875	1	t	1.69	3.00	77.51	78908901	4	\N
1215	BRAHMA CHOPP 350ML	995	1	t	0.00	5.50	0.00	7891149010509	5	\N
1248	SANTOME TINTO BORDO	1000	1	t	0.00	24.00	0.00	7896403900282	16	\N
929	LATITUDE 33 MALBEC ROSE	1000	1	t	0.00	70.00	0.00	7790975197791	16	\N
1690	DOSE TANQUERAY	3	0	t	25.00	45.00	80.00	5000291023462	34	\N
1669	ESSENCIA ZIGY YOURGUTE	10000	24	t	9.20	17.50	90.22	7908479402109	27	\N
1321	LEITE ITALAC 1L	992	1	t	0.00	7.50	0.00	7898080640611	31	\N
309	SKOL 350ML	9890	100	t	2.79	4.00	43.37	7891149200504	5	\N
635	SORVETE FLOCOS 1,5	1000	1	t	0.00	0.00	0.00	7896513915237	18	\N
1305	FEIJÃO MAXIMO 1KG	1000	1	t	0.00	9.00	0.00	7896401100042	24	\N
1336	DEL VALLE MANGA 350ML	992	1	t	0.00	5.50	0.00	7894900660401	2	\N
466	GELO 1KG	998	1	t	0.00	3.00	0.00	00000	24	\N
1338	DEL VALLE UVA 1L	999	1	t	0.00	9.00	0.00	7898341430098	2	\N
1329	FANTA LARANJA 200ML	1000	1	t	0.00	2.50	0.00	78936478	4	\N
1229	JACK DANIEL'S 1L	999	1	t	0.00	180.00	0.00	082184090442	20	\N
1315	COCA COLA ZERO 600ML	989	1	t	4.29	7.00	63.17	7894900701609	4	\N
295	PURO MALTE 269ML	1000	1	t	0.00	2.50	0.00	7898915949780	5	\N
292	BADEN BADEN IPA 350ML	999	1	t	6.22	9.00	44.69	7898230716654	5	\N
893	CHIVAS 18 ANOS 750ML	1000	1	t	0.00	580.00	0.00	5000299225028	20	\N
1341	SU-FRESH MARACUJÁ 1L	1000	1	t	0.00	7.00	0.00	7898192030065	2	\N
1227	STIKSY	1000	1	t	0.00	12.20	0.00	7892840822613	17	\N
618	CASILLERO DEL DIABLO DELVIS COLLECTION 750ML	1000	1	t	0.00	95.00	0.00	7804320561585	16	\N
669	SUCO ADES MARACUJÁ 1L	1000	1	t	0.00	0.00	0.00	7894900087048	2	\N
697	CERVEJA ENSEBAHN GERMAN PILSNER 355ML	1000	1	t	0.00	0.00	0.00	7898367984469	5	\N
297	EISENBAHN IPA 355ML	998	1	t	5.45	8.90	63.30	7898367983813	5	\N
178	CIGARRO SOLTO NATURAL AMERICAN SPIRIT	1000	1	t	0.00	0.00	0.00	0	8	\N
353	CABARE ICE SABOR TANGERINA 275ML	1000	1	t	6.19	9.99	61.39	7897395001490	38	\N
312	IMPERIO 350ML	9601	500	t	2.59	4.00	54.44	7898915949209	5	\N
1652	ECOBIER PREMIUM 473ML	100	12	t	3.90	6.50	66.67	7896657764289	5	\N
335	NEVADO CARMENERE RESERVA 750ML	1000	1	t	0.00	0.00	0.00	7802150002223	16	\N
1290	TUCS SALAME	999	1	t	0.00	3.50	0.00	7896061301872	24	\N
325	BRAHMA MALZIBIER 350ML	988	1	t	0.00	5.50	0.00	7891149101528	5	\N
946	BATATA PALHA  EXTRA FINA 100G	999	1	t	0.00	10.00	0.00	7898353393008	17	\N
1218	CARVÃO DE EUCALIPTO PG	999	1	t	12.00	18.90	57.50	7896916600044	24	\N
351	51 ICE MARACUJÁ 275ML	999	1	t	6.00	8.50	41.67	7896002110457	38	\N
739	IMPERIO LONGNECK ULTRA  275ML	1000	1	t	0.00	6.50	0.00	7898738660244	5	\N
219	AÇUCAR REFINADO DA BARRA	999	1	t	0.00	0.00	0.00	7896032501010	24	\N
117	PASSATEMPO CHOCOLATE	993	12	t	2.38	3.90	63.87	7891000241356	26	\N
370	SKOL BEATS MINT SABOR MOJITO	1000	1	t	6.00	10.00	66.67	7891991300865	38	\N
326	BRAHMA ZERO ALCOOL 350ML	969	1	t	0.00	5.50	0.00	7891149104932	5	\N
93	BATON AO LEITE 10G	979	1	t	0.93	2.00	115.05	78912359	25	\N
348	51 ICE CITRUS 275ML	997	1	t	5.50	8.50	54.55	7896002111706	38	\N
366	COROTE SÃO BERNADO SABOR LIMÃO	997	1	t	0.00	5.00	0.00	7898307573043	30	\N
340	CALVET VARIETALS 2017 750ML	999	1	t	0.00	96.00	0.00	3159560603286	16	\N
349	51 ICE LIMÃO 275ML	1000	1	t	6.00	8.50	41.67	7896002110419	38	\N
341	VELHO BARREIRO 910ML	996	1	t	12.90	17.00	31.78	7896050200124	30	\N
347	PITU LIMÃO 350ML	1000	1	t	0.00	7.50	0.00	7896607100877	30	\N
369	SKOL BEATS SENSE LATA 269ML	996	1	t	3.50	8.50	142.86	7891149105564	38	\N
321	ÁGUA BUONA VITA 510ML	983	1	t	1.00	3.00	200.00	7898641870228	3	\N
143	CHESTERFIELD REMIX WILD	989	1	t	9.50	10.25	7.89	78938380	8	\N
354	CABARE ICE SABOR FRUTAS AMARELAS 275ML	998	1	t	6.19	9.99	61.39	7897395000479	38	\N
346	SCHWEPPES CITRUS 1,5L	1000	1	t	0.00	10.00	0.00	7894900321753	4	\N
324	SKOL BEATS SENSES 269ML	961	1	t	6.29	12.00	90.78	7891991301138	38	\N
587	NUSAKINHOS ESPANHOLA 500ML	995	1	t	0.00	18.00	0.00	000020161259	38	\N
350	51 ICE FRUIT MIX 275ML	991	1	t	6.00	8.50	41.67	7896002111508	38	\N
358	SMIRNOFF ICE 275ML	952	1	t	6.00	11.90	98.33	7893218003603	38	\N
364	OUSADIA SABOR MORANGO 500ML	999	1	t	4.00	6.90	72.50	7896336809393	38	\N
209	SUCO MID DE MORANGO	1000	1	t	0.00	0.00	0.00	7891132082384	24	\N
323	ÁGUA BUONA VITA 1,5L	994	1	t	2.00	4.50	125.00	7898994420095	3	\N
361	ASKOV VODKA 900ML	999	1	t	0.00	16.00	0.00	7896092502453	33	\N
145	MAÇO DE CIGARRO LUCKY STRIKE CITRIC BLA	1000	1	t	11.75	13.00	10.64	78942844	8	\N
330	BENJAMIN NIETO SENETINER 750ML	1000	1	t	0.00	0.00	0.00	7793440702964	16	\N
331	BENJAMIN NIETO SENETINER SELECT MALBEC 7	1000	1	t	0.00	0.00	0.00	7793440827599	16	\N
332	BENJAMIN NIETO SENETINER MALBEC 750ML	1000	1	t	0.00	0.00	0.00	7793440702940	16	\N
333	CAVANZA MERLOT 2016 750ML	1000	1	t	0.00	0.00	0.00	7804330007080	16	\N
334	CREMASEHI FURLOTTI TUCAPEL RESERVADO 750	1000	1	t	0.00	0.00	0.00	7804342004503	16	\N
336	LE GREQ MERLOT 750ML	1000	1	t	0.00	0.00	0.00	8480017163370	16	\N
337	SANTA HELENA RESERVADO 2017 750ML	1000	1	t	0.00	0.00	0.00	7804300121846	16	\N
338	NEDERBURG PINOTAGE 2017 750ML	1000	1	t	0.00	0.00	0.00	6001108037626	16	\N
365	OUSADIA SABOR MELANCIA 500ML	999	1	t	4.00	6.90	72.50	7896336810450	38	\N
1195	CHEETOS MIX QUEIJOS 131G	998	1	t	0.00	13.90	0.00	7892840822330	17	\N
249	COCA-COLA ZERO 350ML	963	1	t	2.90	5.00	72.41	7894900700015	4	\N
1182	ESPONJA MULTIUSO VIP	1000	1	t	0.00	2.50	0.00	7896314707871	24	\N
313	EISENBAHN PILSEN 269ML	1000	1	t	0.00	4.00	0.00	7898367984285	5	\N
317	BUDWEISER 269ML	833	1	t	2.50	3.90	56.00	7891991011877	5	\N
320	THEREZÓPOLIS GOLD 350ML	998	1	t	0.00	0.00	0.00	7896371000007	5	\N
984	FARDO (15) IMPERIO 269ML	1000	1	t	0.00	45.00	0.00	0000000000	5	\N
314	EISENBAHN PILSEN 350ML	989	16	t	4.00	6.00	50.00	7898367983790	5	\N
134	MAÇO CAMEL DOUBLE MENTA ROXO	988	1	t	13.50	14.75	9.26	78938953	8	\N
342	CACHAÇA 51 965ML	1000	1	t	16.50	16.50	0.00	7896002100014	30	\N
360	SEAGERS 1L	997	1	t	40.00	60.00	50.00	7891121154009	34	\N
367	COROTE MORANGO	1000	1	t	0.00	5.00	0.00	7896547501154	30	\N
362	ASKOV MARACUJÁ 900ML	1000	1	t	0.00	16.00	0.00	7896092503252	33	\N
327	CANTINHO DO VALE 2L	991	1	t	0.00	12.50	0.00	7896741649805	16	\N
368	COROTE DO BARRIL MARACUJA	1000	1	t	0.00	5.00	0.00	7896273100812	30	\N
352	CABARE ICE SABOR LIMÃO 275ML	991	1	t	6.19	9.99	61.39	7898377661848	38	\N
359	SMIRNOFF ORIGINAL 998ML	993	10	t	30.00	49.90	66.33	7893218000473	33	\N
1222	NUSAKINHO ABACAXI COM VINHO BRANCO 500ML	1000	1	t	0.00	18.00	0.00	000020161220	38	\N
339	SANTA CAROLINA RESERVADO CHILE 2018	1000	1	t	0.00	45.00	0.00	7804350596243	16	\N
399	KASKÃO LIMÃO	1000	1	t	3.25	6.00	84.62	7896513912205	18	\N
437	CHOCOLATE NESTLE ALPINO	999	1	t	0.00	0.00	0.00	7891000306758	25	\N
30	MONSTER PIPELINE PUNCH 473ML	1000	1	t	7.39	12.00	62.38	7898938890045	6	\N
395	GELO AMERICANO MELANCIA	998	1	t	0.00	3.00	0.00	7898946674866	24	\N
919	CHEETOS REQUEIJÃO 160G	999	1	t	0.00	14.99	0.00	7892840822323	17	\N
415	FARDO (12) SKOL 350ML	1000	1	t	0.00	42.00	0.00	0000000	5	\N
417	COPO 500ML	1000	1	t	0.00	0.50	0.00	0000000000	24	\N
406	KASCÃO CROSH	997	1	t	0.00	9.00	0.00	7896513912977	18	\N
383	RED RYE FINISH JOHNNIE WALKER  750ML	1000	1	t	129.90	129.90	0.00	5000267164014	20	\N
374	SKOL BEATS 150 BPM	1000	1	t	0.00	6.00	0.00	7891991294584	38	\N
440	MAÇO DE CIGARRO KENT AZUL	999	1	t	11.00	11.75	6.82	78943148	8	\N
1306	MASSA DE LASANHA PETYBON	1000	1	t	0.00	4.50	0.00	7896005271377	24	\N
380	RED LABEL JOHNNIE WALKER 1L	996	1	t	0.00	120.00	0.00	5000267013602	20	\N
403	SORVETE COCO PALITO 55G	995	1	t	4.80	5.75	19.79	7896513912069	18	\N
1653	ECOBIER CHOP 350ML	95	12	t	2.90	4.50	55.17	7896657764593	5	\N
379	GORDON'S LONDON DRY DOCE (ROSA)	1000	1	t	0.00	100.00	0.00	500289929417	34	\N
396	GELO AMERICANO MAÇA VERDE	1000	1	t	0.00	3.00	0.00	7898946674842	24	\N
405	KASCÃO SKIMO	999	1	t	0.00	0.00	0.00	7896513912007	18	\N
382	BALLANTINES FINEST 1L	1000	1	t	0.00	120.00	0.00	5010106111925	20	\N
418	COPO 700ML	997	1	t	0.00	1.00	0.00	0000000000	24	\N
392	NATU NOBILIS BLENDED WHISKY 1L	1000	1	t	0.00	55.00	0.00	7891050000309	20	\N
1219	NUSAKINHO MARACUJA 500ML	1000	1	t	0.00	18.00	0.00	000020161220	38	\N
428	CIGARRO CRETEC MENTHOL	1000	1	t	19.00	21.00	10.53	78939004	8	\N
373	SKOL BEATS GT 269ML	993	1	t	6.29	12.00	90.78	7891991301114	38	\N
411	6 BADEN BADEN WITBIER LATA	1000	1	t	0.00	50.00	0.00	7898230716647	5	\N
397	GELO AMERICANO MORANGO	995	1	t	0.00	3.00	0.00	7898946674804	24	\N
408	FARDO (12) AMSTEL LAGER 269 ML	1000	1	t	0.00	42.00	0.00	7896045506316	5	\N
384	GRANT'S BLENDED SCOTCH WHISKY	1000	1	t	0.00	0.00	0.00	5010327000046	20	\N
1687	GUARANA ANTARTICA ZERO 600ML	999	1	t	2.00	6.00	200.00	7891991002684	4	\N
391	NESCAU 370G	1000	1	t	0.00	0.00	0.00	7891000352175	24	\N
1682	MARLBORO BLOSSOM FUSION	3	1	t	10.00	13.50	35.00	78945432	8	\N
404	KASKAO FRUIT MILK	1000	1	t	3.00	5.00	66.67	7896513912410	18	\N
427	CIGARRO CRETEC CHERRY	1000	10	t	18.50	25.00	35.14	78940765	8	\N
422	MAÇO DE CIGARRO CAMEL DOUBLE	1000	1	t	13.00	14.75	13.46	78939615	8	\N
412	FARDO (15) IMPERIO 350ML	998	1	t	0.00	52.00	0.00	000000000	5	\N
388	WHITE HORSE 1L	998	1	t	0.00	100.00	0.00	5000265001335	20	\N
376	BACARDÍ BIG APPLE 980ML	999	1	t	40.00	65.00	62.50	7891125000067	37	\N
1691	DOSE BEEFEATER TRADICIONAL	5	1	t	30.00	45.00	50.00	5000329002537	34	\N
1291	PIPOCA KISABOR MANTEIGA	998	1	t	0.00	5.50	0.00	7898416527081	24	\N
420	CHOCOLATE LATA AO LEITE CRUNCH 90G NESTL	1000	1	t	0.00	0.00	0.00	7891000277072	25	\N
390	JURUPINGA 975ML	999	1	t	23.90	37.50	56.90	7896356600161	16	\N
424	BATATA RUFFLES CEBOLA E SALSA 57G	1000	1	t	0.00	0.00	0.00	7892840820107	24	\N
426	CIGARRO BOX  KENT BLUE	1000	1	t	0.00	0.00	0.00	78943001	8	\N
315	PETRA PURO MALTE 350ML	196	1	t	0.00	4.00	0.00	7897395099329	5	\N
409	FARDO (12) ITAIPAVA 350ml	1000	1	t	0.00	36.00	0.00	7897395020132	5	\N
398	KASCÃO CROCANTE	996	1	t	0.00	9.50	0.00	7896513921146	18	\N
433	CIGARRO BOX  KENT RED	1000	1	t	0.00	0.00	0.00	78943261	8	\N
439	CAMEL KRETEK	994	1	t	12.00	15.00	25.00	78941106	8	\N
438	LEITE CONDENSADO ITALAC 395G	1000	1	t	0.00	0.00	0.00	7898080640413	24	\N
416	FARDO (6) SMIRNOFF ICE 275ML	1000	1	t	0.00	60.00	0.00	7893218003573	38	\N
441	MAÇO DE CIGARRO LUCKY STRIKE BIG CHILL	1000	1	t	0.00	0.00	0.00	78942080	8	\N
442	MAÇO DE CIGARRO LUCKY STRIKE DOUBLE ICE	1000	1	t	0.00	0.00	0.00	78942066	8	\N
443	MAÇO GUDANG GARAM NACIONAL	987	1	t	23.00	40.00	73.91	78937567	8	\N
431	TRENTO TORTA DE MARACUJA 32G	1000	1	t	0.00	3.00	0.00	7896306619434	25	\N
402	RETIRAR	998	1	t	10.90	14.00	28.44	78965139	18	\N
375	51 ICE BAUNILHA COM LIMÃO 269ML	1000	1	t	0.00	6.00	0.00	7896002111799	38	\N
378	STOCK MORANGO 720ML	1000	1	t	0.00	60.00	0.00	7891121210002	35	\N
377	STOCK ANISETTE 720ML	1000	1	t	0.00	60.00	0.00	7891121201000	35	\N
363	ASKOV FRUTAS VERMELHAS 900ML	999	1	t	0.00	16.00	0.00	7896092503276	33	\N
401	KASCÃO CHOCOLATE MILKAS	999	1	t	0.00	0.00	0.00	7896513912151	18	\N
435	SENSAÇÃO 38G	990	1	t	2.79	5.50	97.13	7891000405000	25	\N
387	BALLANTINES AMERICAN BARREL 750ML	1000	1	t	0.00	85.00	0.00	5000299628096	20	\N
421	CHOCOLATE HERSHEY'S AMENDOIM	998	1	t	0.00	0.00	0.00	7899970402883	25	\N
386	BLACK LABEL JOHNNIE WALKER  1L	1000	1	t	0.00	260.00	0.00	5000267023625	20	\N
385	BUCHANAN'S MASTER	1000	1	t	0.00	230.00	0.00	5000196003774	20	\N
1183	ABSORVENTE SYM COM ABAS	999	1	t	0.00	3.50	0.00	7896110002248	24	\N
1307	MOLHO DE TOMATE TARANTELLA	1000	1	t	0.00	3.00	0.00	7896036099544	24	\N
504	BISCOITO WAFFER PIRAQUE 100G	998	1	t	0.00	0.00	0.00	7896024760654	26	\N
469	ISQUEIRO CRICKET PEQ	997	12	t	2.40	4.50	87.50	7896280835196	27	\N
1654	ECOBIER PILSEN 350ML	96	12	t	2.90	4.50	55.17	7896657712044	5	\N
474	CERVEJA BECK'S 355 ML	1000	1	t	0.00	0.00	0.00	7891991014717	5	\N
478	VIBE MELANCIA  2L	1000	1	t	0.00	12.00	0.00	7899914200667	6	\N
458	MAÇO DE CIGARRO MARLBORO VERMELHO	956	1	t	10.75	12.75	18.60	78922594	8	\N
450	CIGARRO ROTTMANS INTERNATIONAL	992	1	t	10.00	10.75	7.50	78942806	8	\N
486	BATATA RUFFLES  57G	1000	1	t	8.00	10.90	36.25	7892840820121	24	\N
446	CIGARRO ROTTMANS RED	1000	1	t	0.00	0.00	0.00	78942738	8	\N
451	CIGARRO ROTTMANS INTERNATIONAL MELAO	984	1	t	8.25	9.75	18.18	78942813	8	\N
447	CIGARRO ROTTMANS SILVER	1000	1	t	0.00	0.00	0.00	78941045	8	\N
448	CIGARRO ROTTMANS CLICK PURPLE	1000	1	t	0.00	0.00	0.00	78902589	8	\N
449	CIGARRO ROTTMANS CLICK CITRUS	1000	1	t	0.00	0.00	0.00	78941922	8	\N
464	PETTIZ AMENDOIM CROCANTE CEBOLA E SALSA 50G	1000	1	t	0.00	4.00	0.00	7896058599794	17	\N
471	OURO DE MINAS PÉ DE MOÇA 50G	988	1	t	0.00	3.00	0.00	7898537841165	23	\N
455	CIGARRO BOX  KENT SILVER	1000	1	t	0.00	0.00	0.00	78943018	8	\N
505	BISCOITO WAFFER CHOCOLATE PIRAQUE 100G	999	1	t	0.00	0.00	0.00	7896024760647	26	\N
1184	PAEL HIGIENICO FOLHA SIMPLES	1000	1	t	0.00	4.50	0.00	7896053410025	24	\N
457	CIGARRO ROTTMANS INTEL DOUBLE CLICK	1000	1	t	0.00	0.00	0.00	78941090	8	\N
467	GELO IPO 3KG	983	1	t	4.00	8.00	100.00	467	24	\N
461	TODDY 400G	994	1	t	0.00	10.90	0.00	7892840819507	24	\N
483	TORCIDA COSTELINHA C/ LIMÃO	997	1	t	0.00	3.50	0.00	7892840822606	17	\N
456	CIGARRO ROTTMANS VERMELHO ORIGINAL	1000	1	t	0.00	7.00	0.00	78900394	8	\N
472	BRIGADEIRO | OURO DE MINAS	973	1	t	0.00	3.00	0.00	7898537841233	23	\N
477	MENTOS PURE FRESH MORANGO 56G	1000	1	t	0.00	14.00	0.00	7895144295664	28	\N
479	TEQUI LOKA GOLD	1000	1	t	0.00	25.00	0.00	7898620850487	38	\N
491	LACTA OREO  90G	995	1	t	0.00	9.00	0.00	7622210567567	25	\N
436	KIT KAT 46G	980	24	t	2.90	4.90	68.97	7891000248768	25	\N
499	MILHO QUERO 280G	999	1	t	3.00	5.50	83.33	7896102500608	24	\N
454	CIGARRO ROTHMANS GLOBAL AZUL	990	1	t	6.40	7.00	9.38	78919501	8	\N
465	GELO IPO 5KG	978	1	t	9.00	15.00	66.67	00000000	24	\N
462	BATATA PALHA EXTRA FINA YOKI 100G	1000	1	t	0.00	0.00	0.00	7891095031122	24	\N
1670	SESH	9998	24	t	2.83	4.90	73.14	5965843800062	27	\N
507	CATUABA AÇAI 900ML	1000	1	t	0.00	18.50	0.00	7896336810733	38	\N
482	TORCIDA SABOR CHURRASCO	998	1	t	0.00	3.50	0.00	7892840822590	17	\N
481	TORCIDA SABOR PÃO DE ALHO	994	1	t	0.00	3.50	0.00	7892840822620	17	\N
488	CIGARRO DUNHILL RED (ANTIGO FREE)	994	1	t	11.25	13.25	17.78	78943131	8	\N
460	CIGARRO LM VERMELHO FIRSTCUT	996	1	t	0.00	7.00	0.00	78942653	8	\N
509	JUJUBA 32G	997	1	t	0.00	0.00	0.00	7896058506105	28	\N
485	BATATA RUFFLES CHURRASCO 57G	1000	1	t	0.00	0.00	0.00	7892840820114	24	\N
1292	PIPOCA KISABOR BACON	1000	1	t	0.00	5.50	0.00	7898416527074	24	\N
463	AÇUCAR REFINADO CARAVELAS	1000	1	t	0.00	5.50	0.00	7896894900013	24	\N
489	CHOCOLATE LATA LAKA 90G	1000	1	t	0.00	0.00	0.00	7622300991418	25	\N
490	CHOCOLATE LAKA DIAMANTE NEGRO  90G	1000	1	t	0.00	0.00	0.00	7622210961679	25	\N
492	CHOCOLATE DIAMANTE NEGRO  90G	1000	1	t	0.00	0.00	0.00	7622300991500	25	\N
498	BATATA PALHA TRADICIONAL KI SABOR	1000	1	t	0.00	0.00	0.00	7898937864948	24	\N
453	CIGARRO ROTTMANS GLOBAL RED	995	1	t	0.00	6.50	0.00	78919464	8	\N
500	SELETA LEGUMES 280G	1000	1	t	0.00	0.00	0.00	7896102500530	24	\N
501	ATUM GOMES DA COSTA RALADO	1000	1	t	0.00	0.00	0.00	7891167011779	24	\N
502	SARDINHA GOMES DA COSTA 125G	1000	1	t	0.00	0.00	0.00	7891167021013	24	\N
503	PAPEL TOALHA PICCOLA DONNA	1000	1	t	0.00	0.00	0.00	7896076001644	24	\N
506	BISCOITO WAFFER LIMÃO PIRAQUE 100G	1000	1	t	0.00	0.00	0.00	7896024760678	26	\N
508	GRANULADO DORI 120G	1000	1	t	0.00	0.00	0.00	7896058599473	25	\N
444	MAÇO DE CIGARRO MARLBORO GOLD  SELECTION	1000	1	t	9.25	10.50	13.51	78941618	8	\N
511	DORITOS 84G	1000	1	t	0.00	0.00	0.00	7892840815912	17	\N
512	SARDINHA COQUEIRO TOMATE	1000	1	t	0.00	0.00	0.00	7896009301063	24	\N
445	CIGARRO ROTTMANS BLUE	996	1	t	8.50	9.00	5.88	78941014	8	\N
470	LACTA BIS  100G	994	1	t	0.00	9.90	0.00	7622210575975	25	\N
468	HALLS PRATA	1000	1	t	1.60	3.00	87.50	78938878	29	\N
476	MENTOS PURE FRESH 56G	1000	1	t	0.00	14.00	0.00	78922327	28	\N
475	MENTOS PURE FRESH WHITE 56G	1000	1	t	0.00	14.00	0.00	78922334	28	\N
1208	SKOL 550ML	852	1	t	4.00	7.00	75.00	7891149104123	5	\N
494	OUSADIA PEDACINHO DO CÉU 500ML	1000	1	t	4.00	6.90	72.50	7896336810474	38	\N
497	MACARRÃO NINHO ADRIA 500G	1000	1	t	0.00	0.00	0.00	7896205788095	24	\N
452	CIGARRO ROTTMANS INTERNATIONAL DOUBLE	907	1	t	8.25	9.75	18.18	78943087	8	\N
1209	SPATEN 350ML	847	1	t	3.50	5.90	68.57	7891991297424	5	\N
1397	ESPETO DE FRANGO	995	1	t	0.00	10.00	0.00	1397	32	\N
1671	MEL VITAL HONEY	10000	12	t	12.50	22.50	80.00	1671	21	\N
1692	COMBO GORDON´S	3	0	t	110.00	140.00	27.27	1692	34	\N
559	SERRAMALTE 350ML	1000	1	t	4.99	7.90	58.32	7891991014809	5	\N
539	SEDA SADHU SLIM	999	1	t	0.00	0.00	0.00	7908212174669	27	\N
566	PRINGLES ORIGINAL 104G	996	1	t	0.00	16.00	0.00	7896004006277	17	\N
581	CUP NOODLES SABOR LEGUMES	1000	1	t	0.00	7.50	0.00	7891079013090	24	\N
560	DOBER BANANA 900ML	999	1	t	0.00	25.00	0.00	7896711106284	37	\N
576	AMA VITA CHURRASCO  200G	1000	1	t	0.00	0.00	0.00	7898931140857	24	\N
70	REDBULL TRADICIONAL 250ML	966	1	t	6.80	12.00	76.47	611269991000	6	\N
567	CHOCOLATE CHARGE 40G	998	30	t	2.25	3.50	55.56	7891000464908	25	\N
540	TABACO THE OG	1000	1	t	0.00	17.50	0.00	3565847800017	27	\N
532	MAÇO DE CIGARRO MARLBORO SILVER BLUE	1000	1	t	10.00	14.75	47.50	78911116	8	\N
575	CONHAQUE SAO JOÃO DA BARRA	1000	1	t	0.00	25.00	0.00	7896022610005	22	\N
529	CHESTERFIELD REMIX BLOSSOM	995	1	t	8.00	10.25	28.13	78945555	8	\N
1683	MARLBORO DOUBLE BURST	4	1	t	10.00	13.50	35.00	78946668	8	\N
1293	ABSORVENTE C/ ABAS	1000	1	t	0.00	3.50	0.00	7896110002248	24	\N
546	SORVETE ZERO COCO  PALITO 55G	999	1	t	0.00	0.00	0.00	7896513912694	18	\N
526	CHANCELER 1L	999	1	t	0.00	40.00	0.00	7896072911244	20	\N
544	PRINGLES CHURRASCO 104G	997	1	t	0.00	16.00	0.00	7896004006406	17	\N
550	AMENDOIM CROCANTE 50G	998	1	t	0.00	4.00	0.00	7896058593174	17	\N
519	QUEIJO RALADO TEIXEIRA 40G	1000	1	t	0.00	0.00	0.00	7896066801148	24	\N
521	TIP CASE TRUNK	1000	1	t	0.00	0.00	0.00	42042013	27	\N
579	CIGARRO HARMONY	1000	1	t	10.00	12.50	25.00	78941151	8	\N
523	FILTRO 30	1000	1	t	0.00	0.00	0.00	7898712240523	27	\N
524	FILTRO 30 LIMÃO	1000	1	t	0.00	0.00	0.00	7898712240516	27	\N
525	FILTRO 30 MORANGO	1000	1	t	0.00	0.00	0.00	7898712240530	27	\N
527	PASTILHA MORANGO	1000	1	t	0.00	0.00	0.00	78916968	29	\N
528	PASTILHA TUTTI FRUTTI	1000	1	t	0.00	0.00	0.00	78917279	29	\N
522	TESOURA DOBRAVEL	1000	24	t	12.00	21.50	79.17	7891234102171	27	\N
530	CIGARRO BOX L&M FORWARD	1000	1	t	0.00	0.00	0.00	78936560	8	\N
1204	HEINEKEN ZERO 350ML	956	1	t	0.00	7.00	0.00	7896045506910	5	\N
534	LE TIROP DE MONIN	1000	1	t	0.00	0.00	0.00	3052910015107	20	\N
535	LE TIROP DE MONIN LIMÃO SICILIANO	1000	1	t	0.00	0.00	0.00	3052910056209	20	\N
536	LE TIROP DE MONIN CRAMBERRY	1000	1	t	0.00	0.00	0.00	3052910010836	20	\N
537	BISCOITO MAIZENA MARILAN 170G	1000	1	t	0.00	0.00	0.00	7896003738506	26	\N
538	SALGADINHO ASSADO CHEEZ IT ORIGINAL	1000	1	t	0.00	0.00	0.00	7896004007045	17	\N
541	TABACO PALAZZO	1000	1	t	0.00	0.00	0.00	700083378002	27	\N
542	PITEIRA MADEIRA	1000	1	t	0.00	0.00	0.00	769503698939	27	\N
545	SORVETE ZERO CHOCOLATE  PALITO 55G	1000	1	t	0.00	0.00	0.00	7896513912700	18	\N
547	MAÇARICO FASHION LIGHTER	1000	1	t	0.00	0.00	0.00	6925284400398	24	\N
551	WAFER RANCHEIRO	1000	1	t	0.00	0.00	0.00	7896253401540	26	\N
552	BANANINHA 50G	1000	1	t	0.00	0.00	0.00	7898668732189	23	\N
555	QUEIJO RALADO IPANEMA 40G	1000	1	t	0.00	0.00	0.00	7896114101817	24	\N
573	ÇLKKO	1000	1	t	0.00	0.00	0.00	\N	24	\N
556	SABÃO TIXAN  YPÉ 800G	1000	1	t	0.00	0.00	0.00	7896098909744	24	\N
557	DESINFETANTE YPE TURQUESA	1000	1	t	0.00	0.00	0.00	7896098903636	24	\N
558	MOLHO DE ALHO	1000	1	t	0.00	4.00	0.00	7898075643917	24	\N
561	MARGARINA DORIANA 250G	1000	1	t	0.00	0.00	0.00	7894904574780	21	\N
563	LEITE FERMENTADO YAKULT C6	1000	1	t	0.00	0.00	0.00	7891156001040	21	\N
564	LEITE FERMENTADO YAKULT	1000	1	t	0.00	0.00	0.00	78911000	21	\N
565	VINHO CABERNET SAUVIGNON RESERVADO	1000	1	t	0.00	0.00	0.00	7809625207626	16	\N
570	CHOCOLATE DANKE AMENDOAS	1000	1	t	0.00	0.00	0.00	7908336300074	25	\N
571	INTIMUS TRIPLA PROTEÇÃO C/ ABAS	1000	1	t	0.00	0.00	0.00	7896007540617	24	\N
572	ABSORVENTE INTERNO INTIMUS C/8	1000	1	t	0.00	0.00	0.00	7896007541867	24	\N
574	BATATA PALHA TRADICIONAL VITA	1000	1	t	0.00	0.00	0.00	7898931140512	24	\N
569	TRENTO AMENDOIM	1000	1	t	0.00	0.00	0.00	7896306622366	25	\N
577	AMA VITA QUEIJO 200G	1000	1	t	0.00	0.00	0.00	7898931140802	24	\N
578	LEITE INTEGRAL TIROL 1L	1000	1	t	0.00	0.00	0.00	7896256600223	31	\N
580	ESPUMANTE DE PRATA ROSE	1000	1	t	0.00	0.00	0.00	7896097722047	16	\N
582	BATATA PALHA AMA VITA 140G	1000	1	t	0.00	0.00	0.00	7898931140543	24	\N
584	LEITE DE COCO MENINA 200ML	1000	1	t	0.00	0.00	0.00	7896028014494	24	\N
585	LEITE DE COCO MAIS COCO 200ML	1000	1	t	0.00	0.00	0.00	7896004400297	24	\N
568	TRENTO DARK AVELÃ 26G	1000	1	t	0.00	4.50	0.00	7896306624391	25	\N
520	TABACO SESH	1000	1	t	0.00	18.50	0.00	3565847800024	27	\N
413	PACK FECHADO HEINEKEN LATA 269ML	998	1	t	0.00	40.00	0.00	0000000000	5	\N
533	TABACO ACREMA BLEND	1000	6	t	13.50	21.50	59.26	742832158732	27	\N
588	PAO DE FORMA PLUFI NUT	999	1	t	0.00	0.00	0.00	7898904874048	26	\N
605	MINI OREO 36G	995	1	t	0.00	4.50	0.00	7622210933454	26	\N
627	CIGARRO LUCKY FRESH ICE	1000	1	t	11.75	12.50	6.38	78944251	8	\N
603	OVINHOS DE AMENDOIM 145G	1000	1	t	0.00	8.50	0.00	7892840814816	17	\N
642	BEM BOLADO VERDE 1/4	1000	1	t	0.00	4.00	0.00	742832800129	27	\N
617	BLACK PRINCESS 355ML	1000	1	t	0.00	0.00	0.00	7897395000769	5	\N
644	BEM BOLADO LARANJA 1/4	1000	1	t	0.00	4.00	0.00	040232780967	27	\N
610	NEGRESCO	1000	1	t	0.00	4.00	0.00	7891000376768	26	\N
597	WAFER BAUDUCCO MORANGO 140G	998	1	t	0.00	5.50	0.00	7891962037004	26	\N
624	CHOCOLATE ALPINO 280ML	993	1	t	5.00	8.50	70.00	7891000067048	2	\N
645	MAÇARICO SUMMER	999	1	t	0.00	0.00	0.00	6925284488310	24	\N
639	AMSTEL LONGNECK 355ML	999	1	t	0.00	7.00	0.00	7896045507054	5	\N
1294	ESPONJA VIP	1000	1	t	0.00	2.50	0.00	7896314707871	24	\N
656	CHOCOLATE LEITE MOÇA 38G	975	24	t	3.66	5.90	61.20	7891000405703	25	\N
594	BOLINHO ANA MARIA CHOCOLATE 70G	998	1	t	3.00	4.95	65.00	7896002362436	26	\N
586	QUEIJO RALADO VIGOR 50G	1000	1	t	0.00	0.00	0.00	7891999970053	24	\N
1308	MACARRÃO ESPAGUETE 500G	1000	1	t	0.00	6.00	0.00	7896005286579	24	\N
646	PIPOCA DOCE MAGITLEC 200G	999	1	t	0.00	0.00	0.00	7896045318360	24	\N
590	BATATA PALHA CEBOLA & SALSA	1000	1	t	0.00	0.00	0.00	7898931140376	24	\N
591	BATAT FRITA AMA ORIGINAL 45G	1000	1	t	0.00	0.00	0.00	7898931140437	24	\N
1197	CORONA EXTRA LATA 350ML	996	1	t	6.00	7.50	25.00	7891991295055	5	\N
593	BOLINHO ANA MARIA GOTAS DE CHOCOLATE70G	1000	1	t	0.00	0.00	0.00	7896002363259	26	\N
625	NESTON 200ML	990	1	t	4.00	8.50	112.50	7891000090732	24	\N
595	EXTRATO DE TOMATE FUGINI	1000	1	t	0.00	0.00	0.00	7897517206338	24	\N
598	BOLACHA PASSATEMPO LEITE	1000	1	t	0.00	0.00	0.00	7891000051436	26	\N
611	ARROZ BRANCO SABOROSO 1KG	999	1	t	5.00	8.90	78.00	7896584300352	24	\N
599	SALGADINHO LOBITOS CHURRASCO	1000	1	t	0.00	0.00	0.00	7896499901941	17	\N
600	SALGADINHO LOBITOS QUEIJO 70G	1000	1	t	0.00	0.00	0.00	7896499903068	17	\N
602	COOKIE ORIGINAL 100G	1000	1	t	0.00	7.00	0.00	7891962054100	26	\N
592	BOLINHO ANA MARIA BAUNILHA 70G	999	6	t	2.99	5.00	67.22	7896002362412	26	\N
606	VINHO MON ROSÉ DE PROVENCE 2020	1000	1	t	0.00	0.00	0.00	3760081421596	16	\N
607	SARDINHA PESCADOR	1000	1	t	0.00	0.00	0.00	7896114901738	24	\N
608	SUPER BOND	1000	1	t	0.00	0.00	0.00	7891200017324	24	\N
609	PITEIRA BROWN 35 UN	1000	1	t	0.00	0.00	0.00	798190052991	27	\N
604	PILHA ALCALINA AAA C/2	1000	1	t	0.00	0.00	0.00	7896007974375	24	\N
612	FEIJÃO CARIOCA MAXIMO 1KG	1000	1	t	0.00	0.00	0.00	7896401100042	24	\N
613	FERMENTO DONA BENTA 100G	1000	1	t	0.00	0.00	0.00	7896005279489	24	\N
614	GIN INVICTUS 900ML	1000	1	t	0.00	0.00	0.00	618341194540	33	\N
615	GIN INVICTUS TROPICAL 900ML	1000	1	t	0.00	0.00	0.00	618341194564	33	\N
616	GIN INVICTUS MELANCIA 900ML	1000	1	t	0.00	0.00	0.00	619205480038	33	\N
619	TALENTO AMENDOAS E PASSAS	1000	1	t	0.00	0.00	0.00	7891008121827	25	\N
620	TALENTO MORANGO 85G	1000	1	t	0.00	0.00	0.00	7891008121872	25	\N
621	TALENTO DOCE DE LEITE 85G	1000	1	t	0.00	0.00	0.00	7891008121629	25	\N
622	TALENTO CASTANHA DE CAJU 85G	1000	1	t	0.00	0.00	0.00	7891008122213	25	\N
623	COOKIES NESTLE 120G	1000	1	t	0.00	0.00	0.00	7891000381663	25	\N
626	CIGARRO LUCKY FRESH WILD	999	1	t	11.25	13.50	20.00	78944329	8	\N
1205	BRAHMA DUPLO MALTE 269ML	940	1	t	2.30	3.90	69.57	7891991295277	5	\N
657	CARIBE 28G	999	30	t	1.98	3.50	76.77	7891008121193	25	\N
631	ATUM COQUEIRO RALADO	1000	1	t	0.00	0.00	0.00	7896009301124	24	\N
632	ATUM COQUEIRO RALADO EM OLEO	1000	1	t	0.00	0.00	0.00	7896009301131	24	\N
633	SARDINHA COQUEIRO	1000	1	t	0.00	0.00	0.00	7896009301049	24	\N
634	KASCÃO TREK	1000	1	t	0.00	0.00	0.00	7896513912755	18	\N
1185	SUCO TANG UVA	995	1	t	0.00	2.00	0.00	7622210571786	24	\N
637	SORVETE CREME 1,5	1000	1	t	0.00	0.00	0.00	7896513915244	18	\N
638	AÇAI 1,3KG	1000	1	t	0.00	0.00	0.00	7896513909014	18	\N
643	BEM BOLADO BROWN 1/4	1000	1	t	0.00	0.00	0.00	742832800143	27	\N
647	TWIX TRIPLO CHOCOLATE	1000	1	t	0.00	0.00	0.00	7896423405491	25	\N
648	TORRADA BAUDUCCO NATURAL 142G	1000	1	t	0.00	0.00	0.00	7891962053189	26	\N
649	CHOCOLATE GALAK	1000	1	t	0.00	0.00	0.00	7891000368626	25	\N
650	CHOCOLATE CRUNCH	1000	1	t	0.00	0.00	0.00	7891000369371	25	\N
651	AMENDOIM APIMENTADO COM LIMÃO	1000	1	t	0.00	0.00	0.00	7897115103916	23	\N
652	AMENDOIM SABOR ALHO	1000	1	t	0.00	0.00	0.00	7897115107785	23	\N
653	BISCOITO COOKIE NEGRESCO 60G	1000	1	t	0.00	0.00	0.00	7891000247624	25	\N
654	BISCOITO COOKIE ALPINO 60G	1000	1	t	0.00	0.00	0.00	7891000350119	25	\N
655	BISCOITO COOKIE GALAK  60G	1000	1	t	0.00	0.00	0.00	7891000350072	25	\N
641	BEM BOLADO LARANJA	1000	1	t	0.00	4.00	0.00	7898924491324	27	\N
601	COOKIE TRADICIONAL BAUDUCCO 60G	1000	1	t	0.00	7.00	0.00	7891962054810	26	\N
640	BEM BOLADO VERDE	998	1	t	0.00	4.00	0.00	742832250535	27	\N
1237	DOMECQ 1L	999	1	t	0.00	45.00	0.00	7896080001401	22	\N
685	SABONETE YPÉ  85G	997	1	t	1.15	2.50	117.39	7896098902226	24	\N
696	HEINEKEN LONGNECK 250ML	999	1	t	0.00	6.50	0.00	78935495	5	\N
673	CHÁ MATE LEÃO ZERO 450 ML	998	1	t	0.00	0.00	0.00	7891098041074	4	\N
691	EeMOVER	1000	1	t	0.00	0.00	0.00	7896004400358	2	\N
276	ITUBAÍNA LONGNECK 355ML	985	1	t	0.00	5.00	0.00	7896052603497	4	\N
1409	CHOKITO 32G	989	1	t	0.00	3.50	0.00	7891000462300	25	\N
718	PITEIRA BLAC BROWN	999	1	t	0.00	0.00	0.00	769503698991	24	\N
1401	PORÇÃO MARISCO P	990	1	t	12.00	30.00	150.00	1401	40	\N
711	BATATA RUFFLES CEBOLA E SALSA 76G	999	1	t	0.00	12.00	0.00	7892840818180	17	\N
712	BATATA RUFFLES CHURRASCO 76G	999	1	t	7.76	12.50	61.08	7892840818210	17	\N
704	ESPUMANTE LIDER SEM ALCOOL	999	1	t	0.00	0.00	0.00	7898280620505	16	\N
672	CHÁ MATE LEÃO 1,5L PESSEGO	994	1	t	0.00	0.00	0.00	7891098040602	4	\N
667	GUARANA ANTARTICA 1L	996	1	t	3.65	7.00	91.78	7891991015868	4	\N
715	CHEETOS REQUEIJÃO 45G	998	1	t	0.00	5.00	0.00	7892840821197	17	\N
717	ESSENCIA SMYRNA	999	1	t	12.00	23.50	95.83	8682084505750	27	\N
719	PITEIRA BLAC WHITE	1000	1	t	0.00	6.00	0.00	769503698960	27	\N
728	KING BLUNT MELANCIA	1000	1	t	0.00	9.99	0.00	7898960207057	27	\N
725	KING BLUNT CHOCOLATE	1000	1	t	0.00	9.99	0.00	7898960207019	27	\N
658	TABACO PARA CACHIMBO VIRGINIA	1000	1	t	0.00	22.00	0.00	7898163220198	27	\N
714	DORITOS 210G	1000	1	t	0.00	20.00	0.00	7892840817916	17	\N
688	LEITE INTEGRAL JUSSARA 1L	996	1	t	0.00	6.00	0.00	7896283800801	31	\N
664	BEEFEATER 750ML	997	1	t	81.51	135.00	65.62	5000329002537	34	\N
702	AMSTEL 350ML	548	1	t	3.00	4.90	63.33	7896045506934	5	\N
659	CHARUTOS CAFE BRASIL C/5	1000	1	t	0.00	0.00	0.00	7898901932109	27	\N
1251	PIPOCA DOCE	1000	1	t	0.00	4.00	0.00	7896045320660	24	\N
661	SALTON SERIES DEMI SEC	1000	1	t	0.00	0.00	0.00	7896023012358	16	\N
662	SALTON SERIES BRUT	1000	1	t	0.00	0.00	0.00	7896023012334	16	\N
663	SALTON SERIES MOSCATEL	1000	1	t	0.00	0.00	0.00	7896023013911	16	\N
668	CIROC	1000	1	t	0.00	0.00	0.00	088076161863	20	\N
670	SUCO ADES MORANGO 200ML	1000	1	t	0.00	0.00	0.00	7894900087093	2	\N
671	SUCO ADES MAÇA 200ML	1000	1	t	0.00	0.00	0.00	7894900087079	2	\N
674	ICE TEA LIMÃO ZERO 450 ML	1000	1	t	0.00	0.00	0.00	7891098041913	4	\N
701	REDBULL ENERGY FIGO E MAÇA 250ML	1000	1	t	7.00	12.00	71.43	9002490266356	6	\N
677	MUPY UVA  1L	1000	1	t	0.00	0.00	0.00	7896293806206	2	\N
678	SUCO MUPY MORANGO 1L	1000	1	t	0.00	0.00	0.00	7896293806176	2	\N
679	SUCO MUPY  1L	1000	1	t	0.00	0.00	0.00	7896293806183	2	\N
680	KITANO MAIS SABOR 60G ARROZ	1000	1	t	0.00	0.00	0.00	7891095159529	24	\N
681	KITANO MAIS SABOR 60G	1000	1	t	0.00	0.00	0.00	7898416520006	24	\N
1403	CIGARRO SOLTO CARLTON	1000	1	t	0.00	1.00	0.00	1403	\N	\N
686	CREME DENTAL CLOSEUP RED	1000	1	t	0.00	0.00	0.00	7891037744356	24	\N
687	CREME DENTAL ICE CLEAN	1000	1	t	0.00	0.00	0.00	7896425511350	24	\N
695	ESPUMANTE LIDER	1000	1	t	0.00	0.00	0.00	7898280620215	16	\N
689	DEL VALLE FRUIT CITRICAS	1000	1	t	0.00	0.00	0.00	7894900666526	2	\N
699	SAN MARTINI MOSCATEL	1000	1	t	0.00	0.00	0.00	7896267774074	16	\N
700	LIDER MAÇA	1000	1	t	0.00	0.00	0.00	7898280820215	16	\N
703	ESPUMANTE LIDER MORANGO	1000	1	t	0.00	0.00	0.00	7898280620147	16	\N
705	ESPUMANTE LIDER PESSEGO	1000	1	t	0.00	0.00	0.00	7898280620130	16	\N
706	ALFAJOR KIT KAT	1000	1	t	0.00	0.00	0.00	7898972960278	26	\N
707	SUCO PONCHITO LIMÃO  450ML	1000	1	t	0.00	0.00	0.00	7897283400282	2	\N
709	TNT MANGO 269ML	1000	1	t	5.10	8.00	56.86	7897395001650	6	\N
682	SKOL BEATS TROPICAL GARRAFA 269ML	1000	1	t	6.29	12.00	90.78	7891991306188	38	\N
716	KINDER OVO 40G	1000	1	t	0.00	0.00	0.00	7898024395867	25	\N
720	PRESERVATIVO PRUDENCE	1000	1	t	0.00	0.00	0.00	7898079003021	24	\N
721	PRESERVATIVO PRUDENCE UVA	1000	1	t	0.00	0.00	0.00	7898079000327	24	\N
722	PRESERVATIVO PRUDENCE CHICLETE	1000	1	t	0.00	0.00	0.00	7898079001355	24	\N
723	PRESERVATIVO OLLA	1000	1	t	0.00	0.00	0.00	7896222718334	24	\N
724	PRESERVATIVO OLLA MORANGO	1000	1	t	0.00	0.00	0.00	7896222716453	24	\N
726	KING BLUNT UVA	1000	1	t	0.00	0.00	0.00	7898960207026	27	\N
727	KING BLUNT VANILLA	1000	1	t	0.00	0.00	0.00	7898960207033	27	\N
730	KING BLUNT MORANGO	1000	1	t	0.00	0.00	0.00	7898960207040	27	\N
731	KING BLUNT MEL	1000	1	t	0.00	0.00	0.00	7898960207439	27	\N
684	MAQUINA PARA ENROLAR	1000	1	t	0.00	0.00	0.00	609963918829	27	\N
729	KING BLUNT MAÇA VERDE	999	1	t	0.00	9.99	0.00	7898960207446	27	\N
690	MUPY LARANJA 1L	1000	1	t	0.00	0.00	0.00	7896293808194	2	\N
660	CHIVAS REGAL  12 ANOS 1L	1000	1	t	0.00	190.00	0.00	080432400432	20	\N
665	WHITE HORSE 700ML	1000	1	t	0.00	75.00	0.00	5000265101943	20	\N
510	ALHO PICADO	999	1	t	0.00	5.00	0.00	7898913066564	24	\N
693	VINHO 3 MEDALHAS SANTA RITA MERLOT	1000	1	t	0.00	0.00	0.00	7804330006731	16	\N
736	CIGARRO DUNHILL EVOQUE	998	1	t	14.75	15.75	6.78	78946088	8	\N
1309	MACARRÃO PENNE 500G	996	1	t	0.00	5.50	0.00	7896005281710	24	\N
735	DUNHILL ICE BOOST	998	1	t	11.75	13.25	12.77	78944367	8	\N
752	DEL VALLE 100% UVA 1L	1000	1	t	0.00	7.50	0.00	7894900611014	2	\N
800	DEL VALLE PESSEGO 1L	1000	1	t	7.00	10.00	42.86	7898341430036	2	\N
1198	ORIGINAL GARRAFA 300ML	827	1	t	3.50	5.50	57.14	7891991009584	5	\N
775	ESSENCIA ZIGGY WATERMELON BOMB 50G	1000	24	t	9.20	17.50	90.22	7898927097820	27	\N
799	DEL VALLE SABOR CAJU 1L	1000	1	t	0.00	9.00	0.00	7898341430081	2	\N
757	AGUA CRYSTAL 5L	1000	1	t	8.50	12.90	51.76	7894900530056	3	\N
797	DEL VALLE SABOR LARANJA 1L	1000	1	t	0.00	9.00	0.00	7898341430111	2	\N
758	AGUA CRYSTAL COM GAS 1,5L	998	1	t	0.00	4.00	0.00	7894900531015	3	\N
698	MAIONESE HELLMANNS 250G	1000	1	t	0.00	5.00	0.00	7894000050027	24	\N
784	VODKA PINNACLE 1L	1000	1	t	0.00	120.00	0.00	080686929413	33	\N
786	OLD PARR 12 YEARS	998	1	t	0.00	190.00	0.00	5000281004020	20	\N
733	CIGARRO LUCK STRIKE AZUL PATTERSON	993	5	t	6.00	7.00	16.67	78946439	8	\N
732	CIGARRO DUNHILL SILVER	998	1	t	11.75	13.25	12.77	78944398	8	\N
768	BISCOITO AGUA E SAL ADRIA 170G	999	1	t	0.00	0.00	0.00	7896085087240	26	\N
766	WYBOROWA 750ML	1000	1	t	0.00	90.00	0.00	7891050002730	33	\N
487	BATATA CHIPS 30G	955	1	t	2.00	5.00	150.00	7896903500036	24	\N
798	DEL VALLE SABOR MANGA 1L	998	1	t	0.00	9.00	0.00	7894900660357	2	\N
788	TALENTO CASTANHA DO PARA 25G	997	1000	f	3.00	3.00	0.00	78907478	25	\N
771	TABACO VIRGINIA MARAJÓ PETY 25G	1000	1	t	0.00	9.90	0.00	609963330591	27	\N
549	BRAHMA DUPLO MALTE  BLACK 350ML	1000	1	t	0.00	5.50	0.00	7891991303880	5	\N
759	AGUA CRYSTAL 500ML	994	1	t	2.00	3.00	50.00	7894900530001	3	\N
787	CIGARRO  DUNHILL OM ICE TROPIC	1000	5	t	12.00	13.25	10.42	78944374	8	\N
781	PEREZ CRUZ CARMENERE	1000	1	t	0.00	100.00	0.00	7808770200025	16	\N
746	MARTINI 750ML	1000	1	t	0.00	50.00	0.00	7891125000074	22	\N
737	CIGARRO DUNHILL EVOQUE EFFECT	1000	1	t	12.75	15.25	19.61	78940925	8	\N
777	CHARUTOS TALVIS	999	50	t	3.61	6.50	80.06	7898911411151	27	\N
738	CIGARRO DUNHILL EVOQUE DOUBLE	1000	1	t	13.75	14.25	3.64	78944381	8	\N
754	RUFFLES ORIGINAL 76G	998	1	t	7.76	12.00	54.64	7892840818203	17	\N
791	TALENTO AMENOAS E PASSAS	1000	1	t	2.90	2.90	0.00	78907492	25	\N
740	TIJUCA 355ML	1000	1	t	0.00	0.00	0.00	7896388010679	5	\N
741	ESPUMANTE VERMOUNTE  AUREA 750ML	1000	1	t	0.00	0.00	0.00	7898994730507	16	\N
742	ESPUMANTE SERIES MOSCATEL ROSE	1000	1	t	0.00	0.00	0.00	7896023015731	16	\N
743	ESPUMANTE MIORANZA MOSCATEL 750ML	1000	1	t	0.00	0.00	0.00	7896589103163	16	\N
744	LILLET ROSE 750ML	1000	1	t	0.00	0.00	0.00	3057230000277	16	\N
747	BACARDÍ BIG APPLE LIMON 980ML	1000	1	t	0.00	0.00	0.00	891125000050	33	\N
748	GROSELHA CERESER 1L	1000	1	t	0.00	0.00	0.00	7896072911800	2	\N
749	SUCO DE UVA INTEGRAL ALIANÇA 1L	1000	1	t	0.00	0.00	0.00	7896100503090	2	\N
750	SAQUE SENSHI 720ML	1000	1	t	0.00	0.00	0.00	7898339115709	33	\N
751	CHANDON 750ML	1000	1	t	0.00	0.00	0.00	7891083611152	16	\N
745	BEEFEATER LEMON & GINGER750ML	1000	1	t	0.00	160.00	0.00	5000299634189	34	\N
763	ROYAL SALUTE 700ML	1000	1	t	0.00	0.00	0.00	5000299211243	20	\N
765	BELVEDERE VODKA 700ML	1000	1	t	0.00	0.00	0.00	5901041003911	33	\N
769	BISCOITO SALPET 100G	1000	1	t	0.00	0.00	0.00	7896058256406	26	\N
770	NESCAU INST. 370G	1000	1	t	0.00	0.00	0.00	7891000379691	24	\N
772	TABACO VIRGINIA BAUNILHA	1000	1	t	0.00	0.00	0.00	7898994709848	27	\N
773	PALHEIROS TERRA TOMBADA C/10	1000	1	t	0.00	0.00	0.00	7898957589524	27	\N
782	COLINA TINTO SECO 750ML	1000	1	t	0.00	15.00	0.00	7896100500815	16	\N
780	LATITUD 33 SYRAH	1000	1	t	0.00	60.00	0.00	7790975017822	16	\N
762	DORITOS PIMENTA MEXICANA 60G	1000	1	t	0.00	8.00	0.00	7892840823481	17	\N
783	VINHO RESERVADO CATANIA	1000	1	t	0.00	0.00	0.00	7896589103255	16	\N
785	KETEL ONE	1000	1	t	0.00	0.00	0.00	085156875009	33	\N
794	COOKIE CHOCOLATE BAUDUCCO 60G	999	1	t	0.00	7.00	0.00	7891962054476	26	\N
789	TALENTO MEIO AMERGO AMENDOAS 25G	1000	1	t	0.00	0.00	0.00	78907355	25	\N
790	TALENTO CEREAIS E PASSAS  25G	1000	1	t	0.00	0.00	0.00	78907485	25	\N
792	PITÚ 470ML	1000	1	t	0.00	0.00	0.00	7896607100303	30	\N
793	BAUDUCCO BISCUIT 36G	1000	1	t	0.00	0.00	0.00	7891962060361	26	\N
795	VODKA ETERNITY 900ML	1000	1	t	0.00	0.00	0.00	7898422670207	33	\N
796	MACARRÃO DONA BENTA LINGUINE 500G	1000	1	t	0.00	0.00	0.00	7896005275399	24	\N
778	FILTRO PALHA	1000	1	t	0.00	9.50	0.00	798190162089	27	\N
734	CIGARRO LUCKY FRESH MINT X	1000	1	t	11.75	12.50	6.38	78944305	8	\N
675	JACK DANIEL'S FIRE 1L	1000	1	t	0.00	200.00	0.00	7898945131346	20	\N
764	LEBLON 750ML	1000	1	t	0.00	150.00	0.00	7898924668016	30	\N
755	BEEFEATER LONDON STRAWBERRY 750ML	1000	1	t	109.00	179.00	64.22	5000299605950	34	\N
863	TORTUGUITA AO LEITE BAUNILHA	994	1	t	0.00	2.00	0.00	7898142865044	25	\N
873	SEDA CELULOSE ALEDA SLIM	999	1	t	0.00	4.00	0.00	7898634871003	27	\N
198	OLEO DE SOJA SOYA	1000	1	t	0.00	9.50	0.00	7891107101621	24	\N
868	ADES UVA 1L	999	1	t	0.00	0.00	0.00	7894900087123	2	\N
842	OVINHOS AMENDOIM 65G	983	1	t	3.39	5.50	62.24	7892840818258	17	\N
856	CUP NOODLES COSTELA	1000	1	t	0.00	7.50	0.00	7891079013083	24	\N
1310	FILTRO DE CAFE (30 UNIDADES)	1000	1	t	0.00	6.00	0.00	7891021002127	24	\N
860	BATATA LAYS CLASSICA 70G	997	1	t	7.77	12.00	54.44	7892840823375	17	\N
164	CIGARRO SOLTO	698	1	t	0.00	1.00	0.00	0	8	\N
1655	FRUTHOS AÇAI 200ML	999	1	t	10.00	15.90	59.00	7896513909175	18	\N
849	TIC TAC MIX DE FRUTAS	1000	1	t	2.00	3.50	75.00	78945463	29	\N
801	DEL VALLE LARANJA 1L	999	1	t	5.00	9.00	80.00	7894900556063	2	\N
864	KETCHUP QUERO	991	1	t	0.00	6.50	0.00	7896102502787	24	\N
1206	SKOL 269ML	986	1	t	0.00	3.25	0.00	7891149103102	5	\N
802	TALENTO AVELAS 25G	995	1	t	2.90	2.90	0.00	78907461	25	\N
827	ISQUEIRO BIC GRANDE REACE	1000	1	t	0.00	14.90	0.00	3086123646278	24	\N
823	ASKOV MELANCIA 500ML	1000	1	t	0.00	8.00	0.00	7896092505492	33	\N
829	ENERGY NUSAKINHO MAÇA VERDE	1000	1	t	0.00	10.00	0.00	7898221856260	6	\N
830	ENERGY NUSAKINHO TRADICIONAL 2L	1000	1	t	0.00	10.00	0.00	7898221856253	6	\N
844	MILKA STRAWBERRY 100G	1000	1	t	0.00	15.00	0.00	7622300498429	25	\N
820	MAKERS MARK 750ML	1000	1	t	0.00	250.00	0.00	085246139431	20	\N
809	NUTELLA  B-READY FERRERO 22G	985	1	t	0.00	5.50	0.00	7898024397915	25	\N
803	LICOR DE WISKY E APPLE	1000	1	t	0.00	0.00	0.00	7896711105751	33	\N
804	FARINHA DE MANDIOCA KISABOR  500G	1000	1	t	0.00	0.00	0.00	7898416521089	24	\N
855	PAO DE FORMA VISCONTI	995	1	t	0.00	9.50	0.00	7891962051338	24	\N
826	SNICKERS MORANGO	994	1	t	2.50	4.50	80.00	7896423445985	25	\N
810	BANANINHA CREMOSA 30G	1000	1	t	0.00	0.00	0.00	7898058980633	25	\N
813	TALENTO AVELAS  85G	1000	1	t	0.00	0.00	0.00	7891008121728	25	\N
814	TALENTO CASTANHA DO PARA 85G	1000	1	t	0.00	0.00	0.00	7891008121773	25	\N
815	TALENTO MEIO AMARGO AMENDOAS 85G	1000	1	t	0.00	0.00	0.00	7891008121575	25	\N
816	ESPONJA MULTIUSO BOM BRIL	1000	1	t	0.00	0.00	0.00	7891022100938	24	\N
817	COCO RALADO INDIANO 50G	1000	1	t	0.00	0.00	0.00	7898910048044	24	\N
824	NISSIN YAKISSOBA CARNE	997	1	t	0.00	0.00	0.00	7891079013847	24	\N
831	FILTRO THE OG 130UNID	1000	1	t	0.00	0.00	0.00	3565847800048	24	\N
832	TESOURA	1000	1	t	0.00	0.00	0.00	6225480185885	27	\N
1672	SMOOKING SUPREME	9996	50	t	3.90	7.50	92.31	8414775022778	27	\N
806	TRAKINAS MORANGO	998	1	t	2.69	4.00	48.70	7622210592781	26	\N
833	CHARUTO CHOCOLATE	1000	10	t	13.14	22.50	71.23	070235103951	27	\N
838	MICHELOB ULTRA 350ML	1000	1	t	0.00	0.00	0.00	7891991302029	5	\N
841	SALGADINHO CHEETOS 41G	1000	1	t	0.00	0.00	0.00	7892840818562	17	\N
843	CHOCOLATE ALPINE MILK 90G	1000	1	t	0.00	0.00	0.00	7622210369444	25	\N
837	HEINKEN LATA 473ML	998	1	t	0.00	0.00	0.00	7896045506248	5	\N
846	CHOCOLATE MILK 100G	1000	1	t	0.00	0.00	0.00	3045140105502	25	\N
847	CERVEJA PURO MALTE 330ML	1000	1	t	0.00	0.00	0.00	7898953990324	5	\N
848	FERRERO ROCHER 55G	1000	1	t	0.00	0.00	0.00	7898024397861	25	\N
866	SEDA SADHU MORNING ROLL	1000	12	t	3.50	7.00	100.00	7898712240868	27	\N
852	KINDER OVO MENINO 40G	1000	1	t	0.00	0.00	0.00	7898024395416	25	\N
853	CHOCOLATE ALGODÃO DOCE 10G	1000	1	t	0.00	0.00	0.00	7891000388709	25	\N
854	LEITE CONDENSADO CAMPOS DO JORDÃO 395G	1000	1	t	0.00	0.00	0.00	7897076021403	24	\N
857	ARROZ BRANCO URBANO 1KG	1000	1	t	0.00	0.00	0.00	7896038321056	24	\N
858	QUEIJO RALADO GRAN MESTRI	1000	1	t	0.00	0.00	0.00	7898670300185	24	\N
861	TORTUGUITA BRIGADEIRO	1000	1	t	0.00	0.00	0.00	7898142865082	26	\N
862	TORTUGUITA AO LEITE BRANCO	1000	1	t	0.00	0.00	0.00	7898142865068	26	\N
865	SEDA SADHU NIGHT ROLL	1000	1	t	0.00	0.00	0.00	7898712240806	27	\N
834	ESSENCIA ZIGGY BANANA TROPICAL 50G	1000	1	t	9.99	17.50	75.18	7898965792060	27	\N
869	SUCO ADES ABACAXI 1L	1000	1	t	0.00	0.00	0.00	7894900087000	2	\N
870	SUCO ADES MAÇA1L	1000	1	t	0.00	0.00	0.00	7894900087062	2	\N
872	FARDO (12) AMSTEL 350ML	1000	1	t	0.00	48.00	0.00	0000000000	5	\N
835	ESSENCIA ZIGGY FRESH MELON50G	1000	24	t	9.20	17.50	90.22	7908479402185	27	\N
811	BATON CREME 10G	1000	1	t	0.00	2.00	0.00	78930230	25	\N
807	TRENTO BRANCO 32G	1000	1	t	1.20	3.00	150.00	7896306616389	25	\N
850	TIC TAC LARANJA 16G	1000	1	t	2.00	3.50	75.00	78945456	29	\N
836	XEQUE MATE 350ML	1000	1	t	6.99	12.00	71.67	798190225388	37	\N
851	TIC TAC MENTA 16G	998	1	t	2.00	3.50	75.00	78945449	29	\N
1693	REMOVE	2	2	t	0.50	50.00	9900.00	02000000000	\N	\N
819	JIM BEAM BOURBON 1L	1000	1	t	0.00	140.00	0.00	080686027638	20	\N
805	CREAM CRACKER TRIUNFO 170G	1000	1	t	0.00	5.00	0.00	7896058258738	24	\N
825	NISSIN YAKISSOBA LEGUMES	999	1	t	0.00	0.00	0.00	7891079013861	24	\N
906	PAPEL HIGIENICO FOLHA DUPLA	999	1	t	0.00	0.00	0.00	7897844300723	24	\N
1295	AZEITE ANDORINHA	1000	1	t	0.00	42.00	0.00	5601216120152	24	\N
924	ALTOS PRATA MALBEC 750ML	1000	1	t	0.00	0.00	0.00	7790975017013	16	\N
938	VIBE PESSEGO E MORANGO 2L	1000	1	t	0.00	12.00	0.00	7899914200452	6	\N
880	SEDA SADHU SLIM LONGA BROWN	1000	1	t	0.00	4.50	0.00	7898712241537	27	\N
932	VINHO TRIVENTO ARGEBTINA 2020	999	1	t	0.00	0.00	0.00	7798039599192	16	\N
876	SEDA SLIM ALFAFA	995	50	t	2.00	3.50	75.00	7842559000697	27	\N
859	BATATA LAYS SOUR CREAM	990	1	t	7.77	12.00	54.44	7892840823399	24	\N
548	BRAHMA DUPLO MALTE TOSTADA 350ML	1000	1	t	0.00	5.50	0.00	7891991305518	5	\N
905	FEIJÃO CAMIL  1KG	999	1	t	0.00	10.90	0.00	7896006744115	24	\N
896	WAFER BAUDUCCO AVELA 140G	1000	1	t	0.00	5.50	0.00	7891962036991	26	\N
882	PITEIRA SESH 70PITEIRAS	996	1	t	3.00	5.90	96.67	3565847800369	27	\N
1673	TRITURADOR CUBO	1000	1	t	50.00	74.50	49.00	4952332325992	27	\N
874	SEDA SADHU NIGHT	999	1	t	0.00	4.00	0.00	7898712241735	27	\N
885	SORVETE MORANGO COM LEITE CONDENSADO	995	1	t	5.00	10.50	110.00	7896513940048	18	\N
884	FOLHA DE ALUMINIO C / 50 PCT (UNIDADE 1,00)	1000	1	t	0.00	29.90	0.00	558242663359	27	\N
915	AGUA CRYSTAL 1L	1000	1	t	0.00	3.00	0.00	7894900530025	3	\N
927	VINHO CASILLERO DEL DIABLO PEDRO JIMENEZ	1000	1	t	0.00	65.00	0.00	7804320750354	16	\N
892	HOWLER HEAD 750ML	1000	1	t	0.00	160.00	0.00	850003347653	20	\N
939	VIBE MAÇA VERDE 2L	1000	1	t	0.00	12.00	0.00	7899914200537	6	\N
894	PASSPORT HONEY 670ML	1000	1	t	0.00	75.00	0.00	7891050003652	20	\N
923	DIABLO BLACK CARBENET SUAVIGNON	1000	10	t	47.88	79.50	66.04	7804320750552	16	\N
1314	GUARANA 600ML	999	1	t	3.00	6.00	100.00	7891991002646	4	\N
922	TERRAZAS CABERNET SUAVIGNON 750ML	1000	1	t	0.00	130.00	0.00	7790975001494	16	\N
877	SEDA PAPELITO	1000	1	t	0.00	0.00	0.00	7898950283054	27	\N
1187	CARTELA DE OVOS KATAYAMA 20UN	1000	1	t	0.00	18.00	0.00	7898194600082	24	\N
879	SEDA SADHU SLIM LONGA	1000	1	t	0.00	0.00	0.00	7898712241513	27	\N
881	MAQUINA PARA ENROLAR PEQUENA	1000	1	t	0.00	0.00	0.00	069963918829	27	\N
1212	51 ICE KIWI 269ML	1000	1	t	5.00	8.50	70.00	7896002110983	38	\N
875	SEDA BLACK	1000	1	t	0.00	0.00	0.00	7898712241124	27	\N
918	BRAHMA DUPLO MALTE TRIGO 350ML	999	1	t	0.00	5.50	0.00	7891991305150	5	\N
886	SORVETE BRIGADEIRO 150G	1000	1	t	0.00	0.00	0.00	7896513940178	18	\N
887	SORVETE ALEGRIA MILHO VERDE 150G	1000	1	t	0.00	0.00	0.00	7896513940239	18	\N
888	FRUTHOS AÇAI LEITE EM PO 170G	1000	1	t	0.00	0.00	0.00	7896513909113	18	\N
890	BUCHANAN'S SPECIAL RESERVE 18 ANOS	1000	1	t	0.00	0.00	0.00	50196913	20	\N
930	CHANDON PINOT NOIR	1000	1	t	120.00	160.00	33.33	7891083611978	22	\N
898	FARINHA DE MANDIOCA GROSSA  500G	1000	1	t	0.00	0.00	0.00	7896064101417	24	\N
901	TORTUGUITA AO LEITE NAPOLITANO	1000	1	t	0.00	0.00	0.00	7898142865129	26	\N
902	VINHO ROSÉ PISCINE	1000	1	t	0.00	0.00	0.00	3280111580005	16	\N
904	SARDINHA 88  COM OLEO	1000	1	t	0.00	0.00	0.00	7891167023017	24	\N
1311	NESCAU 200G	997	1	t	0.00	7.00	0.00	7891000379585	24	\N
907	CIF MULTIUSO	1000	1	t	0.00	0.00	0.00	7891150071742	24	\N
908	FOSFORO	1000	1	t	0.00	0.00	0.00	7896100900011	27	\N
1238	APEROL 750ML	999	1	t	0.00	65.00	0.00	7891136057012	22	\N
911	LAMEN SABOR CARNE NISSIN	987	1	t	4.00	4.00	0.00	7891079000205	24	\N
913	FARINHA DE TRIFO PRIMOR 1KG	1000	1	t	0.00	0.00	0.00	7891080147807	24	\N
925	CALEO PRIMITIVO	1000	1	t	0.00	95.00	0.00	8008863004014	16	\N
914	BANANINHA CREMOSA S ACUCAR 30G	1000	1	t	0.00	0.00	0.00	7898947980027	25	\N
916	SUCO ADES LARANJA 200ML	1000	1	t	0.00	0.00	0.00	7894900087055	2	\N
921	WAFER BAUDUCCO CHOCOLATE 140G	991	1	t	0.00	5.50	0.00	7891962036984	26	\N
920	CAFE CABOCLO 250G	1000	1	t	0.00	0.00	0.00	7896089011203	31	\N
897	SALGADINHO FANDANGOS SABOR PRESUNTO 80G	1000	1	t	0.00	0.00	0.00	7892840816346	17	\N
926	RESERVA CASILLERO DEL DIABLO SHIRAZ	1000	1	t	0.00	80.00	0.00	7804320510170	16	\N
1269	PITU 350ML	991	1	t	0.00	7.50	0.00	7896607100044	30	\N
299	BUDWEISER LONGNECK 330ML	969	1	t	6.00	7.90	31.67	7891991014762	5	\N
933	VINHO SANTA COLINA TANNAT 750ML	1000	1	t	0.00	0.00	0.00	7896100501584	16	\N
934	VINHO SANTA COLINA MERLOT 750ML	1000	1	t	0.00	0.00	0.00	7896100501539	16	\N
936	VINHO BOLA 375 ML	1000	1	t	0.00	0.00	0.00	8008960136748	16	\N
940	BATATA PALHA TRADICIONAL KARIS	1000	1	t	0.00	0.00	0.00	7898078970027	24	\N
942	BISCOITO WAFER MARILAN CHOCOLATE 115G	1000	1	t	0.00	0.00	0.00	7896003700657	26	\N
943	BISCOITO WAFER MARILAN LIMÃO115G	1000	1	t	0.00	0.00	0.00	896003703399	26	\N
944	ABSORVENTE DEFINITY S/ABAS	1000	1	t	0.00	0.00	0.00	7896064445207	24	\N
899	EISENBAHN SESSION IPA 350ML	1000	1	t	0.00	8.00	0.00	7898367984391	5	\N
371	SKOL BEATS MINT SABOR GIN & TÔNICA	1000	1	t	0.00	8.00	0.00	7891149840878	38	\N
883	PITEIRA THE OG	999	24	t	0.00	4.00	0.00	3565847800079	27	\N
891	JIM BEAM APPLE 1L	1000	1	t	0.00	130.00	0.00	080686043782	20	\N
931	MARQUES CASA CONCHA ROSE 2019	1000	1	t	0.00	175.00	0.00	7804320746166	16	\N
966	LACTA AO LEITE 80G	990	1	t	0.00	9.00	0.00	7622210673831	25	\N
980	H2O! PITAYA 500ML	1000	1	t	0.00	6.50	0.00	7892840821999	4	\N
976	SORVETE MORANGO 1,5L	999	1	t	20.00	29.90	49.50	7896513915169	18	\N
987	TESOURA XZ	1000	1	t	0.00	0.00	0.00	6932335107113	27	\N
1005	BATATA RUFFES CHURRASCO 115G	999	1	t	0.00	17.50	0.00	7892840818142	17	\N
1015	CHEETOS 75G	990	1	t	5.38	8.00	48.70	7892840816636	17	\N
710	PRINGLES CHEDDAR E BACON 104G	1000	1	t	0.00	16.00	0.00	7896004008998	17	\N
1009	LEITE CONDESADO PAULISTA 395G	1000	1	t	0.00	7.90	0.00	7896294901863	24	\N
1656	PACOCA QUADRADA	1	1	t	0.45	1.00	122.22	789111802604	23	\N
1296	VINAGRE DE ALCOOL VITALIA	1000	1	t	0.00	3.50	0.00	7896048284631	24	\N
1004	TIC TAC MENTA CITRUS MIX	1000	1	t	2.00	4.00	100.00	78946033	29	\N
956	TABACO TABEAR 25G	1000	1	t	0.00	18.90	0.00	798190132754	27	\N
1001	SPRITE 200ML	1000	1	t	0.00	2.50	0.00	78939745	4	\N
969	MOSTARDA QUERO 200G	1000	1	t	0.00	5.50	0.00	7896102509144	24	\N
995	BATATA LAYS CLASSICA 115G	995	1	t	0.00	15.00	0.00	7892840823405	24	\N
947	BATATA PALHA  80G	1000	1	t	0.00	8.00	0.00	7898353390250	17	\N
962	STIKSY 30G	1000	1	t	0.00	3.50	0.00	7892840822538	17	\N
961	BATATA LAYS VINEGER  70G	1000	1	t	7.77	12.00	54.44	7892840823382	17	\N
959	BATATA RUFFLES ORIGINAL 68G	1000	1	t	0.00	10.90	0.00	7892840823054	17	\N
945	TIC TAC MENTA FRESH	1000	1	t	0.00	0.00	0.00	78945494	29	\N
948	SALGADINHO ASSADO CHEEZ IT CHEDDAR	1000	1	t	0.00	0.00	0.00	7896004007021	17	\N
950	SALGADO	1000	1	t	0.00	0.00	0.00		17	\N
951	PIPOCA KISABOR QUEIJO	1000	1	t	0.00	0.00	0.00	7898416527128	24	\N
952	MACARRÃO PETYBON C/OVOS 500G	1000	1	t	0.00	0.00	0.00	7897721410071	24	\N
953	MACARRÃO PETYBON ESPAGUETTI 500G	1000	1	t	0.00	0.00	0.00	7897721410002	24	\N
954	MOLHO DE TOMATE BONARE 300G	1000	1	t	0.00	0.00	0.00	7899659901096	24	\N
955	COQUETEL ALCOOLICO FRUTAS VERMELHAS	1000	1	t	0.00	0.00	0.00	7896273100829	33	\N
957	SORVETE PINTA LÍNGUA 58G	1000	1	t	0.00	0.00	0.00	7896513912779	18	\N
996	STIKSY 76G	997	1	t	3.90	6.90	76.92	7892840822583	17	\N
963	BISCOITO WAFFWER CHOCOLATE140G	1000	1	t	0.00	0.00	0.00	7891203057075	26	\N
965	AGUA SANITARIA OLIMPO 1L	1000	1	t	0.00	0.00	0.00	7896013100461	24	\N
960	DORITOS 76G	997	1	t	7.80	12.00	53.85	7892840822347	17	\N
1003	KINDER OVO MENINA 20G	997	1	t	7.49	12.50	66.89	78940840	25	\N
971	MULTIUSO YPÊ	1000	1	t	0.00	0.00	0.00	7896098900802	24	\N
972	DESINFETANTE YPÊ	1000	1	t	0.00	0.00	0.00	7896098906972	24	\N
973	SORVETE PISTACHE 1,5L	1000	1	t	0.00	0.00	0.00	7896513915299	18	\N
974	SORVETE PASSAS RUM 1,5L	1000	1	t	0.00	0.00	0.00	7896513915251	18	\N
975	SORVETE ABACAXI  1,5L	1000	1	t	0.00	0.00	0.00	7896513915343	18	\N
992	CEBOLITOS 91G	997	1	t	7.80	12.00	53.85	7892840822804	17	\N
977	LEITE INTEGRAL ITAMBÉ 400G	1000	1	t	0.00	0.00	0.00	7896294901689	31	\N
978	LEITE INTEGRAL PARMALAT 1L	1000	1	t	0.00	0.00	0.00	7896034610017	31	\N
979	TORTUGUITA AO LEITE AERADO	1000	1	t	0.00	0.00	0.00	7898142865037	26	\N
982	VINHO CHARDONNAY CHILLAN	1000	1	t	0.00	0.00	0.00	7808765762606	16	\N
983	VINHO RESERVA CARBENET SUAVIGNON CHILLAN	1000	1	t	0.00	0.00	0.00	7808765762613	16	\N
993	BACONZITOS 86G	991	1	t	0.00	12.99	0.00	7892840822774	17	\N
1014	VINHO CHALISE 750ML	999	1	t	0.00	0.00	0.00	7896023081538	16	\N
988	ESSENCIA ZIGGY RED LEMONADE  50G	1000	24	t	9.20	17.50	90.22	7908479401911	27	\N
990	DORITOS 32G	1000	1	t	0.00	0.00	0.00	7892840822385	17	\N
991	BACONZITOS 42G	1000	1	t	0.00	0.00	0.00	7892840822798	17	\N
1012	LAMEN SABOR GALINHA NISSIN	997	1	t	0.00	0.00	0.00	7891079000212	24	\N
964	SABÃO MINUANO  800G	997	1	t	0.00	10.90	0.00	7908324403268	24	\N
998	BATATA RUFFLES CHURRASCO 68G	1000	1	t	0.00	0.00	0.00	7892840823047	24	\N
981	CABERNET SAUVIGNON CHILLAN	1000	1	t	0.00	40.00	0.00	7808765762590	16	\N
989	ESSENCIA ZIGGY MAÇA VERDE 50G	1000	24	t	9.20	17.50	90.22	7908479402192	27	\N
1200	SPATEN LONGNECK 355ML	972	1	t	0.00	7.50	0.00	7891991297479	5	\N
1011	VINHO COUNTRY WINE 750ML	1000	1	t	0.00	0.00	0.00	7891141011986	16	\N
1684	MARMITA GERALDO	998	1	t	1.00	15.00	1400.00	1684	21	\N
994	BATATA LAYS SOUR CREAM 115G	999	1	t	0.00	15.00	0.00	7892840823412	17	\N
1016	LEITE INTEGRAL QUATA 1L	1000	1	t	0.00	0.00	0.00	7896183202187	31	\N
1017	PAPEL HIGIENICO FAMILIAR SIMPLES	1000	1	t	0.00	0.00	0.00	7908782500059	24	\N
968	MOSTARDA PREDILETA 200G	1000	1	t	0.00	5.00	0.00	7896292300477	24	\N
999	LEITE MOÇA MINI 65G	1000	1	t	0.00	5.00	0.00	7891000340431	23	\N
970	M&M CRISPY	1000	1	t	0.00	5.50	0.00	7896423401066	25	\N
985	FILTRO THE OG	1000	1	t	0.00	8.50	0.00	3565847800055	27	\N
997	RUFFLES CEBOLA & SALSA 33 G	1000	1	t	0.00	5.00	0.00	7892840822958	17	\N
1007	BATATA RUFFES CEBOLA E SALSA 115G	1000	1	t	0.00	17.50	0.00	7892840818159	17	\N
1013	JACK DANIEL'S SINGLE BARREL 750ML	1000	1	t	0.00	350.00	0.00	082184087008	20	\N
1271	MONTILLA 1L	1000	1	t	0.00	50.00	0.00	7891050004208	37	\N
1297	OLEO MARIA	1000	1	t	0.00	8.50	0.00	7896036096437	24	\N
1021	ALFAJOR NUTELLA 40G	1000	1	t	0.00	0.00	0.00	7898972960247	26	\N
1077	SNICKERS DARK 42G	998	20	t	2.90	4.90	68.97	7896423481853	25	\N
1040	CHEETOS LUA 40G	1000	1	t	0.00	5.00	0.00	7892840821173	17	\N
1068	KIT KAT CARAMELO 35G	1000	1	t	0.00	4.50	0.00	7891000349724	25	\N
1072	BATON MORNAGO 10G	1000	1	t	0.00	2.00	0.00	78936911	25	\N
1038	LAYS SOUR CREAM 35G	999	12	t	3.82	5.50	43.98	7892840822767	24	\N
1052	CANELINHA DA ROCHA 1L	999	1	t	0.00	19.00	0.00	7896685200223	30	\N
1086	HALLS AZUL  MENTOL	997	1	t	1.60	3.00	87.50	78938823	29	\N
1061	LACTA BRANCO OREO	1000	1	t	0.00	9.00	0.00	7622210674357	25	\N
1033	DORITOS 37G	1000	1	t	0.00	5.00	0.00	7892840822408	17	\N
1059	LACTA SONHO DE VALSA	987	1	t	0.00	9.00	0.00	7622210528186	25	\N
1188	PRINGLES SABOR QUEIJO  104G	999	1	t	0.00	16.00	0.00	7896004006284	17	\N
903	M&M AMENDOIM 45G	997	1	t	3.27	5.50	68.20	7896423469820	25	\N
1042	PINGO DE OURO BACON 30G	1000	6	t	1.52	3.50	130.26	7892840822828	17	\N
1057	CEBOLITOS 138G	1000	1	t	0.00	16.50	0.00	7892840822941	17	\N
1657	MAROMBA MAÇA VERDE 1L	1000	6	t	10.00	22.50	125.00	7898694892932	22	\N
1018	ALFAJOR OVOMALTINE 40G	1000	1	t	0.00	0.00	0.00	7898972960681	26	\N
1019	ALFAJOR GALAK 40G	1000	1	t	0.00	0.00	0.00	7898972960018	26	\N
1083	TRIDENT X SENSES INTENSE	1000	21	t	0.00	3.50	0.00	7622210564290	28	\N
1025	PINGO DE OURO 76G	1000	10	t	3.90	6.50	66.67	7892840823078	24	\N
1024	BATATA RUFFES  ORIGINAL 32G	1000	1	t	0.00	0.00	0.00	7892840822996	24	\N
1070	MORANGUETE 25G	998	24	t	0.95	2.00	110.53	7896066766560	25	\N
1026	OVINHO DE AMENDOIM BARBECUE 50G	1000	1	t	0.00	0.00	0.00	7892840820084	24	\N
1028	AMENDOIM JAPONES 40G	1000	1	t	0.00	0.00	0.00	7892840815745	24	\N
1067	KIT KAT COOKIE & CREAM 35G	995	1	t	0.00	4.50	0.00	7891000349779	25	\N
1031	CHEETOS CRUNHY 78G	999	1	t	0.00	7.00	0.00	7892840821982	17	\N
1029	CHEETOS BOLA 37G	1000	6	t	2.68	4.00	49.25	7892840821203	24	\N
1055	BATATA PALHA  FINA ELMA CHIPS 100	1000	1	t	8.53	13.90	62.95	7892840820398	24	\N
1043	CHOCOLATE HERSHEIS  BOLO TENTAÇÃO 77G	1000	1	t	0.00	0.00	0.00	7899970403101	25	\N
1044	REDBULL ENERGY DRINK 355ML	1000	1	t	0.00	0.00	0.00	9002490209346	6	\N
1045	TWIX 15G	1000	1	t	0.00	0.00	0.00	7896423424140	25	\N
1046	FOLHA DE  ALUMINIO 7,5	1000	1	t	0.00	0.00	0.00	7898921466318	24	\N
1047	FOLHA DE ALUMINIO 4M	1000	1	t	0.00	0.00	0.00	7898921466271	24	\N
1048	BOLINHO ANA MARIA NAPOLITANO42G	1000	1	t	0.00	0.00	0.00	7896002368230	26	\N
1049	BOLINHO ANA MARIA CHOCOLATE 42G	1000	1	t	0.00	0.00	0.00	7896002362054	26	\N
1050	PAPEL HIGIENICO FAMILIAR FOLHA DUPLA	1000	1	t	0.00	0.00	0.00	7908782500011	24	\N
1051	GUARDANAPO COQUETEL	1000	1	t	0.00	0.00	0.00	7896301800028	24	\N
1053	MELNUTRE 1,230G	1000	1	t	0.00	0.00	0.00	7897711700472	30	\N
1076	SNICKERS MARACUJA	1000	1	t	2.75	4.50	63.64	7896423456561	25	\N
1056	OVINHO DE AMENDOIM BARBECUE 130G	1000	1	t	0.00	0.00	0.00	7892840820091	24	\N
1066	BIS XTRA BLACK	994	1	t	0.00	4.50	0.00	7622210566409	25	\N
845	CHOCOLATE OREO MILKA 100G	1000	1	t	0.00	15.00	0.00	7622210262202	25	\N
1058	LACTA OURO BRANCO	997	1	t	0.00	9.00	0.00	7622210528216	25	\N
1032	CHEETOS MIX CHEDDAR 41G	999	1	t	2.68	4.00	49.25	7892840821180	17	\N
1063	BIS OREO 100G	1000	1	t	0.00	0.00	0.00	7622300989316	25	\N
1080	TRENTO TRUFA DE CHOCOLATE 23G	998	1	t	0.00	3.00	0.00	7896306624964	25	\N
432	TRENTO AVELÃ 32G	1000	1	t	1.68	3.00	78.57	7896306612831	25	\N
1073	BATON EXTRA MILK 10G	999	1	t	0.00	2.00	0.00	78939363	25	\N
1207	SKOL BEATS TROPICAL LATA 269ML	1000	1	t	3.50	8.50	142.86	7891991306164	38	\N
1071	STIKADINHO 70G	1000	1	t	0.00	4.50	0.00	7891330012725	25	\N
1084	TRIDENT MORANGO	999	1	t	1.10	3.50	218.18	7895800201503	28	\N
1074	STIKADINHO 12G	975	1	t	0.55	1.00	81.82	78929340	25	\N
1060	LACTA BRANCO 80G	999	1	t	0.00	9.00	0.00	7622210674319	25	\N
1079	TRENTO SPECIAL BRANCO AVELÃ	1000	1	t	0.00	4.50	0.00	7896306623660	25	\N
1034	DORITOS SWEET CHILI 75G	999	1	t	0.00	12.00	0.00	7892840822361	17	\N
1065	BIS XTRA OREO	995	1	t	0.00	4.50	0.00	7622300988517	25	\N
1041	SALGADINHO FANDANGOS SABOR PRESUNTO 105G	992	6	t	6.96	10.90	56.61	7892840822880	17	\N
1075	NUTELLA 140G	995	1	t	0.00	13.00	0.00	7898024395232	23	\N
1030	CHEETOS QUEIJO SUIÇO 41G	1000	1	t	0.00	5.00	0.00	7892840821203	17	\N
1022	BATATA RUFFES CHURRASCO 32G	1000	1	t	4.50	4.50	0.00	7892840823009	24	\N
1674	TESOURA DOBRAVEL COLORIDA	10000	10	t	12.00	18.50	54.17	1674	27	\N
967	LACTA DIAMANTE NEGRO 80G	998	1	t	0.00	9.00	0.00	7622210674050	25	\N
1037	LAYS 35G	1000	1	t	3.00	5.50	83.33	7892840822750	24	\N
1069	MORANGUETE 13G	993	1	t	0.00	1.00	0.00	7896066729091	25	\N
1213	COROTE DUELO MELANCIA 500ML	1000	1	t	0.00	5.00	0.00	7896514703178	30	\N
1036	DORITOS PIZZA 140G	1000	1	t	0.00	17.50	0.00	7892840820077	17	\N
1020	OREO WANDINHA  90G	998	1	t	0.00	4.50	0.00	7622300873554	26	\N
1093	CHESTERFIELD TERRAS BRASILEIRAS AZUL	970	1	t	7.00	8.50	21.43	78947214	8	\N
1102	Mentos Fruit 37G	997	1	t	0.00	3.00	0.00	7896262304351	28	\N
1116	PINGO DE LEITE	996	1	t	0.00	2.50	0.00	7898947980768	23	\N
878	SEDA PAPELITO BRANCA	999	1	t	0.00	3.00	0.00	7898950283016	27	\N
1123	SMIRNOFF MELANCIA 998ML	1000	1	t	0.00	60.00	0.00	7893218003726	33	\N
1090	FREEGELS 🍒 (VEMELHO)	999	1	t	1.00	2.50	150.00	7891151039550	29	\N
1100	LUCKY STRIKE DOUBLE ICE	996	1	t	12.00	13.50	12.50	78946187	8	\N
1081	TRIDENT X SENSES BLUEBERY	1000	21	t	0.00	3.50	0.00	7622210564276	28	\N
1142	FILTRO OCB SLIM PREMIUM	999	1	t	0.00	11.50	0.00	30107014	27	\N
1106	PALITO DE QUEIJO MATURADO	979	1	t	0.00	4.50	0.00	1234567890005	24	\N
1189	PETIZ SPECIAL AMENDOIM JAPONES	1000	1	t	0.00	3.50	0.00	7896058599053	17	\N
1130	CIGARO PALHA SANTROPEZ TRADICIONAL	1000	1	t	23.00	39.00	69.57	742832903837	8	\N
1124	CIGARRO CRETEC CHOCOLATE	1000	1	t	19.00	21.00	10.53	78939707	8	\N
1112	CIGARRO ROTHMANS AZUL ORIGINAL	954	1	t	8.05	9.00	11.80	78944541	8	\N
1087	CIGARRO WINSTON VERMELHO CLASSIC	998	1	t	6.25	7.50	20.00	78943353	8	\N
1098	MENTOS MINT 24G	999	1	t	0.00	4.00	0.00	7895144297415	28	\N
1115	CIGARRO ROTHMANS TROPICAL BOOST	1000	1	t	8.50	9.75	14.71	78940093	8	\N
1105	SALAME ARTESENAL	990	1	t	0.00	5.00	0.00	0000000000	24	\N
1111	PAÇOQUITA	933	1	t	0.25	0.75	200.00	7896336005917	23	\N
1099	MENTOS FRUIT 24G	1000	1	t	0.00	4.00	0.00	7895144297378	28	\N
1120	CIGARRO GUDANG GARAM	979	1	t	22.00	40.00	81.82	8998989121200	8	\N
1122	EIGHT	986	1	t	0.00	6.50	0.00	78400924	8	\N
1121	CIGARO GUDANG GARAM MENTA	1000	1	t	28.00	40.00	42.86	78937734	8	\N
1110	CONE RECHEADO | TRUFADO	997	1	t	0.00	5.00	0.00	000000000	23	\N
1094	MENTOS KISS MORANGO 35G	998	1	t	0.00	12.50	0.00	7895144605685	28	\N
1114	CIGARRO ROTHMANS ICE BOOST	1000	1	t	8.75	9.75	11.43	78944473	8	\N
1132	CIGARRO DE PALHA SANTROPEZ MENTA	999	1	t	23.00	39.00	69.57	742832903844	8	\N
1119	OURO BRANCO 20G	999	1	t	0.00	2.00	0.00	78939318	23	\N
1139	PITEIRA THE OG TAMANHO LARGO	998	1	t	0.00	4.90	0.00	3565847800062	27	\N
1298	FAROFA PRONTA YOKI	1000	1	t	0.00	10.00	0.00	7891095911486	24	\N
1091	FREEGELS MARACUJÁ (AMARELO)	1000	1	t	1.00	2.50	150.00	7891151039574	29	\N
1141	SEDA GREEN SILK LARGO 44MM	999	1	t	0.00	4.00	0.00	7898712240080	27	\N
1107	CIGARRO DUNHILL AZUL (ANTIGO KENT)	993	1	t	11.25	13.75	22.22	78942929	8	\N
1104	LUCKY STRIKE BLUE BLEND	1000	1	t	0.00	7.00	0.00	78923898	8	\N
1658	MAROMBA WHISKY COCO NUT 1L	1000	6	t	10.00	22.50	125.00	7898694893007	22	\N
1096	MENTOS KISS MENTA FORTE 35G	1000	1	t	0.00	12.50	0.00	7895144400341	28	\N
1117	SONHO DE VALSA 20G	992	1	t	0.00	2.00	0.00	78939301	23	\N
1088	WINSTON PURPLE MINT (ROXO)	999	1	t	8.75	9.75	11.43	78940093	8	\N
1092	HALLS  UVA VERDE	998	1	t	1.60	3.00	87.50	78938861	29	\N
1133	CIGARRO DE PALHA JACKY PAIOLS	1000	1	t	18.50	29.00	56.76	0735201119885	8	\N
1113	Chichets Hortelã	1000	1	t	0.00	0.50	0.00	78932609	28	\N
1103	PAÇOCÃO 90G	980	1	t	1.50	3.50	133.33	7898566410110	23	\N
1131	CIGARRO PALHA SANTROPEZ UVA	1000	1	t	23.00	39.00	69.57	742832996259	8	\N
1118	CIGARRO GIFT	919	1	t	3.50	6.00	71.43	78410282	8	\N
1095	CIGARRO CHESTERFIELD ORIGINAL AZUL	971	1	t	8.00	9.50	18.75	78937680	8	\N
1129	CIGARRO DE PALHA SANTROPEZ CAFÉ	999	1	t	23.00	39.00	69.57	742832175562	27	\N
1082	TRIDENT TUTTI FRUTTI	998	1	t	1.10	3.50	218.18	7895800430002	28	\N
1144	SEDA SMOOKING PRATA	996	1	t	0.00	6.50	0.00	84196590	27	\N
1128	LICOR 43 CHOCOLATE	1000	1	t	0.00	250.00	0.00	8410221902915	35	\N
1108	CIGARRO ROTHMANS PRATA	976	1	t	8.00	9.00	12.50	78944503	8	\N
1127	LICOR 43 ORIGINAL	1000	1	t	0.00	199.99	0.00	8410221110130	35	\N
1126	BALLENA 750ML	1000	1	t	0.00	199.99	0.00	618231762644	35	\N
1125	AMARULA 750ML	1000	1	t	0.00	149.90	0.00	6001495062508	35	\N
1089	WINSTON EXOTIC MINT	999	1	t	8.00	9.75	21.88	78940109	8	\N
1135	CIGARRO DE PALHA PIRACANJUBA	1000	1	t	0.00	17.00	0.00	7898915505016	8	\N
1136	STOCK CHOCOLATE 720ML	1000	1	t	0.00	60.00	0.00	7891121212006	35	\N
1137	CIGARRO DE PALHA TERRA TOMABADA UVA	1000	1	t	0.00	9.90	0.00	7898957589548	8	\N
583	FILTRO CACHIMBO CHILLIN	1000	1	t	0.00	10.00	0.00	7898659810100	24	\N
1138	FILTRO VAUEN 9MM	1000	1	t	0.00	25.00	0.00	4014856211547	27	\N
1140	SEDA SADHU LARGE 44MM	1000	1	t	0.00	7.00	0.00	7898712240837	27	\N
1101	MENTOS MINT 37G	998	1	t	0.00	3.00	0.00	7896262304306	28	\N
1146	PHILLIES TITAN CHOCOLATE (UNIDADE)	1000	1	t	0.00	19.90	0.00	070235103951	27	\N
1147	CHARUTO PHILLIES TITAN COGNAC (UNIDADE)	1000	1	t	0.00	19.90	0.00	070235103968	27	\N
1148	PAPEL AROMATIZADOR MONKEY UVA	1000	1	t	0.00	7.90	0.00	123456	27	\N
1149	PITEIRA DE VIDRO BLACK TRUNK UNIDADE	1000	1	t	0.00	34.00	0.00	04206781	27	\N
1109	NOZÃO DE QUIEJO MATURADO	997	1	t	0.00	4.50	0.00	1231231231232	24	\N
1675	TESOURA D COLORIDA	10000	10	t	12.00	19.50	62.50	6966953658153	27	\N
1162	ESSENCIA ZIGGY YORGURT 50G	1000	24	t	9.20	17.50	90.22	7908479402109	27	\N
1160	ESSENCIA ZIGGY YELLOW STARBURST 50G	1000	24	t	9.20	17.50	90.22	7898927097707	27	\N
1312	CAFÉ 250G	998	1	t	0.00	12.50	0.00	7891018427582	24	\N
1164	ISQUEIRO BIC GRANDE ESTAMPADO	998	1	t	6.00	8.99	49.83	070330662476	24	\N
1167	TABACO PARA FUMO VIRGINIA BLEND 35G	1000	1	t	0.00	27.50	0.00	7898956381167	27	\N
1319	SUFLAIR 80G	995	1	t	5.99	9.75	62.77	7891000329856	25	\N
1180	PAPEL HIGIENICO FOLHA DUPLA MAX PURE	1000	1	t	0.00	8.90	0.00	7898962794050	24	\N
1150	DICHAVADOR HOLOGRAFICO METAL	1000	1	t	0.00	72.00	0.00	609963921317	27	\N
1151	TESOURA OCULOS	1000	1	t	0.00	0.00	0.00	609963918478	27	\N
1152	TESOURA TRADICIONAL	1000	1	t	0.00	11.50	0.00	1234567	27	\N
1154	CINZEIRO DIVERSAS ESTAMPAS	1000	1	t	0.00	13.90	0.00	545687	27	\N
1659	MANSÃO MAROMBA WHISKY +COMBO	10000	6	t	10.00	24.90	149.00	7898694892031	20	\N
1156	CUIA SOLTA PEQEUNA E GRANDE	1000	1	t	0.00	14.90	0.00	987513645	27	\N
1163	3 CARVÃO DE NAGUILLE (UNIDADE) 1 por 2$ e 3 por 5$	999	1	t	2.00	5.00	150.00	699854	27	\N
1214	COQUETEL DO BARRIL FRUTAS VERMELHAS  500ML	1000	1	t	0.00	5.00	0.00	7896273100829	30	\N
1169	TABACO PARA FUMO GOLDEN VIRGINIA 35G	999	1	t	0.00	26.90	0.00	7898994389811	27	\N
1159	MINI MAQUINA PARA ENROLAR CIGARROS HIMALAYA SPLIFF	1000	1	t	0.00	16.90	0.00	609963918829	27	\N
822	ASKOV FUN FRUTAS VERMELHAS 500ML	999	1	t	0.00	8.50	0.00	7896092504860	33	\N
1220	NUSAKINHO CHOCOLATE AO LEITE 500ML	1000	1	t	0.00	18.00	0.00	000020161264	38	\N
1039	LAYS SENSAÇÃO 40G	997	1	t	4.99	7.50	50.30	7892840820244	17	\N
1157	CUIA SADHU MINI	1000	1	t	0.00	24.99	0.00	7898712240684	27	\N
1153	SLICK SADHU (RESERVATORIO DE SILICONE)	1000	1	t	0.00	17.50	0.00	1345	27	\N
1224	ASKOV FUN GIN COM MELANCIA	1000	1	t	0.00	8.50	0.00	7896092505492	38	\N
1165	TABACO RAINBOW 25G	1000	1	t	0.00	21.50	0.00	7898956381105	27	\N
394	GELO AMERICANO DE COCO	985	1	t	0.00	3.00	0.00	7898946674828	24	\N
1166	TABACO PARA FUMO DUBLIN 25G	1000	1	t	0.00	21.50	0.00	7898952050104	27	\N
381	JAMESON IRISH WHISKY 750ML	998	1	t	0.00	150.00	0.00	5011007003029	20	\N
1226	RUFFLES TRADICIONAL 115G	991	1	t	11.70	16.50	41.03	7892840817978	17	\N
1170	TAABACO PARA FUMO ORIGINAL BR 25G	1000	1	t	0.00	18.90	0.00	07981901912256	27	\N
419	GUARANÁ ANTARTICA 350ML	999	1	t	2.39	4.50	88.28	7891991000826	4	\N
1171	TABACO PARA FUMO SASSO TABACCOS 25G	1000	1	t	0.00	22.90	0.00	7898994462019	27	\N
107	TRIDENT MELANCIA	986	21	t	0.00	3.50	0.00	7895800309780	28	\N
1228	JACK DANIEL'S  200ML	1000	1	t	0.00	55.00	0.00	82184090527	20	\N
1173	SABAO EM PO OMO 400G	1000	1	t	0.00	14.90	0.00	7891150065284	24	\N
1230	JACK DANIEL'S HONEY 1L	1000	1	t	0.00	190.00	0.00	082184000328	20	\N
1232	JACK DANIEL'S APPLE 1L	1000	1	t	0.00	190.00	0.00	82184004364	20	\N
1175	SABONETE FRANCIS ORQUIDEA 85G	1000	1	t	0.00	2.99	0.00	7891176117462	24	\N
818	JIM BEAM BLACK EXTRA AGED BOURBON 1L	1000	1	t	0.00	200.00	0.00	080686003205	20	\N
1176	SABONETE FRANCIS ALFAZEMA 85G	1000	1	t	0.00	2.99	0.00	7891176117516	24	\N
1235	PASSPORT SCOTCH 1L	1000	1	t	0.00	70.00	0.00	7891050000101	20	\N
1161	ESSENCIA ZIGGY MORANGO E LARANJA 50G	1000	24	t	9.20	17.50	90.22	7908479402130	27	\N
1239	CACHAÇA SELETA 1L	1000	1	t	0.00	60.00	0.00	7898010861246	30	\N
1241	BAIANINHA MARACUJA 900ML	1000	1	t	0.00	16.00	0.00	7896092501340	38	\N
1243	BAIANINHA COCO 900ML	1000	1	t	0.00	16.00	0.00	7896092505072	38	\N
1245	CABARE AMBURANA 700ML	1000	1	t	0.00	40.00	0.00	7898377661954	30	\N
73	VINHO SUAVE CANTINA DE PRATA 970ML	1000	1	t	10.50	18.00	71.43	7898540511611	16	\N
1172	TABACO PARA FUMO CHOCOLATE MARLEY	1000	1	t	0.00	12.50	0.00	7898994709855	27	\N
1174	CREME DENTAL ORAL B	999	1	t	0.00	4.00	0.00	7506339363883	24	\N
1247	SANTOMÉ SECO 1L	1000	1	t	0.00	22.00	0.00	7896403900022	16	\N
1168	TABACO PARA FUMO AMSTERDAM 25G	994	1	t	11.65	19.90	70.82	7898952050050	27	\N
1249	PERGOLA VINHO TINTO SUAVE	999	1	t	0.00	30.00	0.00	7896855901417	16	\N
1155	TOOBECK PORTA CIGARRO SADHU	995	12	t	4.50	7.50	66.67	7898712240899	27	\N
889	GIN TONIC TANQUERAY 269ML	999	1	t	0.00	18.00	0.00	7893218003931	34	\N
1158	MAQUINA PARA ENROLAR CIGARROS HIMALAYA SPLIFF	1000	1	t	0.00	19.90	0.00	609963918805	27	\N
473	CERVEJA ENSEBAHN SESSION IPA 355 ML	1000	1	t	5.24	8.50	62.21	7898367984254	5	\N
543	PRINGLES CREME E CEBOLA 104G	997	1	t	0.00	16.00	0.00	7896004006239	17	\N
459	MAÇO CIGARRO MARLBORO GOLD	992	1	t	12.00	13.25	10.42	78900073	8	\N
372	SKOL BEATS MINT SABOR MOSCOW MULE	1000	1	t	0.00	0.00	0.00	7891991300841	38	\N
1177	SABONETE FRANCIS GARDENIA 85G	999	1	t	0.00	2.99	0.00	7891176117486	24	\N
1299	FARINHA DE TRIGO PALOMA	1000	1	t	0.00	5.00	0.00	7896425400272	24	\N
562	MARGARINA QUALY 500G	1000	1	t	0.00	0.00	0.00	7893000394209	21	\N
1190	PETIZ AMENDOIM PIMENTA VERMELHA	996	1	t	0.00	4.00	0.00	7896058593150	17	\N
1201	DRAFT PESSEGO 600ML	1000	1	t	7.90	13.50	70.89	7896494209615	16	\N
1369	SALGADO FUNCIONARIO	696	1	t	3.50	6.00	71.43	789456	32	\N
1275	TODDYNHO 200ML	956	1	t	0.00	4.00	0.00	7894321722016	24	\N
1278	TRAKINAS TORTA DE LIMÃO	998	1	t	2.69	4.00	48.70	7622210573933	26	\N
1262	ETERNITY MELANCIA 900ML	996	1	t	0.00	30.00	0.00	7898422678272	34	\N
1375	COCA COLA 1L RETORNAVEL (SEM VIDRO)	999	1	t	5.90	8.90	50.85	74123	4	\N
1260	DOBER MELANCIA	999	1	t	0.00	25.00	0.00	7896711106215	34	\N
1274	BEEFETER 24 750ML	1000	1	t	0.00	240.00	0.00	089540507583	34	\N
1279	TRAKINAS MEIO MEIO MORANGO	999	1	t	2.69	4.00	48.70	7622210592637	26	\N
1276	ITUBAINA LONGNECK 355ML	986	1	t	3.00	5.00	66.67	7896000593979	4	\N
1373	COCA COLA RETORNAVEL 1L (COM VIDRO)	938	1	t	3.99	6.50	62.91	7894900015119	4	\N
1337	DEL VALLE GOIABA 350ML	997	1	t	3.22	5.50	70.81	7894900660265	2	\N
1334	DEL VALLE MARACUJA 350ML	997	1	t	3.50	5.50	57.14	7894900660302	2	\N
1272	SPATEN 600ML	998	1	t	0.00	12.50	0.00	7891991297547	5	\N
1352	IT! LARANJA 2L	1000	1	t	0.00	6.50	0.00	7897395030216	4	\N
1263	ETERNITY PESSEGO E FRAMBOESA 900ML	998	1	t	0.00	30.00	0.00	7898422679514	34	\N
1361	MAÇO CAMEL COMPACT PERA	998	1	t	9.75	12.50	28.21	78941267	8	\N
1252	FOFURA QUEIJO	998	1	t	2.50	3.90	56.00	7892840823214	17	\N
1255	MOSCATO SPRITZER	997	1	t	0.00	40.00	0.00	7804320755205	16	\N
1324	CHA LEÃO HORTELÃ 16G	999	1	t	0.00	5.00	0.00	7891098000170	24	\N
917	CHÁ MATE LEÃO LIMÃO 1,5L	999	1	t	0.00	0.00	0.00	7891098040589	4	\N
1363	ROTHMANS TROPICAL BOOST	998	1	t	8.75	9.75	11.43	78946354	8	\N
322	ÁGUA BUONA VITA COM GÁS  510ML	994	1	t	1.00	3.50	250.00	7898641870648	2	\N
1270	CATUABA  900ML	998	1	t	0.00	18.50	0.00	7896336810740	38	\N
1254	FOFURA CEBOL.A	991	1	t	2.50	3.90	56.00	7892840823177	17	\N
767	VEUVE CLIC QUOT BRUT 750ML	1000	1	t	0.00	0.00	0.00	3049610004104	16	\N
1378	COCA COLA ZERO RETORNAVEL 2L (SEM VASILHAME)	1000	1	t	0.00	8.50	0.00	1378	4	\N
1353	H2O! LIMONETO 500ML	997	1	t	3.99	6.50	62.91	7892840812850	4	\N
1277	COCA-COLA ZERO 200ML	983	1	t	1.49	3.00	101.34	78933873	4	\N
238	LEITE CONDENSADO PIRACANJUBA	989	1	t	0.00	7.99	0.00	7898215152002	24	\N
1358	H2O! LIMONETO 1,5L	999	1	t	0.00	10.00	0.00	7892840812874	4	\N
1332	FANTA LARANJA 350ML	997	1	t	2.95	4.90	66.10	7894900030013	4	\N
1676	GILLETE	997	1	t	1.99	3.99	100.50	7500435154437	21	\N
909	PEPSI 1,5L	1000	1	t	0.00	8.00	0.00	7892840812386	4	\N
958	BATATA RUFFLES CEBOLA E SALSA 68G	999	1	t	0.00	10.00	0.00	7892840823030	17	\N
1267	CONE DE DOCE DE LEITE	968	1	t	1.45	3.00	106.90	809274094025	25	\N
1250	BISCOITO DE POLVILHO 70G	998	40	t	1.67	4.00	139.52	7898171341090	17	\N
1360	BALY TRADICIONAL 2L	999	1	t	7.49	13.90	85.58	7898080662668	6	\N
1264	ETERNITY TROPICAL	990	1	t	0.00	30.00	0.00	7898422679224	34	\N
776	ESSENCIA ZIGGY GRAPESTARBUST 50G	1000	24	t	9.20	17.50	90.22	7908479402116	27	\N
1023	BATATA RUFFES CEBOLA E SALSA32G	999	1	t	4.50	4.50	0.00	7892840822989	24	\N
1330	GUARANA ANTARTICA 200ML	985	1	t	0.00	2.50	0.00	7891991014908	4	\N
867	SEDA SADHU EVENING ROLL	1000	1	t	0.00	7.00	0.00	7898712240837	27	\N
935	VINHO SANTA COLINA CARBENET SUAVIGNON  7	1000	1	t	0.00	0.00	0.00	7896100501515	16	\N
1660	MAROMBA MELANCIA GIN +	999	6	t	10.00	22.50	125.00	7898694892512	\N	\N
1253	FOFURA REQUEIJÃO	990	1	t	2.50	3.90	56.00	7892840823221	17	\N
1300	QUEIJO RALADO  IPANEMA	999	1	t	0.00	6.50	0.00	7896114101916	24	\N
1355	AGUA FRESCCA 500ML	979	1	t	1.00	3.00	200.00	7898386200083	3	\N
1371	COCA COLA RETORNAVEL 2L (SEM VASILHAME)	999	1	t	7.14	13.00	82.07	1371	4	\N
1256	SANTA HELENA CARBERNET SAUVIGNON	1000	1	t	0.00	55.00	0.00	7804300003234	16	\N
1257	LAMBRUSCO ROSSO DELL'EMILIA	1000	1	t	0.00	46.00	0.00	8000942084795	16	\N
1258	DOBER MARACUJA	1000	1	t	0.00	25.00	0.00	7896711106253	34	\N
1259	DOBER WHISKY & APPLE	1000	1	t	0.00	30.00	0.00	7896711105751	20	\N
1265	ETERNITY MAÇA VERDE 900ML	1000	1	t	0.00	30.00	0.00	7898422679392	34	\N
1327	FARINHA DE ROSCA HIRAKI 500G	1000	1	t	0.00	10.00	0.00	7891965120253	24	\N
1273	STELLA ARTOIS 600ML	1000	1	t	0.00	13.00	0.00	7891991295109	5	\N
1345	GUARANA ANTARTICA ZERO  2L	998	1	t	7.50	12.00	60.00	7891991001373	4	\N
760	AGUA CRYSTAL 1,5L	1000	1	t	0.00	3.50	0.00	7894900530032	3	\N
1339	SU-FRESH CAJU 1L	1000	1	t	0.00	7.00	0.00	7898377661770	2	\N
1342	SU-FRESH UVA 1L	1000	1	t	0.00	7.00	0.00	7898192035008	2	\N
1367	LACTA CHOCOLATE AO LEITE 34G	998	1	t	0.00	4.50	0.00	7622210573384	25	\N
1349	IT! LEMON 2L	1000	1	t	0.00	6.50	0.00	7898377662449	4	\N
1316	PEPSI BLACK 350ML	998	1	t	0.00	4.00	0.00	7892840813505	4	\N
1365	LAKA CHOCOLATE BRANCO 34G	1000	1	t	0.00	4.50	0.00	7622210573353	25	\N
1268	CANELINHA 275ML	1000	1	t	0.00	8.50	0.00	7896685201077	38	\N
1143	PITEIRA PAPELITO COM SEDA	999	1	t	0.00	7.50	0.00	7898950283092	27	\N
1362	MAÇO ROTHMANS RED	988	1	t	8.05	9.00	11.80	78944497	8	\N
1282	BONO LIMÃO	1000	1	t	0.00	4.00	0.00	7891000376881	26	\N
1328	PEPSI 200ML	965	1	t	0.00	2.50	0.00	7892840800567	4	\N
1394	ABSOLUT VANILIA 750ML	999	1	t	77.00	135.00	75.32	7312040350117	33	\N
1380	MOLHO DE TOMATE FUGINI 300G	1000	1	t	0.00	3.00	0.00	7897517206086	24	\N
1399	MARMITEX PEQUENO FRANGO	995	1	t	0.00	23.00	0.00	1399	\N	\N
1085	MAÇO CAMEL COMPACT	997	1	t	9.00	10.50	16.67	78943537	8	\N
1348	IT! LEMON ICE 2L	1000	1	t	0.00	6.50	0.00	7897395030414	4	\N
1354	H2O! CITRUS 500ML	999	1	t	0.00	6.50	0.00	7892840812737	4	\N
1335	DEL VALLE PESSEGO 350ML	994	1	t	0.00	5.50	0.00	7894900660319	2	\N
72	MAGUARY MARACUJÁ 1L	999	1	t	4.99	8.50	70.34	7896000530363	2	\N
1402	DOSE DOMEQ	835	1	t	0.00	10.00	0.00	1402	41	\N
1313	LEITE ITALAC ZERO LACTOSE 1L	1000	1	t	0.00	8.25	0.00	7898080640932	31	\N
311	IMPERIO 269ml	447	1	t	0.00	3.00	0.00	7898915949216	5	\N
1382	FRANGELICO 700ML	1000	1	t	90.00	150.00	66.67	8004160660304	35	\N
1370	COCA COLA RETORNAVEL 2l	911	1	t	5.00	8.50	70.00	7894900014211	4	\N
1366	DIAMANTE NEGRO 34G	998	1	t	3.00	4.50	50.00	7622210573322	25	\N
1322	CHA LEÃO CAPIM-CIDREIRA 16G	1000	1	t	0.00	5.00	0.00	7891098000156	24	\N
1393	ABSOLUT MANGO 750ML	1000	1	t	0.00	135.00	0.00	7312040180752	33	\N
1008	CREME DE LEITE JUSSARA 200G	998	1	t	0.00	4.50	0.00	7896283800245	24	\N
480	TORCIDA SABOR QUEIJO	997	1	t	0.00	3.50	0.00	7892840822644	17	\N
1677	ABAFADOR	2	2	t	30.00	50.00	66.67	1677	27	\N
1407	PASSATEMPO MORANGO	1000	1	t	0.00	3.50	0.00	7891000241295	26	\N
1280	BONO CHOCOLATE	997	1	t	0.00	4.00	0.00	7891000376843	26	\N
1356	AGUA COM GAS BIOLEVE 1,5L	991	1	t	0.00	4.50	0.00	7896843200867	3	\N
1391	GELO AMERICANO DE LIMÃO	1000	1	t	0.00	3.00	0.00	7898946674835	24	\N
1346	GUARANA ANTARTICA 2L	996	1	t	8.90	12.00	34.83	7891991001342	4	\N
1325	CHA LEÃO CAMOMILA 16G	999	1	t	0.00	5.00	0.00	7891098000163	24	\N
1400	PORÇÃO DE FRITAS COM CALABRESA	1000	1	t	0.00	30.00	0.00	1400	40	\N
1396	GIN GORDONS PREMIUM PINK	1000	1	t	0.00	99.90	0.00	5000289929417	34	\N
11	BALY MELANCIA 2L	995	1	t	7.49	13.90	85.58	7898080664389	6	\N
1405	PRATO EXECUTIVO	976	1	t	0.00	25.00	0.00	1405	\N	\N
1078	SNICKERS PÉ DE MOLOQUE 42G	990	1	t	2.75	4.50	63.64	7896423497984	25	\N
1333	GUARANA ANTARTICA 350ML	998	1	t	2.39	4.00	67.36	123456789	4	\N
1395	GIN ROCKS TRADICIONAL 1 LITRO	998	1	t	0.00	41.90	0.00	7896037916123	34	\N
1285	AGUA E SAL TRIUNFO	999	1	t	0.00	5.00	0.00	7896058258721	24	\N
1408	M&M CHOCOLATE 45G	994	1	t	0.00	5.50	0.00	7896423470697	25	\N
1376	COCA COLA ZERO RETORNAVEL 2L (COM VASILHAME)	988	1	t	0.00	8.50	0.00	7894900704211	4	\N
1406	SMOKING BROWN SEDA	998	50	t	5.34	8.90	66.67	8414775013547	27	\N
1283	TORRADA VISCONTI	995	1	t	0.00	5.00	0.00	7891962052564	24	\N
1372	CIGARRO ESPECIAL	9849	100	t	1.00	2.00	100.00	789	8	\N
1317	PEPSI 350ML	971	1	t	0.00	4.00	0.00	7892840800079	4	\N
1404	IMPERIO LAGER PROMOCAO	1000	1	t	0.00	5.39	0.00	1404	5	\N
1343	GUARANA ANTARTICA ZERO 1,5L	1000	1	t	4.00	8.90	122.50	7891991008785	4	\N
1390	COCA COLA DE VIDRO 250ML	980	12	t	3.33	5.00	50.15	78912908	4	\N
1386	ROTHMANS PURPLE BOOST	994	1	t	8.75	9.75	11.43	78944466	8	\N
1389	CIGARRO DE PALHA LOVE 66	1000	1	t	23.00	40.00	73.91	602883773530	8	\N
1000	GAROTO CHOCOTRIO BONO 90G	1000	1	t	0.00	8.00	0.00	7891000395509	25	\N
1301	SAL GROSSO LEBRE 1KG	1000	1	t	0.00	4.00	0.00	7896110100814	24	\N
1284	MAIZENA TRIUNFO	1000	1	t	0.00	5.00	0.00	7896058259100	26	\N
1281	BONO MORANGO	1000	1	t	0.00	4.00	0.00	7891000376959	26	\N
1347	PEPSI BLACK 1L	1000	1	t	0.00	6.50	0.00	7892840821043	4	\N
1340	SU-FRESH MORANGO 1L	1000	1	t	0.00	7.00	0.00	7898192030485	2	\N
1359	H2O! CITRUS 1,5L	1000	1	t	7.00	10.00	42.86	7892840812751	4	\N
1364	MAÇO ROTHMANS RED SERIES	1000	1	t	0.00	8.00	0.00	78909670	8	\N
1351	IT  GUARANA 2L	1000	1	t	0.00	6.50	0.00	7898377662425	4	\N
1381	FANDANGOS QUEIJO 160G	999	1	t	7.60	16.50	117.11	7892840822910	17	\N
1286	MILHO PARA PIPOCA KISABOR	1000	1	t	0.00	8.00	0.00	7898416520563	24	\N
1383	JAGERMEISTER	1000	1	t	105.00	155.00	47.62	4067700015044	35	\N
1384	TEQUILA JOSE CUERVO	1000	1	t	100.00	160.00	60.00	7501035042322	22	\N
1385	TEQUILA JOSE CUERVO ESPECIAL	1000	1	t	100.00	160.00	60.00	7501035010109	22	\N
1374	PÃO DE QUEIJO	1000	1	t	0.00	5.00	0.00	255	32	\N
1379	FLANELA	1000	1	t	0.00	2.00	0.00	1379	4	\N
1320	CORONA ZERO 330ML	1000	1	t	6.49	9.90	52.54	7891991304184	5	\N
1392	ASKOV BLUEBERRY 900ML	1000	1	t	10.42	16.90	62.19	7896092503559	38	\N
1411	BAUDUCCO CHOCOLATE 104G	1000	1	t	3.49	5.50	57.59	7891962050072	24	\N
1412	COCA COLA OREO 310ML	1000	1	t	3.49	5.50	57.59	7894900029505	4	\N
1426	Marmita funcionario	988	1	t	0.00	12.00	0.00	1426	21	\N
1261	ETERNITY TRADICIONAL 900ML	993	1	t	0.00	30.00	0.00	7898422671037	34	\N
1447	TRENTO TORTA DE MAÇA	999	16	t	1.68	3.00	78.57	7896306623226	25	\N
1430	TANQUERAY 750ML	999	1	t	94.00	149.00	58.51	5000291020706	34	\N
1445	FRUIT-TELLA CARAMELO 41G	998	16	t	1.93	3.50	81.35	7895144025117	29	\N
1458	OVINHO 145G	998	4	t	6.50	12.00	84.62	7892840821470	17	\N
1437	Chevete	997	1	t	8.00	12.00	50.00	7898307573043	38	\N
1444	FRUIT-TELLA MORANGO 41G	999	16	t	1.93	3.50	81.35	7895144028019	29	\N
1470	BAUDUCCO BARRINHA GOIABA	998	32	t	1.09	1.99	82.57	7891962003894	26	\N
1431	ROCKS MELANCIA 1L	1000	1	t	28.00	42.00	50.00	7896037918899	34	\N
1661	SUCO DEL VALLE UVA 1L	1000	1	t	4.47	6.90	54.36	7894900550030	2	\N
1450	CUP NOODLES TERIYAKI	999	4	t	0.00	7.50	0.00	7891079013045	24	\N
1413	PAO DE QUEIJO	985	1	t	0.00	5.00	0.00	1413	\N	\N
1449	DEL VALLE UVA 290ML	996	4	t	0.00	5.50	0.00	7894900660333	2	\N
1428	CHICLETE	1000	1	t	0.00	0.25	0.00	1428	28	\N
1678	PRATO CONTRAFILÉ	9999	2	t	15.00	27.00	80.00	1678	42	\N
1465	PITEIRA THE OG XL	10000	24	t	0.00	5.00	0.00	1465	27	\N
1438	Original 269 ml	1000	1	t	3.75	3.90	4.00	66669997	5	\N
1420	DOSE GIN	986	1	t	0.00	15.00	0.00	1420	41	\N
1453	TODDY 200G	1000	2	t	0.00	7.00	0.00	7894321711171	24	\N
1443	PIPOCA DOCE PIPA	992	10	t	2.00	3.00	50.00	7898934546090	24	\N
1419	KINDER OVO MENINO 20G	999	1	t	7.49	12.50	66.89	78940833	25	\N
1451	GAROTO CASTANHA DE CAJU	999	6	t	4.50	8.00	77.78	7891008124170	25	\N
1432	AGUA MONTE CARLO 500ML	994	1	t	0.79	2.00	153.16	7898996362508	3	\N
1442	TRENTO MASSIMO MORANGO	999	16	t	1.68	3.00	78.57	7896306623141	25	\N
596	BISCOITO WAFER BAUDUCCO TRIPLO 140G	994	1	t	0.00	5.50	0.00	7891962037028	26	\N
554	AMENDOIM COBERTO SABOR CEBOLA & SALSA	1000	1	t	0.00	3.50	0.00	7897115108010	17	\N
1062	CAIXA DE BOMBOM SONHO DE VALSE & OURO BRANCO	1000	1	t	0.00	16.00	0.00	7622210568601	25	\N
1410	BAUDUCCO GOIABA 112G	1000	1	t	3.49	5.50	57.59	7891962050065	24	\N
1414	PORÇAO DE MARISCO PEQUENA	1000	1	t	0.00	20.00	0.00	1414	40	\N
1417	PORÇÃO FRITAS GRANDE	1000	1	t	0.00	40.00	0.00	1417	40	\N
1416	salgado	998	1	t	0.00	7.00	0.00	000001	\N	\N
1473	FRANGO ASSADO	993	1	t	0.00	42.00	0.00	1473	24	\N
1423	CUP NOODLES GALINHA CAIPIRA	995	1	t	0.00	7.50	0.00	7891079013038	24	\N
1433	COCA COLA CAFÉ 220ML	996	1	t	0.00	3.50	0.00	7894900025019	4	\N
1452	GAROTO CROCANTE	999	6	t	4.49	8.00	78.17	7891008124071	25	\N
1466	SEDA ORGULHO	9999	25	t	0.00	3.00	0.00	7908346226104	27	\N
1415	FIVESTAR	1000	1	t	0.00	3.00	0.00	7622210411501	\N	\N
1421	DOSE JM	998	1	t	0.00	7.00	0.00	999	41	\N
1439	BUDWEISER 300ML	997	1	t	0.00	5.25	0.00	7891991304986	5	\N
1446	AMENDUPÃ AMENDOIM JAPONÊS	999	6	t	1.99	4.00	101.01	7897115100724	24	\N
1441	TRENTO BANOFFEE	974	16	t	1.68	3.00	78.57	7896306625169	25	\N
310	ITAIPAVA 350ML	304	1	t	0.00	3.00	0.00	7897395020101	5	\N
589	STELLA ARTOIS PURE GOLD 330ML	956	1	t	5.65	8.90	57.52	7891991304870	5	\N
1435	PORÇÃO MARISCO G	997	1	t	15.00	40.00	166.67	1435	40	\N
1418	ÁGUA DE COCO QUADRADO 200ML	998	1	t	1.79	3.00	67.60	751320333650	3	\N
1457	CHEETOS 36G	98	1	t	1.89	4.00	111.64	7892840822293	17	\N
1440	PIRULITO LOL	986	1	t	0.00	2.00	0.00	7898681350865	23	\N
1448	Pespi Black 1,5 litros	210	215	f	7.90	7.90	0.00	7892840820664	4	\N
1429	SKOL G1	303	1	t	0.00	3.90	0.00	1429	5	\N
1459	TANQUERAY 275ML	1000	4	t	17.18	26.00	51.34	7893218003757	34	\N
1461	BALLANTINES FINEST 750ML	1000	1	t	50.00	112.00	124.00	5010106111451	20	\N
1463	LICOR 43 ORIGINAL EDIÇÃO LIMITADA	100	1	t	130.00	199.90	53.77	8410221110150	35	\N
1467	FILTRO BEM BOLADO	1000	12	t	0.00	13.50	0.00	742832800198	27	\N
1464	PORTA BIC	1000	12	t	0.00	19.50	0.00	1464	27	\N
1460	CAMPARI 1L	1000	2	t	46.00	74.50	61.96	7896010006315	30	\N
1468	TRITURADOR BOB MAX	6	1	t	0.00	14.50	0.00	1468	27	\N
1469	BAUDUCCO BARINHA CHOCOLATE 25G	1000	36	t	1.99	2.00	0.50	7891962007366	26	\N
1471	ROTHMANS SILVER	1000	2	t	0.00	7.50	0.00	78902596	8	\N
1472	MAÇO DE CIGARRO MARLBORO GOLD SELECTION	200	200	t	10.00	10.00	0.00	1472	8	\N
1474	GELO PARA CERVEJA	499	1	t	0.00	3.00	0.00	7898970731184	5	\N
1475	MACARRAO PENNE	100	1	t	0.00	5.50	0.00	7896005281710	21	\N
1476	MENTOS	100	1	t	0.00	3.50	0.00	7895144603063	28	\N
1477	VALE	100	1	t	0.00	50.00	0.00	1477	21	\N
1434	PORÇÃO DE MARISCO P	1000	1	t	0.00	20.00	0.00	1434	40	\N
1456	CHEETOS REQUEIJÃO40G	998	1	t	2.40	3.90	62.50	7892840822309	17	\N
1425	ITAIPAVA MALZBIER 330ML	999	1	t	0.00	7.50	0.00	7897395000943	5	\N
1454	RUFFLES CEBOLA 167G	999	6	t	0.00	20.00	0.00	7892840254841	17	\N
1455	RUFFLES ORIGINAL 167G	997	4	t	0.00	20.00	0.00	7892840253646	17	\N
1501	PORCAO FRITAS E CARNE	999	10	t	0.00	48.00	0.00	0102	\N	\N
1543	KIBON FRUITARE COCO	999	24	t	0.00	7.50	0.00	7891075020023	18	\N
1525	EMPADINHA	97	1	t	0.00	8.00	0.00	1525	32	\N
1511	CHOCOTRIO NEGRESCO GAROTO 90G	48	1	t	0.00	8.90	0.00	7891000395417	25	\N
1484	PIRULITO UN	100	1	t	0.00	0.50	0.00	1484	28	\N
1545	KIBON FRUITARE LIMÃO	997	24	t	0.00	7.50	0.00	7891075010161	18	\N
1064	BIS XTRA ORIGINAL	986	1	t	0.00	4.50	0.00	7622300988470	25	\N
1499	BOMBAY SAPHIRE	1000	2	t	80.00	135.00	68.75	5010677715003	34	\N
1535	Dose de Cavalo	992	1	t	0.00	25.00	0.00	1535	41	\N
1509	TRENTO CHOCOLATE 29G	1000	16	t	1.68	3.00	78.57	7896306625237	25	\N
1491	LOBITOS CEBOLA 40G	1000	10	t	0.00	3.00	0.00	1491	\N	\N
1492	LOBITOS CEBOLA 40G,	999	10	t	0.00	3.00	0.00	7896499902627	17	\N
1493	FRUIT - TELLA DOCE DE LEITE	1000	24	t	0.00	3.50	0.00	7895144025117	\N	\N
1485	MONSTER ZERO	98	1	t	6.99	12.00	71.67	7898938890076	6	\N
1547	KIBON FRUITILLY MORANGO	998	24	t	0.00	6.00	0.00	7891150007680	18	\N
1662	SUCO DEL VALLE LARANJA 1L	1000	1	t	4.47	6.90	54.36	7894900556032	2	\N
1523	PORÇÃO FRITAS P	997	100	t	10.00	25.00	150.00	1523	40	\N
1507	ERVILHA 170g	19	1	t	0.00	4.90	0.00	7898902299379	21	\N
1497	GUDANG SOLTO	984	500	t	1.20	2.50	108.33	1497	8	\N
1541	CORNETTO CROCANTE 60G	999	24	t	0.00	11.00	0.00	7891150051973	18	\N
1533	ALPINO 270ML	979	3	t	5.30	8.90	67.92	7891000067048	24	\N
1498	PRESTIGIO DARK	997	48	t	1.99	3.50	75.88	7891000118580	25	\N
1496	TRINDENT X SENSE CEREJA ICE	997	16	t	0.00	3.50	0.00	7622210564337	28	\N
1531	NESCAFE 270ML	997	3	t	5.37	8.50	58.29	7891000110829	24	\N
1512	OUSADIA MORANGO 350 ML	100	1	t	0.00	6.90	0.00	7896336810467	38	\N
1530	MONSTER ULTRA PEACHY	1000	2	t	7.39	12.00	62.38	7898938890090	6	\N
1515	OUSADIA MELANCIA 350ML	100	1	t	0.00	6.90	0.00	7896336810450	38	\N
1505	QUEIJO	1000	10	t	0.00	5.00	0.00	1505	\N	\N
1514	OUSADIA BLUEBERRY 350ML	1000	1	t	4.00	7.50	87.50	7896336810429	38	\N
1516	OUSADIA PEDACINHO DO CÉU 350ML	100	1	t	0.00	6.90	0.00	7896336810474	38	\N
1504	PETRA350ML	996	10	t	0.00	4.00	0.00	1504	\N	\N
1483	SUCO DEL VALLE 1,5L	87	1	t	5.16	8.50	64.73	7894900550061	2	\N
1518	MICHELOR ULTRA 330MOL	994	3	t	0.00	7.90	0.00	7891991299619	5	\N
1508	ESTRELLA GALICIA ZERO 330ML	50	1	t	3.96	7.00	76.77	8412598000478	5	\N
1538	NATUREL LARANJA 300ML	998	16	t	4.85	7.90	62.89	7897026000427	2	\N
1522	BOLO ANA MARIA	9999	5	t	0.00	4.95	0.00	7896002311847	26	\N
1490	ACREMA BLEND 20G	996	10	t	13.00	21.50	65.38	7898634870129	27	\N
1488	FANDANGOS QUEIJO 37G	1	0	t	0.00	2.99	0.00	7892840821159	\N	\N
1480	SORVETE	9	1	t	0.00	29.90	0.00	1480	21	\N
1550	MAGNUM BRANCO 69G	999	24	t	0.00	16.00	0.00	7891150023093	18	\N
1481	BOLSA	3	1	t	0.00	55.00	0.00	1481	21	\N
1489	FINE	16	0	t	0.00	1.50	0.00	7898591459511	\N	\N
1520	creme de leite paulista 200g	998	3	t	3.05	4.95	62.30	7896294901825	24	\N
1502	DOSE RED LABEL	86	1	t	0.00	30.00	0.00	1502	41	\N
1524	BISCOITO MAIZENA BAUDUCCO 170G	48	1	t	0.00	4.99	0.00	7891962032450	26	\N
1427	HERSHEYS COOKIE AND CHOCOLATE	999	1	t	4.49	7.90	75.95	7899970402869	25	\N
1495	SPRITE FRESH LEMON 1,5L	9994	6	t	5.21	8.50	63.15	7894900680522	4	\N
1548	KIBON TABLITO	996	24	t	0.00	10.00	0.00	7891075060210	18	\N
1513	OUSADIA MAÇA VERDE 350ML	97	1	t	0.00	6.90	0.00	7896336810498	38	\N
1532	ALPINO 280ML	1000	3	t	4.37	8.50	94.51	7891000067048	24	\N
1539	SENHORA LARANJA + MANGA 1,5L	1000	12	t	16.50	25.50	54.55	7897026001271	2	\N
1528	SPRITE FRESH 500ML	995	1	t	0.00	5.00	0.00	7894900680508	4	\N
1536	PORÇÃO BATATA MEDIA	996	10	t	0.00	30.00	0.00	1536	40	\N
1542	KIBON BRIGADEIRO 52G	975	24	t	0.00	10.00	0.00	7891075403192	18	\N
1500	DOSE SANTA 50ML	99	1	t	0.00	5.00	0.00	1500	41	\N
1526	KASKAO CROSH	50	1	t	0.00	9.00	0.00	7896513912977	21	\N
1546	KIBON CLASSICO	997	24	t	0.00	8.50	0.00	7891075030091	18	\N
1537	MASK BROWNIE 85g	991	1	t	0.00	15.50	0.00	7896513912687	18	\N
1540	NATURAL JUICE PINK LEMONADE 900ML	1000	10	t	11.60	18.00	55.17	619205997864	2	\N
1549	KIBON ESKI-BON	999	24	t	0.00	8.00	0.00	7891075080218	18	\N
1519	oleo liza 900 ml	995	3	t	0.00	9.50	0.00	7896036090244	24	\N
1529	DOSE 51 OURO	47	1	t	0.00	8.00	0.00	1529	41	\N
1517	combo gin	998	10	t	0.00	49.90	0.00	1517	34	\N
1521	BIS XTRA BRANCO 45G	997	24	t	2.68	4.50	67.91	7622210534576	25	\N
1527	+MU ACHOCOLATADO	49	1	t	0.00	4.50	0.00	736532573964	31	\N
1503	Pedra 90	98	1	t	0.00	6.00	0.00	789110000500	30	\N
1479	BISNAGUINHA	98	1	t	0.00	5.99	0.00	1479	21	\N
1486	ISQUEIRO BARATO	99	1	t	0.75	2.90	286.67	1	21	\N
1544	KIBON FRUITARE UVA	999	24	t	0.00	7.50	0.00	7891075010130	18	\N
1478	CUPIM KG	98	1	t	0.00	59.90	0.00	1478	21	\N
1552	MAGNUM COOKIE & CREAM	1000	24	t	0.00	17.00	0.00	7891150041042	18	\N
1554	MINI CHICABON	1000	24	t	0.00	15.00	0.00	7891150094833	18	\N
1555	MINI MORANGO	1000	24	t	0.00	15.00	0.00	7891150099548	18	\N
1567	TRENTO MASSIMO BROWNIE	994	24	t	1.68	3.00	78.57	7896306624292	25	\N
1557	KASKAO COCO	1000	1	t	0.00	6.00	0.00	7896513912069	18	\N
1573	DUNHILL DOUBLE REFRESH	9998	5	t	13.00	14.75	13.46	78946286	8	\N
1558	KASKAO MORANGO 1,5L	999	1	t	0.00	29.90	0.00	7896513915169	18	\N
1577	CHESTERFIELD ORIGINAL VERMELHO	999	1	t	8.00	9.50	18.75	78939424	8	\N
1587	TANQUERAY ROYALE 700ML	1000	1	t	99.00	155.00	56.57	5000291026548	34	\N
1588	TANQUERAY SEVILLA 700ML	1000	1	t	99.00	155.00	56.57	5000291023462	34	\N
1561	DOSE TEQUILOKA	996	1	t	5.00	10.00	100.00	1561	22	\N
1591	BLACK LABEL 1L	10000	5	t	179.90	259.90	44.47	5000267023601	\N	\N
1584	DELVALLE SABOR PESSEGO	1000	6	t	2.50	4.00	60.00	7894900660425	2	\N
1563	PAULISTINHA OURO	1000	10	t	20.80	34.90	67.79	7898994570233	8	\N
1566	TRENTO MASSIMO FRUTAS VERMELHAS	1000	16	t	1.68	3.00	78.57	7896306625008	25	\N
1590	DEL VALLE KAPO MORANGO	12	4	t	2.23	4.00	79.37	7894900583700	2	\N
1569	FILTRO HITABACCO	1000	10	t	8.50	14.50	70.59	7898629670703	8	\N
1570	FILTRO OCB 120	1000	12	t	7.97	12.90	61.86	3057068103720	8	\N
1568	TORRONE 70G	999	1	t	2.00	4.50	125.00	7896079816115	25	\N
1579	REDBULL CEREJA 250ML	998	4	t	7.00	12.00	71.43	9002490264093	6	\N
1601	SKOL BEATS RED MIX	999	1	t	6.29	12.00	90.78	7891991307208	38	\N
1572	DUNHILL AZUL	10000	5	t	13.30	14.25	7.14	78941083	8	\N
1598	51 ICE AÇAI 275ML	1000	1	t	5.00	8.50	70.00	7896002111928	38	\N
1560	CANTINHO DO VALE 500ML	998	10	t	2.65	4.50	69.81	7896741703248	16	\N
1562	PAULISTINHA TRADICIONAL	998	10	t	25.80	40.00	55.04	7898994570219	8	\N
1599	51 ICE BALADA 275ML	1000	1	t	5.00	8.50	70.00	7896002111034	38	\N
1593	PORÇÃO CONTRA FILEC/FRITAS	4	3	t	40.00	59.00	47.50	1593	40	\N
1582	SUCO DEL VALLE SABOR LARANJA	1000	6	t	2.31	4.00	73.16	7892840818257	2	\N
1578	AGUA DE COKO 200ML	1000	3	t	1.29	3.00	132.56	618341739178	3	\N
1613	PINGO DE OURO 160G	9999	5	t	5.99	10.90	81.97	7892840823108	21	\N
1600	SKOL BEATS CAIPIRINHA	1000	1	t	6.29	12.00	90.78	7891991304849	38	\N
1580	SLA	1000	12	t	1.29	2.79	116.28	1580	21	\N
1595	WINSTON BLUE	9998	10	t	5.00	9.00	80.00	78938496	8	\N
1614	DORITOS KET CHUP 110G	996	5	t	10.56	14.90	41.10	7892840823771	21	\N
1586	BUCHANAN'S DELUXE 1L	1000	1	t	199.00	265.00	33.17	50196364	20	\N
1575	CIGARRO HOTMANS GLOBAL VERMELHO	9995	10	t	6.44	7.50	16.46	78944220	8	\N
1603	HALLS MORANGO	1000	1	t	1.60	3.50	118.75	78938847	29	\N
1583	SUCO DEL VALLE SABOR UVA	999	6	t	2.50	4.00	60.00	7894900660432	2	\N
1605	BALY CITRUS LIMÃO SICILIANO 2L	1000	1	t	7.49	13.90	85.58	7898080665072	6	\N
1663	BUBBALOO	990	50	t	0.25	0.50	100.00	7895800002957	28	\N
1592	DOSE DE ROCKS	9999	2	t	20.00	30.00	50.00	1592	41	\N
1616	DORITOS DINAMITA 60G	9997	5	t	3.63	6.00	65.29	7892840822378	\N	\N
1602	AMENDOIM SEM PELE 50G	997	1	t	1.75	3.50	100.00	7897115100229	17	\N
1619	ICE TEA MATTE LEÃO	985	6	t	2.95	5.00	69.49	7891098040688	21	\N
1551	MAGNUM CLASSICO 69G	998	24	t	0.00	16.00	0.00	7891075403215	18	\N
1615	DORITOS MOSTARDA 110G	9998	5	t	10.56	14.99	41.95	7892840823764	17	\N
1606	GELO AMERICANO BLUEBERRY	1000	1	t	1.00	3.00	200.00	7898946674859	24	\N
1607	GELO AMERICANO ABACAXI	1000	1	t	1.00	3.00	200.00	7898946674897	24	\N
1608	GELO AMERICANO FRUTAS VERMELHAS	1000	1	t	1.00	3.00	200.00	7898946674910	24	\N
1609	GELO AMERICANO PESSEGO	1000	1	t	1.00	3.00	200.00	7898946674903	24	\N
1610	GELO AMERICANO LARANJA	1000	1	t	1.00	3.00	200.00	7898946674873	24	\N
1565	DOSE ABSOLUT SABOR	996	0	t	20.00	35.00	75.00	1565	41	\N
1487	Dose 50ml	932	5	t	1.00	5.00	400.00	1487	41	\N
1581	ESTRELLA GALICIA LONGNECK 355ML	6	4	t	5.29	8.50	60.68	7898953990140	5	\N
1571	EMPADA	14	1	t	3.00	8.00	166.67	1571	32	\N
1553	MINI ESKI-BON	997	24	t	0.00	15.00	0.00	7891075081215	18	\N
1216	SALGADOS	664	1	t	0.00	7.00	0.00	0000000	32	\N
1611	SKOL BEATS RED MIX LATA	992	1	t	3.50	8.50	142.86	7891991307185	38	\N
1618	ICE TEA LEÃO PESSEGO	1000	6	t	2.95	5.00	69.49	7891098040893	21	\N
636	SORVETE NAPOLITANO 1,5	998	1	t	29.90	36.90	23.41	7896513915220	18	\N
1604	HALLS MENTA	999	1	t	1.60	3.00	87.50	78938830	29	\N
1617	FANDANGOS 60G	9999	5	t	3.71	8.50	129.11	7892840823061	\N	\N
1612	DOSE ASKOV	996	1	t	6.00	12.00	100.00	1612	41	\N
1589	DEL VALLE KAPO UVA	11	4	t	2.23	4.00	79.37	7894900593709	2	\N
1596	WINSTON CLASSIC RED	9999	10	t	5.00	9.00	80.00	78938489	8	\N
1564	PAULISTINHA MENTA	998	10	t	28.00	45.00	60.71	7898960653182	27	\N
1585	BALENA CHOCOLATE CARAMELO750ML	999	3	t	139.90	229.90	64.33	7898726150023	22	\N
1574	DUNHILL ICE REFRESH	10000	5	t	13.00	14.75	13.46	78946323	8	\N
1597	FRUTHOS AÇAI 1,3KG	999	1	t	35.00	43.90	25.43	7896513909038	18	\N
1621	SUPERBOND GEL	1000	4	t	2.50	7.00	180.00	7896020417156	24	\N
1622	THREE BOND	1000	4	t	2.00	5.90	195.00	7896020470427	24	\N
1644	NESCAFE CAPPUCCINO CANELA	996	1	t	2.00	8.50	325.00	7891000389225	24	\N
1620	YPE ACONCHEGP 500ML	999	1	t	3.00	5.50	83.33	7896098900406	21	\N
1627	COMBO ASKOV	2	3	f	15.00	30.00	100.00	007	33	\N
1630	TRIDENT MAX BLUEBERRY	5	1	t	2.60	4.50	73.08	7622210563477	\N	\N
1632	CHEEZ IT SNAP NACHO 45G	10000	5	t	2.80	4.90	75.00	7896004010090	26	\N
1633	CHEEZ IT QUEIJO 45G	10000	5	t	2.80	4.90	75.00	7896004010106	26	\N
1634	MONSTER ORANGE JUICE	2	1	t	7.90	12.00	51.90	1220000250147	6	\N
1625	DOSE JOSE CUERVO	999	1	t	10.00	20.00	100.00	1625	22	\N
1534	NISSAN LAMEN  GALINHA CAIPIRA	986	1	t	0.00	4.00	0.00	7891079000229	24	\N
1642	ACAI COM BANANA	10000	24	t	9.27	14.90	60.73	7898181475334	18	\N
1718	KIBON SNICKERS 800 ML	999	1000	f	34.90	34.90	0.00	7891150061033	18	\N
1626	AGUA COM GAS 500ML	991	1	t	1.00	3.50	250.00	7898641870648	\N	\N
1701	CHAMPAGNE MANSÃO MAROMBA	15	0	t	15.00	24.90	66.00	7898694893021	38	\N
949	DORITOS 120G	998	1	t	11.68	15.90	36.13	7892840822446	17	\N
1628	TRIDENT MAX HORTELÃ	3	1	t	2.60	4.50	73.08	7622210563538	\N	\N
1623	KASKAO BLANCO	999	1	t	5.00	9.00	80.00	7896513912199	18	\N
1639	COMBO DE SEAGERS	457	80	t	90.00	120.00	33.33	4554875565465	34	\N
1716	MAGNUM AMÊNDOAS	1000	1	t	10.00	17.00	70.00	7506306417663	18	\N
1705	FRUTHOS AÇAI	999	1	t	10.00	15.90	59.00	7896513909298	18	\N
1664	VINHO TRADIÇÃO BORDO SUAVE	1000	12	t	15.00	29.90	99.33	7898336970554	16	\N
1643	FEIJAO NENE	998	1	t	5.00	7.50	50.00	7898053200019	24	\N
840	FANDANGOS SABOR PRESUNTO 160G	997	1	t	0.00	16.50	0.00	7892840822903	17	\N
1709	FINI DENTADURA	996	1000	f	1.00	2.00	100.00	7898591450600	29	\N
1698	MAGUARY MARACUJA 2OOML	100	0	t	1.89	3.90	106.35	7896000594068	2	\N
1636	TRIDENT CANELLA	998	1	t	1.10	3.50	218.18	7895800304235	28	\N
1211	51 ICE MAÇA VERDE 269ML	1000	1	t	6.00	8.50	41.67	7896002111898	38	\N
1629	TRIDENT MAX COOL RASPBERRY	-3	1	f	2.60	4.50	73.08	7622210528940	29	\N
1196	HEINEKEN LONGNECK ZERO  330ML	976	1	t	0.00	9.00	0.00	7896045506040	5	\N
1694	DOSE CHANCELER	1	0	t	8.00	12.00	50.00	1694	41	\N
1700	MAGUARY LARANJA 200ML	1000	0	t	1.89	3.90	106.35	7896000594044	2	\N
1712	FINI TUBES TUTTI FRUTTI	1000	1000	t	1.00	2.00	100.00	7898591459474	23	\N
1704	SORVETE KASKAO 150G	1000	1	t	7.00	10.50	50.00	7896513940048	18	\N
1713	FINI TUBES FRUTAS SILVESTRES E NATA	1000	100	t	1.00	2.00	100.00	7898591457845	23	\N
1707	FINI BANANA	1000	1000	t	1.00	2.00	100.00	7898591450686	29	\N
1708	FINI DENTADURAS	1000	1000	t	1.00	2.00	100.00	7908228805991	29	\N
1714	FINI TUBES UVA	1000	1000	t	1.00	2.00	100.00	7898591455629	23	\N
1638	RED  BULL MORANGO E MELAO	9989	380	t	6.99	12.00	71.67	9002490275013	6	\N
1710	FINI MINHOCAS	1000	0	t	1.00	2.00	100.00	7898591450723	29	\N
1706	FINI BEIJOS	1000	1000	t	1.00	2.00	100.00	7898591450662	29	\N
1711	FINI TUBES MORANGO E LARANJA	1000	1000	t	1.00	2.00	100.00	7898591454561	23	\N
1645	DOSE VELHO BARREIRO	996	1	t	5.00	5.00	0.00	1645	30	\N
1646	SORVETE SUNDAE	998	1	t	5.00	7.25	45.00	7896513915022	18	\N
1703	BRAHMA MALZBIER LONG	9	2	t	4.90	7.90	61.22	7891149040308	5	\N
1699	MAGUARY UVA 200ML	999	0	t	1.89	3.90	106.35	7896000594099	2	\N
393	GELO AMERICANO DE MARACUJA	874	1	t	0.00	3.00	0.00	7898946674811	24	\N
1721	CHÁ LEÃO ICE TEA 290ML	9997	6	t	2.39	4.90	105.02	7891098041630	21	\N
1717	KIBON TABLITO 800 ML	1000	1000	t	19.90	34.90	75.38	7891150061057	18	\N
1719	REMOV	1000	10	t	7.39	12.00	62.38	1220000250222	6	\N
1637	CHESTERFIELDREMIX FRESH	998	4	t	8.00	10.25	28.13	78946675	8	\N
1702	SPATEN LONG	-4	1	f	4.90	7.90	61.22	7891991305440	5	\N
1722	SMIRNOFF ICE LT 269ML	1000	24	t	4.99	8.90	78.36	7893218003610	21	\N
1720	CHA LEAO LT 290ML	9996	6	t	2.39	4.90	105.02	7891098041647	21	\N
1641	AÇAI GRANOLA 220G	999	24	t	9.27	14.90	60.73	7898181475310	18	\N
307	HEINEKEN 350ML	466	1	t	0.00	6.50	0.00	7896045506873	5	\N
1640	RUFLES SOUR CREAM E CEBOLA	996	1	t	11.00	16.00	45.45	7892840822026	17	\N
26	MONSTER PACÍFIC PUNCH 473ML	998	1	t	7.39	12.00	62.38	1220000250031	6	\N
355	CABARE ICE SABOR FRUTAS VERMELHAS 275ML	997	1	t	6.19	9.99	61.39	7897395000509	38	\N
1624	ROTHMANS AZUL GLOBAL	992	4	t	5.50	7.50	36.36	78944237	8	\N
1635	CHOCOTELLA	992	1	t	6.00	9.00	50.00	7896513912243	18	\N
1631	ABSOLUT SPRITE LATA	9998	9	t	6.79	12.90	89.99	7894900337006	38	\N
1696	COCA COLA SEM AÇUCAR 250ML	9997	12	t	3.33	5.00	50.15	78912892	4	\N
185	BLACK CRETEK MENTHOL	996	1	t	19.00	19.50	2.63	78939912	8	\N
1685	REMO	997	1	t	5.00	10.50	110.00	789651394001772	18	\N
318	AMSTEL 269ML	432	1	t	2.29	3.90	70.31	7896045505319	5	\N
1723	OUSADIA PINK LEMONADE	10000	24	t	3.99	6.90	72.93	7898336810481	21	\N
1715	KIBON MAGNUM PISTACHE	999	1000	f	19.00	19.00	0.00	7891150100053	18	\N
1725	DEL VALLE 100 MAÇA 200ML	1000	1	t	2.90	4.90	68.97	7894900612059	2	\N
1726	DON LUIZ 750ML	1000	1	t	50.00	69.00	38.00	7898994771012	38	\N
1727	ASKOV KIWI 900ML	1000	1	t	7.90	16.00	102.53	7896092503283	33	\N
1728	GOLD LABEL	1	1000	f	239.90	349.00	45.48	5000267107776	20	\N
1730	TIC TAC SABOR MORANGO	1000	1000	t	2.00	3.50	75.00	78945470	29	\N
1732	AMENDOIN JAPONÊS 60 G	1000	1000	t	1.50	3.50	133.33	7897115108218	17	\N
839	PILHA ALCALINA RAYOVAC AAA C/2	999	1	t	0.00	10.90	0.00	7896009760655	24	\N
1772	SWEPPES LEVE EM AÇUCARES LATA	1000	6	t	2.59	4.50	73.75	7894900320015	4	\N
1780	BEM BOLADO LARGE	997	50	t	4.50	7.50	66.67	742832800051	27	\N
713	FRUIT TELLA C VTAMINA C	1000	1	t	1.94	3.50	80.41	7895144296906	29	\N
1759	DOCE ABOBORA	1000	20	t	0.89	2.00	124.72	7898969103244	23	\N
1760	TRONKY 18G	1000	48	t	1.99	5.00	151.26	8000500374763	25	\N
1734	MELZINHO	1000	1	t	14.00	22.00	57.14	1734	27	\N
1735	PILHA ALCALINA AAA2	10000	5	t	7.12	12.50	75.56	7896009724015	\N	\N
1736	PILHA ALCALINA AA2	10000	5	t	2.72	10.50	286.03	7896009728013	\N	\N
1737	ISQUEIRO BIC PLAYER2	10000	12	t	5.50	8.99	63.45	070330662582	21	\N
1738	AMSTEL ULTRA 275ML	1000	12	t	7.90	6.00	-24.05	7896045506439	5	\N
1731	AMENDOIN JAPONÊS	999	1000	f	1.50	3.50	133.33	7897115108218	\N	\N
1762	PÃO DE FORMA SEVEN BOYS	1000	3	t	5.49	8.50	54.83	7891193010074	24	\N
1739	FREEGELLS MORANGO	10000	1000	t	2.50	2.50	0.00	7891151039819	29	\N
1740	FREEGELLS MORANGO COM CHOCOLATE	10000	10000	t	2.50	2.50	0.00	7891151039505	29	\N
1741	1922 DOCE DE LEITE	1000	1	t	50.00	89.50	79.00	7898996013769	30	\N
1743	PAPELITO	1000	1000	t	12.50	12.50	0.00	7898950283146	27	\N
1729	GAROTO HORTELÃ	999	1000	f	1.00	2.00	100.00	78910041	29	\N
1097	CIGARRO LM FIRSTCUT AZUL	978	1	t	4.90	7.50	53.06	78942646	8	\N
1744	DEL VALLE 1,50	1000	1000	t	8.50	8.50	0.00	7894900551068	2	\N
1745	DEL VALLE 1L	1000	1000	t	7.50	7.50	0.00	7894900550030	2	\N
1747	FRUTARE MORANGO	1000	28	t	5.53	8.00	44.67	7891150094321	18	\N
1748	CORNETTO BRIGADEIRO	1000	22	t	7.11	13.00	82.84	7891150091290	18	\N
1749	CORNETTO CROCRANTE	1000	24	t	7.90	11.00	39.24	7891150051973	18	\N
1750	MAGNUM MENOS AÇUCAR	1000	18	t	12.64	17.00	34.49	7891150081963	18	\N
1724	BOMBOM OREO 20,1G	9996	24	t	1.37	2.50	82.48	78948150	25	\N
1751	ASKOV DE MORANGO 500ML	10000	1000	t	8.50	8.50	0.00	7896092505508	30	\N
1752	ASKOV MARACUJÁ 500ML	10000	3	t	4.99	8.50	70.34	7896092504921	30	\N
1754	WHITE HORSE 500ML	1000	4	t	39.90	64.90	62.66	5000265101042	20	\N
1755	VIBE 1L	1000	18	t	4.49	7.90	75.95	7899914200636	6	\N
1733	DOSE BLACK	4	1	t	30.00	60.00	100.00	1733	41	\N
1756	M&M TUBO 30G	1000	12	t	3.16	5.50	74.05	78964236419276	25	\N
1758	TRENTO CARAMELO	1000	16	t	1.81	3.00	65.75	7896306625466	25	\N
1763	BISNAGUINHA PANCO	10000	3	t	6.98	9.90	41.83	7891203010605	24	\N
1764	SABONETE LIVY	1000	12	t	1.35	2.50	85.19	7896023408199	24	\N
1773	MENTOS FANTA LARANJA	1000	16	t	2.06	3.50	69.90	7895144208442	29	\N
1766	SUFLAR 80G	1000	16	t	7.49	12.00	60.21	7891000329856	25	\N
1767	SEDA OCB SLIM	1000	50	t	3.99	6.50	62.91	30038569	21	\N
1765	SUFLAR 50G	999	20	t	4.65	7.50	61.29	7891000107836	25	\N
1769	PINGO DE OURO PICANHA 120G	1000	12	t	7.77	12.00	54.44	7892840823146	17	\N
1770	DORITOS PIZZA 48G	1000	12	t	3.90	5.50	41.03	7892840820053	17	\N
1774	FANTA LARANJA 1,5	1000	6	t	4.89	8.50	73.82	7894900031751	4	\N
1771	BATATA RUSTICAS SDABOR CREAM CHEESE 68G	1000	12	t	7.77	10.90	40.28	7892840820640	17	\N
1768	DORITOS 75G	1000	10	t	7.80	12.00	53.85	7892840822347	17	\N
1753	DORITOS KET CHUP 37G	999	5	t	3.63	5.50	51.52	7892840823610	17	\N
308	ITAIPAVAL 0,0% LONGNECK	980	1	t	3.50	5.50	57.14	7897395000882	5	\N
1778	SEDA METRO BROWN BEM BOLADO	1000	24	t	4.79	7.50	56.58	742832250467	27	\N
1777	PITEIRA SLIM BEM BOLADO	1000	24	t	2.25	4.00	77.78	040232885501	27	\N
1779	CHARUTOS COM PITEIRA	1000	10	t	5.22	14.50	177.78	7898335052459	27	\N
1781	MAÇARICO	1000	20	t	7.39	14.90	101.62	3661075108823	27	\N
1757	M$M 80G	998	15	t	5.99	9.90	65.28	7896423406078	25	\N
1742	DRAFT VINHO BRANCO 600ML	999	1000	f	14.00	14.00	0.00	7896494208342	16	\N
1782	JACK DANIEL'S 700ML	10000	6	t	106.87	159.90	49.62	5099873089798	20	\N
1783	JACK DANIEL HONEY 700ML	1000	6	t	106.87	159.90	49.62	5099873001370	20	\N
1784	JACK DANIELS FIRE 700ML	1000	3	t	102.00	149.90	46.96	5099873006351	20	\N
1746	MALZEBIER ITAIPAVA 350ML	999	12	t	4.39	6.90	57.18	7897395020194	5	\N
1776	PITEIRA PAPELITO  TRADICIONAL	999	25	t	2.22	4.00	80.18	7898950283108	27	\N
1775	PITEIRA GIRLS IN GREEN	999	24	t	4.75	8.50	78.95	798190228464	27	\N
1761	SNICKERS BRANCO 42G	998	20	t	2.94	4.90	66.67	7896423488883	25	\N
1785	AGUA 1L CRYSTAL	10000	18	t	2.62	4.50	71.76	7894900530025	3	\N
1787	PAULISTINHA CEREJA	1000	10	t	28.00	45.00	60.71	7898960653144	8	\N
1199	PETRA MALZBIER LONGNECK 330ML	993	12	t	4.99	8.50	70.34	7897395001063	5	\N
1789	DELL VALLE  PESSEGO SEM AÇUCAR 1L	1000	6	t	7.68	10.90	41.93	7898341430043	2	\N
1790	CIGARRO SANTROPEZ SERIE OURO	1000	10	t	23.00	39.00	69.57	0618231936281	8	\N
1791	CIGARRO SANTROPEZ PREMIUM	1000	10	t	23.00	39.00	69.57	742832139069	8	\N
1792	NESCAU EXTRA CACAU 270ML	1000	6	t	5.29	8.90	68.24	7891000401903	21	\N
1793	NESTON 280M	1000	6	t	5.14	8.90	73.15	7891000090732	21	\N
1795	NESCAFE CAPUCCINO 270ML	1000	6	t	5.30	8.90	67.92	7891000110829	21	\N
1796	NESCAFE CHOCOTINO 270ML	1000	6	t	5.30	8.90	67.92	7891000389300	21	\N
1798	CHARUTO BOMBAIANO	1000	50	t	1.70	5.00	194.12	7898959706134	27	\N
1800	CIGARRA DE PALHA SOUZA PAIOL	1000	10	t	14.50	29.00	100.00	7898996132385	27	\N
1801	COCA COLA  220ML	1000	10000	f	3.00	3.50	16.67	7894900010398	4	\N
1802	CIGARRO PALHA PIRACANJUBA	1000	10	t	19.50	34.90	78.97	7898915505016	27	\N
1788	BACARDI 700ML	999	6	t	37.00	59.00	59.46	7610113026878	22	\N
1804	ZIGGY CHERRY	1000	10	t	9.50	17.50	84.21	7898927097806	27	\N
1805	ZIGGY FRUTTI	1000	10	t	9.50	17.50	84.21	7898962227107	27	\N
1833	WAFER PASSATEMPO MORANGO 20G	999	28	t	0.75	2.00	166.67	7891000081211	26	\N
1807	MAÇARICO PISTOLA TRANSPARENTE	1000	25	t	13.00	19.00	46.15	1807	27	\N
1814	TRENTO BRANCO DARK	1000	16	t	1.68	3.00	78.57	7896306625251	25	\N
1808	TWIX 40G	1000	24	t	3.19	5.50	72.41	7896423470994	25	\N
1809	CRETEK CEREJA	1000	10	t	18.50	21.00	13.51	78940765	8	\N
1810	KIT KAT COCONUT	1000	24	t	2.90	4.90	68.97	7891000417027	25	\N
1811	KIT KAT TRIPLE	1000	24	t	2.90	4.90	68.97	7891000412046	25	\N
1816	OCB SLIM VIRGIN PAPER	1000	50	t	4.30	7.90	83.72	30104891	27	\N
1815	OCB SLIM ULTIMATE	1000	50	t	4.30	7.90	83.72	30119567	27	\N
1817	OCB SLIM PREMIUM	1000	50	t	4.30	7.90	83.72	30058569	27	\N
1818	OCB SLIM FIT	1000	50	t	4.30	7.90	83.72	30074866	27	\N
1819	OCB SLIM ORGANICA	1000	50	t	4.30	7.90	83.72	30118966	27	\N
1820	AMENDOIM SEM PELE 100G ELMA CHIPS	1000	24	t	6.67	9.90	48.43	7892840814748	17	\N
1821	CHEETOS 190G	1000	12	t	11.89	17.50	47.18	7892840823085	17	\N
1843	KASCAO NAPOLITANO 150G	999	12	t	7.00	10.50	50.00	7896513940093	18	\N
1826	JACK DNIEL'S DE COCA COLA 350 ML	1000	1000	t	18.00	18.00	0.00	7894900336504	20	\N
1829	PITEIRA SUPER	1000	24	t	1.40	4.50	221.43	798190191232	27	\N
1830	PITEIRA BEM BOLADO	1000	24	t	2.42	5.00	106.61	040232780912	27	\N
1831	CHOCO BISCUIT MILK	1000	6	t	4.25	6.90	62.35	7891000402979	26	\N
1832	WAFFER PASSATEMPO CHOCOLATE20G	1000	28	t	0.75	2.00	166.67	7891000081242	26	\N
1794	BEBIDA NESCAU 270M	998	6	t	5.30	8.90	67.92	7891000101926	21	\N
1834	NESCAFE MATINAL	1000	6	t	5.98	9.50	58.86	7891000307045	24	\N
1835	NESCAFE TRADIÇÃO 40G	1000	6	t	5.98	9.50	58.86	7891000307083	26	\N
1836	EISEBANH PALE ALE 355ML	1000	24	t	5.24	8.90	69.85	7898367980034	5	\N
1837	EISENBAHN WEIZENBIER 355ML	1000	24	t	5.24	8.90	69.85	7898367980041	\N	\N
1838	BOMBOM SKIMO 105G	1000	12	t	11.00	16.00	45.45	7896513908000	18	\N
1839	AÇAI COM LEITE EM PÓ 200ML	1000	12	t	9.25	15.90	71.89	7896513909113	18	\N
1840	KASKAO MILHO VERDE 150G	1000	12	t	7.00	10.50	50.00	7896513940239	18	\N
1841	KASKAO FLOCOS 150G	1000	12	t	7.00	10.50	50.00	7896513940017	18	\N
1842	KASKAO BRIGADEIRO 150G	1000	12	t	7.00	10.50	50.00	7896513940178	18	\N
1844	KASCAO MORANGO 150G	1000	12	t	7.00	10.50	50.00	7896513940048	18	\N
1845	PICOLE CHOCOLATE 55G	1000	12	t	3.60	6.00	66.67	7896513912151	18	\N
1846	MASK AVELÃ	1000	20	t	8.25	14.00	69.70	7896513914155	18	\N
400	KASKAO MORANGO	1000	12	t	3.25	6.00	84.62	7896513912328	18	\N
1812	TRENTO LIMÃO	996	16	t	1.68	3.00	78.57	7896306625374	25	\N
1806	CARVÃO ZOMO COCO 1KG	999	50	t	42.00	75.00	78.57	7841881001020	27	\N
1813	TRENTO MARACUJA	998	16	t	1.68	3.00	78.57	7896306625350	25	\N
1824	TA NA MÃO	998	20	t	13.50	22.50	66.67	78944640	27	\N
1797	AMENDOIM FRITO SEM PELE COM ALHO	9	5	t	3.00	5.00	66.67	7897228206061	21	\N
1803	ZOMO STRONG MINT	999	10	t	9.50	16.00	68.42	7841881034103	27	\N
1827	WINSTON XSTYLE BLUE	999	1000	f	9.00	9.00	0.00	78947832	27	\N
1828	WINSTON XSTRYLE RED	999	1000	f	9.00	9.00	0.00	78947849	27	\N
1786	ESTRELA GALICIA 350ML	999	24	t	4.08	7.00	71.57	7898953990065	5	\N
1825	JACK DANIE'S DE MEL 330 ML	9998	10000	f	18.00	18.00	0.00	5099873022092	20	\N
1847	SKOL BEATS RED MIX 1L	998	30	t	19.90	34.90	75.38	7891991307376	34	\N
1822	DORITOS SWEET CHILI 120G	9998	12	t	11.90	16.50	38.66	7892840822729	17	\N
1799	TONABE 25G	999	10	t	13.50	22.50	66.67	618231966035	27	\N
1823	ENSEBAHN INFILTERED 355M	998	24	t	4.56	7.50	64.47	7898367984346	5	\N
1848	FILTRO SADHU	1000	10	t	5.00	8.90	78.00	7898958790172	27	\N
774	ESSENCIA ZIGGY CAJU TROPICAL 50G	999	1	t	9.20	17.50	90.22	7898965792039	27	\N
1849	ESSENCIA ZGY BERRY	1000	24	t	9.20	17.50	90.22	1849	27	\N
1850	ESSENCIA ZIGGY FRUTAS ROXAS	1000	24	t	9.20	17.50	90.22	7908479402338	27	\N
1852	TABAQUIM	1000	10	t	13.00	21.50	65.38	7898956381426	27	\N
1874	PARATUDO ICE LEMON 290ML	10000	24	t	3.49	7.00	100.57	7896685201114	38	\N
1853	CHARUTO PHILLIES TITAN CX C/5	1000	10	t	65.70	99.00	50.68	1853	27	\N
1854	CHARUTO PHILIIES TITAN PINK SOLTO	1000	10	t	13.14	22.50	71.23	1854	27	\N
1855	CHARUTO PHILLIES TITAN PINK C/5	1000	10	t	65.00	99.00	52.31	070235629628	27	\N
1856	PRINGLES CALABRESA 105G	1000	7	t	10.81	16.50	52.64	7896004010618	17	\N
1857	PRINGLES MARGUERITA	1000	100	t	10.80	16.50	52.78	7896004010625	17	\N
1858	PRINGLES PORTUGUESA	1000	10	t	10.80	16.50	52.78	7896004010632	17	\N
683	CIGARRO LUCK STRIKE VERMELHO PATTERSON	996	1	t	6.00	7.50	25.00	78946392	8	\N
1860	PETRA TONICA	1000	12	t	2.70	4.50	66.67	7897395000431	4	\N
1861	MONSTER MANGO ZERO AÇUCAR	1000	12	t	7.79	12.00	54.04	7898938890113	6	\N
1862	CAFE PILÃO 250G	1000	10	t	18.70	28.50	52.41	7896089011982	24	\N
1864	THEREZEPOLIS SESSION IPA 350ML	1000	24	t	4.26	7.00	64.32	7896371000342	5	\N
1865	DORITOS DIPPAS 84G	1000	24	t	7.80	13.50	73.08	7892840815943	17	\N
1866	7898915411010	1000	50	t	2.75	4.50	63.64	7898915411010	27	\N
1851	CAMEL BERRY	9999	1000	t	15.00	15.00	0.00	78947795	27	\N
1867	JOHNNIE WALKER BLONDE 269ML	10000	24	t	6.80	12.00	76.47	7893278003919	22	\N
1868	SAGATIBA RABO DE GALO 700ML	1000	4	t	40.75	74.90	83.80	7896010006414	\N	\N
1869	CASA VALDUGA ORIGEM	1000	4	t	37.00	59.90	61.89	7898276973110	16	\N
1870	ALTOS DEL PLATA 750ML	10000	4	t	48.99	79.50	62.28	7790975017020	16	\N
1871	CASILLERO DEL DIABLO ROSE	1000	4	t	51.00	85.00	66.67	7804320750590	16	\N
1859	LUCK STRIKE RED MIX	998	10	t	9.00	9.75	8.33	78946255	27	\N
1872	NESTLE SURPRESA 20G	999	24	t	2.89	4.50	55.71	7891000408490	25	\N
1873	LICOR DE MALIBU DE COCO  750ML	10000	10	t	44.99	74.90	66.48	7891050004734	37	\N
151	SALGADINHO DE TRIGO BACON	987	1	t	1.67	3.50	109.58	7898171341083	17	\N
319	CERVEJA ANTARCTICA ORIGINAL 269ML	223	1	t	0.00	3.90	0.00	7891991295086	5	\N
1863	PRESTIGIO BRANCO 33G	997	48	t	1.99	3.50	75.88	7891000251133	\N	\N
\.


--
-- Data for Name: comandas_tabitem; Type: TABLE DATA; Schema: public; Owner: postgres
--

COPY public.comandas_tabitem (id, quantidade, preco_unitario, data_criacao, adicionado_por_id, produto_id, tab_id) FROM stdin;
6474	2	8.50	2025-03-12 15:58:16.926339+00	11	267	346
7188	3	4.90	2025-05-01 00:18:18.932873+00	11	702	385
6425	1	16.00	2025-03-09 04:09:34.624474+00	11	543	315
7204	1	5.00	2025-05-02 03:40:30.47706+00	11	49	12
12	1	7.00	2024-10-25 15:19:40.681021+00	1	250	5
13	1	4.00	2024-10-25 15:20:05.842328+00	1	315	5
14	4	8.50	2024-10-25 15:20:25.401612+00	1	1	5
6526	1	13.90	2025-03-15 23:44:51.919836+00	1	1055	346
6943	1	9.50	2025-04-11 14:06:51.022769+00	11	855	182
7162	1	5.00	2025-04-28 15:10:19.709185+00	11	592	336
5785	5	3.00	2025-02-08 06:18:44.014482+00	1	310	3
6573	1	8.90	2025-03-17 22:53:50.789633+00	11	1794	315
7175	1	7.50	2025-04-28 18:11:29.081913+00	11	212	17
6552	1	5.00	2025-03-17 01:47:25.880182+00	1	249	315
7061	3	3.90	2025-04-20 14:38:58.678023+00	1	319	339
6691	1	12.00	2025-03-24 05:59:38.049087+00	11	24	315
6956	6	4.00	2025-04-12 03:31:19.267349+00	11	312	36
6599	1	3.00	2025-03-18 18:04:20.449899+00	1	1267	127
5748	1	3.00	2025-02-07 02:39:06.591742+00	1	102	1
6625	3	2.00	2025-03-20 02:55:00.971905+00	11	1372	315
7046	1	9.99	2025-04-19 18:51:07.899021+00	1	354	324
7124	1	3.00	2025-04-26 16:16:17.621382+00	1	1217	17
5889	2	3.90	2025-02-12 00:19:40.697687+00	1	318	162
6074	1	4.00	2025-02-18 19:28:38.803591+00	1	1534	292
6799	2	4.50	2025-03-31 02:41:05.667768+00	11	91	315
6017	1	3.90	2025-02-16 13:28:13.938496+00	1	309	363
3374	1	15.00	2024-12-18 00:47:17.25003+00	1	1420	253
1126	1	7.50	2024-11-10 19:26:36.598552+00	1	1543	8
585	12	3.90	2024-11-01 22:24:55.866859+00	8	319	8
1199	2	4.50	2024-11-11 22:11:45.49101+00	1	702	189
89	5	3.50	2024-10-25 22:25:47.78753+00	1	318	31
90	1	25.00	2024-10-25 22:34:35.211844+00	1	1535	31
99	1	11.00	2024-10-25 23:13:04.587007+00	1	64	31
7062	1	229.90	2025-04-20 16:11:46.92795+00	1	1585	294
6574	1	2.00	2025-03-17 22:54:14.529089+00	11	1372	315
6587	1	3.00	2025-03-18 18:03:58.023854+00	1	1267	127
6692	4	2.00	2025-03-24 06:00:00.665714+00	11	1372	315
586	6	3.50	2024-11-01 22:26:01.550384+00	8	1205	128
7192	2	4.90	2025-05-01 14:09:34.33542+00	1	306	353
7205	1	8.50	2025-05-02 03:49:36.784211+00	11	1	12
6452	1	5.90	2025-03-10 23:49:31.966782+00	11	1209	315
7163	1	3.25	2025-04-28 17:58:49.062086+00	11	1206	385
6957	3	7.00	2025-04-12 03:31:39.081326+00	11	1216	36
5786	1	1.00	2025-02-08 06:18:53.66922+00	1	164	3
6075	1	2.00	2025-02-18 19:29:03.413564+00	1	1185	292
6995	22	4.00	2025-04-13 19:57:33.945508+00	11	312	36
7047	1	5.00	2025-04-19 19:07:11.851326+00	1	487	324
566	2	5.50	2024-11-01 15:53:07.835223+00	\N	597	5
3375	1	15.00	2024-12-18 00:47:27.410357+00	1	1420	253
6693	1	4.50	2025-03-24 06:00:31.525772+00	11	91	315
6414	2	4.90	2025-03-08 18:27:21.19184+00	1	306	171
6427	1	3.90	2025-03-09 05:33:45.945159+00	11	319	315
6588	1	3.00	2025-03-18 18:04:00.898194+00	1	1267	127
7138	1	9.00	2025-04-27 16:26:52.165454+00	11	966	17
5170	4	3.00	2025-01-21 22:22:56.874274+00	1	311	345
5993	13	3.00	2025-02-15 16:55:37.511852+00	1	310	42
6996	12	4.00	2025-04-13 20:14:13.52951+00	1	312	294
2089	1	3.50	2024-11-24 15:21:12.786636+00	1	1626	151
5515	1	3.00	2025-01-31 14:12:18.411104+00	1	311	218
7035	3	3.50	2025-04-19 05:43:05.595737+00	11	1409	315
5676	1	3.90	2025-02-05 23:41:19.411156+00	1	309	1
587	1	7.00	2024-11-01 22:34:28.925742+00	8	1112	128
6575	5	2.00	2025-03-17 22:54:21.668711+00	11	1372	315
6528	4	3.90	2025-03-16 00:13:06.592298+00	1	312	3
7164	1	12.50	2025-04-28 18:00:50.286592+00	11	327	386
371	4	6.50	2024-10-28 22:49:04.331405+00	1	307	91
372	3	9.00	2024-10-28 22:49:29.842013+00	1	300	91
6466	2	6.00	2025-03-12 01:12:44.152523+00	1	1369	315
7100	93	2.00	2025-04-24 04:25:57.789652+00	11	1372	17
7177	2	5.90	2025-04-28 18:41:05.415333+00	11	656	12
6601	2	3.50	2025-03-19 02:11:32.818682+00	11	92	315
6891	2	4.90	2025-04-08 00:00:39.036212+00	1	702	215
5331	1	4.00	2025-01-25 16:52:15.094953+00	\N	111	292
3716	4	8.50	2024-12-22 22:35:19.123384+00	1	1	47
2502	2	7.00	2024-12-01 01:00:07.445858+00	1	1216	220
2269	3	3.00	2024-11-27 19:41:36.256746+00	1	310	101
6576	1	3.90	2025-03-17 22:57:45.886806+00	11	121	315
6589	1	3.00	2025-03-18 18:04:04.197275+00	1	1267	127
6602	1	2.50	2025-03-19 03:13:26.861105+00	11	1443	315
6763	1	7.90	2025-03-27 21:17:33.497679+00	11	1702	315
7101	2	10.00	2025-04-24 04:26:27.512489+00	11	1402	17
6428	1	4.50	2025-03-09 17:34:16.076887+00	11	316	315
7139	1	9.00	2025-04-27 16:27:27.440606+00	11	300	17
5677	1	3.00	2025-02-05 23:41:26.848228+00	1	1645	1
5293	1	8.50	2025-01-24 22:28:03.192882+00	1	1108	218
6441	1	3.90	2025-03-10 04:12:54.393045+00	11	309	218
7036	13	2.00	2025-04-19 07:10:09.968923+00	11	1372	315
6454	3	4.90	2025-03-10 23:55:57.812822+00	11	306	315
7165	3	5.00	2025-04-28 18:04:06.249701+00	11	49	17
6892	2	8.50	2025-04-08 00:00:47.549179+00	1	1	215
6529	1	6.00	2025-03-16 00:13:25.1949+00	1	1118	3
6946	3	4.00	2025-04-11 18:07:35.960513+00	1	309	23
5171	2	3.90	2025-01-21 22:24:05.412029+00	\N	309	1
2544	3	3.90	2024-12-01 15:33:50.337218+00	1	309	1
6827	18	3.00	2025-04-04 03:07:36.50915+00	11	311	88
6840	2	1.00	2025-04-05 05:37:09.903001+00	11	164	315
6802	7	2.00	2025-03-31 05:54:51.998815+00	11	1372	315
3815	1	5.50	2024-12-24 20:19:44.789198+00	1	1198	48
2503	1	7.50	2024-12-01 01:00:15.63769+00	1	1200	220
2190	2	30.00	2024-11-25 22:53:26.651357+00	1	1627	203
4738	2	3.00	2025-01-10 18:36:41.482936+00	1	310	278
6577	1	3.50	2025-03-17 22:58:01.744181+00	11	92	315
7102	2	4.50	2025-04-24 04:26:48.215234+00	11	1872	17
6590	1	3.00	2025-03-18 18:04:05.492269+00	1	1267	127
7195	2	14.25	2025-05-01 15:00:48.731878+00	1	155	353
6517	1	5.00	2025-03-14 23:02:38.322604+00	11	249	315
6603	1	12.00	2025-03-19 03:46:17.205793+00	11	24	315
5517	1	3.50	2025-01-31 14:13:15.247282+00	1	1205	218
4739	1	5.00	2025-01-10 18:37:53.893863+00	1	49	278
6442	5	3.90	2025-03-10 04:12:57.721547+00	11	309	218
5854	10	9.00	2025-02-10 15:26:21.098694+00	1	1196	54
6429	7	2.00	2025-03-09 17:34:27.290105+00	11	1372	315
6455	2	5.50	2025-03-11 03:49:56.611403+00	11	1038	315
7140	2	3.00	2025-04-27 16:32:56.188244+00	11	321	17
5995	1	3.00	2025-02-15 18:04:33.907083+00	1	1217	292
2191	1	8.00	2024-11-25 22:54:02.537081+00	1	1093	203
7166	2	4.90	2025-04-28 18:04:54.181624+00	11	1761	17
6947	13	4.00	2025-04-11 18:08:44.066237+00	1	315	23
6906	4	4.00	2025-04-08 16:42:23.835344+00	1	309	377
7179	2	9.75	2025-04-29 01:12:05.382051+00	1	1319	12
6828	3	12.00	2025-04-04 05:27:05.707595+00	11	324	88
6841	1	4.90	2025-04-05 05:38:27.607735+00	11	436	315
2268	3	4.50	2024-11-27 19:41:23.454393+00	1	702	101
6578	1	3.00	2025-03-18 00:52:04.632008+00	11	94	315
5122	2	3.00	2025-01-20 00:26:20.570082+00	1	310	99
6591	1	3.00	2025-03-18 18:04:09.165576+00	1	1267	127
7103	1	9.00	2025-04-24 12:27:37.56165+00	11	1635	17
7196	1	7.90	2025-05-01 15:08:27.255728+00	1	299	353
6375	6	2.00	2025-03-08 00:13:31.121919+00	11	1372	315
6948	5	4.50	2025-04-11 18:32:23.602372+00	1	1106	23
6961	1	2.50	2025-04-12 05:50:42.75814+00	11	1497	315
6974	1	4.00	2025-04-12 16:17:49.601151+00	11	309	36
6430	1	12.00	2025-03-09 17:35:23.330629+00	11	64	315
6987	3	4.90	2025-04-13 16:10:33.310766+00	1	702	167
5518	1	3.00	2025-01-31 16:56:03.327869+00	\N	311	218
6518	1	9.90	2025-03-14 23:03:26.859862+00	11	1757	315
4244	1	10.00	2024-12-31 01:57:36.491234+00	1	1402	48
6469	4	2.00	2025-03-12 01:13:09.419551+00	1	1372	315
5396	1	12.00	2025-01-26 21:54:45.348808+00	\N	1346	32
2403	3	3.50	2024-11-29 22:55:31.766099+00	\N	126	273
2404	2	8.50	2024-11-29 22:56:43.934248+00	\N	1	273
5855	5	12.50	2025-02-10 15:27:03.260729+00	1	327	54
5996	1	3.90	2025-02-15 19:12:30.046291+00	1	317	362
6066	1	6.50	2025-02-18 17:50:59.713885+00	1	1122	42
7013	16	3.00	2025-04-15 18:28:02.663187+00	1	310	23
7080	2	4.00	2025-04-21 17:53:04.195885+00	1	312	354
6431	2	6.00	2025-03-09 21:24:44.152736+00	11	1369	315
6949	6	0.75	2025-04-11 19:05:21.6459+00	1	1111	23
6519	2	4.00	2025-03-15 00:52:34.213433+00	11	1250	315
3403	1	4.50	2024-12-18 15:56:29.326196+00	1	1390	292
7104	1	0.00	2025-04-24 12:28:22.828132+00	11	401	17
6592	1	3.00	2025-03-18 18:04:12.329013+00	1	1267	127
6470	3	2.00	2025-03-12 01:13:10.690892+00	1	1372	315
7155	1	3.00	2025-04-28 01:32:38.349105+00	1	1355	12
5680	1	8.50	2025-02-05 23:45:25.274581+00	1	138	3
7168	1	3.00	2025-04-28 18:05:36.915417+00	11	1102	17
6631	1	15.00	2025-03-20 15:03:48.288502+00	11	994	346
7039	2	7.90	2025-04-19 07:15:13.814204+00	11	87	315
7181	3	6.00	2025-04-29 02:04:13.083819+00	1	1369	12
7197	6	4.00	2025-05-01 15:52:37.976555+00	11	312	40
7052	3	4.00	2025-04-19 20:04:27.08939+00	1	312	324
6882	1	4.00	2025-04-06 22:06:05.44821+00	1	315	218
6067	1	4.50	2025-02-18 17:51:15.897529+00	1	1560	42
6172	2	7.00	2025-02-24 18:02:53.962799+00	1	328	54
6683	1	5.50	2025-03-23 04:36:18.498213+00	11	1037	315
5532	2	3.90	2025-01-31 20:12:27.945709+00	\N	309	218
5174	5	3.90	2025-01-21 22:24:38.814141+00	\N	312	218
5997	4	5.50	2025-02-15 19:12:48.162036+00	1	308	362
803	1	3.00	2024-11-05 13:21:15.004991+00	\N	310	104
1009	25	3.00	2024-11-09 01:17:34.664515+00	\N	310	170
7198	1	3.50	2025-05-01 16:27:09.520819+00	11	1863	336
7143	1	4.90	2025-04-27 17:18:58.727894+00	11	1679	336
6520	1	2.50	2025-03-15 03:15:02.134099+00	1	1497	315
7156	2	2.50	2025-04-28 01:32:48.657243+00	1	1497	12
7169	1	4.90	2025-04-28 18:07:15.174862+00	11	436	17
7182	1	12.00	2025-04-29 19:12:20.115955+00	11	1346	182
6593	1	3.00	2025-03-18 18:04:13.534277+00	1	1267	127
6377	1	7.00	2025-03-08 00:13:52.533963+00	11	1204	315
7040	1	3.90	2025-04-19 14:54:36.138738+00	11	319	36
5779	1	3.90	2025-02-08 05:58:56.270366+00	1	309	1
5090	8	3.90	2025-01-19 17:57:22.489621+00	1	312	3
7053	1	9.99	2025-04-19 20:05:13.194435+00	1	354	324
6471	2	2.00	2025-03-12 01:13:16.010985+00	1	1372	315
6632	1	5.00	2025-03-20 15:04:04.128185+00	11	49	346
5959	6	3.90	2025-02-14 17:00:44.465812+00	1	309	1
6989	1	4.00	2025-04-13 16:58:13.031633+00	1	309	167
6883	1	3.00	2025-04-06 22:06:14.664218+00	1	310	218
5533	1	5.50	2025-01-31 20:12:46.921659+00	\N	308	218
5188	3	4.90	2025-01-22 04:33:52.681756+00	\N	702	169
5398	1	6.90	2025-01-26 21:54:58.593216+00	\N	1097	32
1167	1	5.50	2024-11-11 14:08:14.761796+00	\N	1411	170
811	1	3.50	2024-11-05 15:42:08.463418+00	\N	1496	126
1203	3	7.00	2024-11-12 00:30:00.792039+00	\N	1216	170
1266	4	8.50	2024-11-13 16:20:48.705255+00	\N	1	97
763	1	11.25	2024-11-04 19:08:23.87574+00	\N	458	126
7069	1	4.50	2025-04-20 22:08:05.832172+00	11	1064	12
6858	1	3.00	2025-04-06 16:23:15.124605+00	11	1443	182
6594	1	3.00	2025-03-18 18:04:14.658601+00	1	1267	127
7106	1	10.50	2025-04-24 16:35:01.983341+00	1	1843	336
6977	2	4.00	2025-04-13 02:32:47.108385+00	11	309	36
2032	1	2.00	2024-11-23 19:40:18.739846+00	\N	200	170
6871	2	5.00	2025-04-06 18:33:28.135483+00	1	1487	366
577	11	3.00	2024-11-01 17:38:46.125894+00	\N	310	126
7119	27	4.00	2025-04-26 01:57:01.529822+00	11	312	36
6712	1	3.00	2025-03-25 03:19:55.534481+00	11	1217	292
6951	1	12.00	2025-04-12 00:40:48.823571+00	11	859	315
7157	3	5.00	2025-04-28 01:47:05.606176+00	1	49	12
6521	2	12.00	2025-03-15 04:45:13.973346+00	1	860	315
6433	1	1.00	2025-03-09 21:34:24.585273+00	11	164	315
6446	1	4.00	2025-03-10 07:03:22.680213+00	11	315	218
6472	1	4.00	2025-03-12 01:17:57.141293+00	1	1029	315
562	7	8.00	2024-11-01 14:20:19.203667+00	\N	1370	126
1168	1	5.00	2024-11-11 14:08:20.182621+00	\N	1285	170
7041	2	3.50	2025-04-19 14:54:46.672183+00	11	19	36
2058	5	3.90	2024-11-23 23:51:43.792627+00	\N	1429	1
1147	1	8.00	2024-11-10 22:53:35.285565+00	\N	1370	170
2251	1	7.00	2024-11-27 00:33:46.660825+00	\N	1216	1
6560	2	2.00	2025-03-17 02:49:58.746478+00	11	1372	315
7028	13	4.90	2025-04-19 00:28:14.98029+00	11	702	385
7170	1	9.00	2025-04-28 18:08:01.324256+00	11	967	17
1938	1	3.00	2024-11-22 17:55:21.153137+00	\N	108	126
5189	2	4.90	2025-01-22 04:34:02.486193+00	\N	306	169
7132	2	3.90	2025-04-27 05:00:35.434426+00	1	121	43
7183	1	3.00	2025-04-29 19:12:36.418369+00	11	1443	182
5534	1	8.50	2025-01-31 20:13:10.727918+00	\N	1108	218
7015	8	2.00	2025-04-16 05:26:18.019746+00	11	1372	315
6807	1	10.90	2025-04-01 02:01:36.977272+00	1	1041	315
1026	1	8.00	2024-11-09 06:50:09.149574+00	\N	1370	170
700	1	11.25	2024-11-03 16:31:16.272906+00	\N	458	126
2213	1	8.50	2024-11-26 21:32:31.96128+00	\N	1370	97
2258	4	8.50	2024-11-27 15:56:55.632934+00	\N	1370	126
1255	8	3.90	2024-11-13 00:12:32.155804+00	\N	1429	1
567	1	4.50	2024-11-01 15:53:30.440097+00	\N	49	5
627	2	7.00	2024-11-02 16:02:16.162058+00	\N	1216	126
1169	1	2.00	2024-11-11 14:08:53.964782+00	\N	1186	170
7029	19	4.00	2025-04-19 00:28:41.576808+00	11	309	385
6595	1	3.00	2025-03-18 18:04:15.790788+00	1	1267	127
7200	1	1.00	2025-05-01 19:07:13.184472+00	11	164	40
6434	1	3.50	2025-03-09 21:35:04.451591+00	11	1433	315
1031	3	3.90	2024-11-09 07:57:12.91527+00	\N	309	1
7158	1	3.50	2025-04-28 14:42:38.96939+00	11	1290	17
6447	2	4.00	2025-03-10 07:03:26.171957+00	11	315	218
6978	1	2.00	2025-04-13 03:49:52.979883+00	11	1440	36
6473	3	4.00	2025-03-12 01:18:02.727682+00	1	1029	315
6496	1	15.90	2025-03-13 15:01:55.279107+00	11	949	346
2812	1	1.00	2024-12-06 13:24:37.006114+00	\N	164	1
6872	39	3.90	2025-04-06 18:34:11.430091+00	1	318	366
7171	1	3.50	2025-04-28 18:08:15.035381+00	11	1103	17
441	3	3.00	2024-10-30 21:54:35.723218+00	\N	310	104
7184	2	3.00	2025-04-29 20:09:11.297218+00	1	1443	43
5535	1	3.90	2025-01-31 20:13:27.427685+00	\N	312	218
6782	3	3.90	2025-03-30 00:33:04.513391+00	11	319	315
7120	1	5.00	2025-04-26 14:17:48.655254+00	11	1619	17
5312	1	3.90	2025-01-25 03:24:42.239875+00	\N	312	224
6561	1	8.90	2025-03-17 02:57:00.137334+00	11	1792	315
2273	4	3.00	2024-11-27 21:14:08.786143+00	\N	310	170
7133	1	8.50	2025-04-27 05:00:46.328989+00	1	1370	43
7055	16	4.00	2025-04-20 06:05:19.003343+00	11	312	36
7070	7	12.00	2025-04-21 02:19:57.060807+00	11	24	315
6952	3	4.50	2025-04-12 00:41:16.985096+00	11	91	315
6846	1	4.00	2025-04-05 14:22:48.42399+00	11	225	182
2209	3	7.00	2024-11-26 19:31:25.835472+00	\N	1216	170
6070	1	7.50	2025-02-18 18:04:28.986209+00	1	1039	42
1249	3	2.00	2024-11-12 20:28:37.776455+00	\N	1497	170
3117	5	3.90	2024-12-12 19:17:42.26865+00	\N	1429	1
1935	1	3.00	2024-11-22 15:03:26.011871+00	\N	108	170
1662	1	7.00	2024-11-18 04:06:55.775045+00	\N	1216	1
762	3	4.50	2024-11-04 19:08:08.821346+00	\N	1367	126
859	1	11.25	2024-11-06 13:42:25.904379+00	\N	458	126
3530	6	3.90	2024-12-21 01:26:09.001454+00	\N	1429	1
1206	4	3.90	2024-11-12 01:06:31.702428+00	\N	319	173
2467	1	5.95	2024-11-30 15:19:55.972623+00	\N	129	126
3049	13	6.50	2024-12-10 22:36:09.440867+00	\N	307	97
2135	1	10.00	2024-11-24 21:56:36.638995+00	\N	358	97
7201	1	5.00	2025-05-01 21:12:28.661937+00	11	1374	12
7121	1	4.00	2025-04-26 14:23:55.408137+00	11	111	17
6435	1	5.00	2025-03-09 21:35:16.649344+00	11	49	315
6596	1	3.00	2025-03-18 18:04:16.916043+00	1	1267	127
6635	1	3.50	2025-03-20 15:06:11.353322+00	11	1409	346
4752	1	3.00	2025-01-11 01:51:47.734538+00	\N	310	142
5732	5	3.90	2025-02-07 00:11:12.92749+00	1	309	1
6783	2	12.00	2025-03-30 05:41:53.88918+00	11	24	315
6549	3	2.00	2025-03-16 23:36:46.26441+00	1	1372	315
6562	1	12.00	2025-03-17 03:10:34.93211+00	11	859	346
6873	2	4.00	2025-04-06 18:34:27.062934+00	1	312	366
1936	1	7.50	2024-11-22 15:03:51.926829+00	\N	262	126
7159	1	4.00	2025-04-28 14:42:44.592117+00	11	1280	17
7030	1	7.50	2025-04-19 00:28:57.675892+00	11	139	385
7172	3	6.50	2025-04-28 18:09:44.279365+00	11	1373	17
7071	2	5.00	2025-04-21 02:21:37.643481+00	11	249	315
3118	2	3.00	2024-12-12 19:18:06.299572+00	\N	1645	1
3545	4	3.00	2024-12-21 02:57:49.353627+00	\N	310	142
7056	2	12.00	2025-04-20 06:05:38.748374+00	11	373	36
2480	2	7.00	2024-11-30 17:59:14.593579+00	\N	1216	170
2031	6	3.00	2024-11-23 19:40:12.498825+00	\N	310	170
6299	2	4.50	2025-03-01 14:47:24.140023+00	11	244	54
5414	4	3.90	2025-01-27 23:12:10.132189+00	1	318	162
2550	5	5.50	2024-12-01 16:55:57.45879+00	\N	1209	286
2297	2	7.00	2024-11-28 00:29:52.277856+00	\N	1216	97
2298	1	7.00	2024-11-28 00:30:53.782712+00	\N	250	97
2440	8	3.90	2024-11-30 03:17:16.62182+00	\N	1429	277
7202	1	6.00	2025-05-01 21:38:14.55575+00	11	1369	12
6597	1	3.00	2025-03-18 18:04:18.079868+00	1	1267	127
7085	2	6.00	2025-04-22 03:34:14.836582+00	11	1369	315
7122	1	25.00	2025-04-26 16:15:27.976762+00	1	1405	17
6423	3	8.50	2025-03-08 23:51:18.893483+00	11	1	315
6436	5	7.50	2025-03-09 22:38:43.379047+00	11	1200	315
3553	2	7.00	2024-12-21 03:56:41.382104+00	\N	1216	142
5746	1	8.50	2025-02-07 02:20:54.035287+00	1	1362	1
7160	1	5.00	2025-04-28 14:43:27.409456+00	11	1619	17
7031	1	4.00	2025-04-19 00:30:16.465142+00	11	315	385
6550	1	5.00	2025-03-16 23:37:18.758145+00	1	249	315
2335	1	3.00	2024-11-28 20:53:34.11085+00	\N	310	102
2336	1	0.00	2024-11-28 20:54:33.446225+00	\N	193	102
2338	1	3.00	2024-11-28 20:56:34.965729+00	\N	1590	102
2337	2	3.90	2024-11-28 20:56:01.489138+00	\N	1429	102
7173	2	3.00	2025-04-28 18:10:14.557784+00	11	1217	17
6784	11	2.00	2025-03-30 05:43:48.647879+00	11	1372	315
7072	2	2.50	2025-04-21 02:21:56.29375+00	11	1497	315
7186	2	3.50	2025-04-30 19:53:19.613671+00	11	1863	43
5989	1	3.00	2025-02-15 16:33:41.741574+00	1	311	224
6874	3	20.00	2025-04-06 18:35:19.427394+00	1	1625	366
2391	1	3.00	2024-11-29 17:56:59.563682+00	\N	1084	126
3051	1	7.00	2024-12-10 22:37:45.492012+00	\N	1216	126
4172	1	9.00	2024-12-29 16:02:20.949165+00	\N	1095	292
2394	9	3.00	2024-11-29 20:21:44.486301+00	\N	310	170
3289	1	4.90	2024-12-15 23:44:07.670024+00	\N	306	300
4623	2	6.50	2025-01-08 16:01:23.976147+00	\N	307	97
3582	1	7.00	2024-12-21 20:54:52.602005+00	\N	1624	1
7123	8	2.50	2025-04-26 16:16:00.132189+00	1	1497	17
7148	2	4.00	2025-04-27 17:58:40.259583+00	1	309	217
7203	1	9.00	2025-05-02 03:39:22.002841+00	11	1112	43
7161	1	4.90	2025-04-28 15:05:01.467167+00	11	44	12
7174	1	3.00	2025-04-28 18:10:58.773903+00	11	395	17
7187	1	13.00	2025-04-30 19:53:58.213189+00	11	1075	43
6424	5	2.00	2025-03-08 23:51:43.540474+00	11	1372	315
2674	1	3.00	2024-12-03 18:40:14.280909+00	\N	310	170
6437	2	9.00	2025-03-09 22:39:00.428017+00	11	300	315
2675	12	3.00	2024-12-03 18:40:20.127884+00	\N	310	170
6585	7	3.90	2025-03-18 17:02:38.974399+00	1	1429	127
6551	1	12.00	2025-03-16 23:51:23.042647+00	1	754	315
6598	1	3.00	2025-03-18 18:04:19.255803+00	1	1267	127
6624	1	8.90	2025-03-19 23:05:56.35233+00	11	1796	315
7045	4	3.00	2025-04-19 18:48:43.672618+00	1	311	324
4672	2	4.00	2025-01-09 05:17:13.317322+00	\N	315	199
6798	1	3.90	2025-03-31 02:40:43.350002+00	11	121	315
6073	1	4.00	2025-02-18 19:28:34.876743+00	1	1534	292
6875	1	8.00	2025-04-06 18:35:37.365245+00	1	467	366
\.


--
-- Data for Name: pdv_compra; Type: TABLE DATA; Schema: public; Owner: postgres
--

COPY public.pdv_compra (id, data, metodo_pagamento, total) FROM stdin;
1	2024-10-26 02:13:21.114086+00	DINHEIRO	28.90
2	2024-10-26 02:20:32.518324+00	PIX	53.00
3	2024-10-26 02:32:49.306451+00	CREDITO	20.90
4	2024-11-08 14:32:16.500421+00	CREDITO	198.20
5	2024-11-08 17:48:25.121203+00	CREDITO	16.20
6	2024-11-10 11:51:39.665228+00	CREDITO	279.90
7	2024-11-15 19:14:58.456807+00	CREDITO	531.99
8	2024-11-15 19:20:34.816953+00	CREDITO	531.99
9	2024-11-15 19:22:04.660215+00	CREDITO	531.99
10	2024-11-17 18:50:10.425441+00	CREDITO	869.30
11	2024-11-21 13:53:24.331383+00	CREDITO	32.49
12	2024-11-21 15:41:50.057618+00	DEBITO	6.50
13	2024-11-21 15:41:50.425506+00	DEBITO	0.00
14	2024-11-21 15:42:09.671404+00	DEBITO	0.00
15	2024-11-21 15:42:57.223077+00	DINHEIRO	6.50
16	2024-11-21 19:18:19.941635+00	DINHEIRO	22.15
17	2024-11-23 12:03:06.379163+00	DINHEIRO	323.15
18	2024-12-01 13:55:24.393007+00	DEBITO	84.50
19	2024-12-01 23:23:36.513293+00	CREDITO	52.50
20	2024-12-06 05:15:09.852747+00	CREDITO	225.00
21	2024-12-21 02:18:34.637007+00	PIX	360.70
22	2024-12-21 02:18:35.072035+00	PIX	360.70
23	2025-01-07 03:08:17.959788+00	DEBITO	144.54
24	2025-01-11 22:53:52.895841+00	CREDITO	3.90
25	2025-01-11 22:54:36.48052+00	DEBITO	120.00
26	2025-04-07 14:15:47.940244+00	PIX	15.25
27	2025-04-15 13:13:25.027117+00	CREDITO	47.75
28	2025-04-15 13:53:40.891509+00	DEBITO	22.00
29	2025-04-15 13:55:31.862832+00	DEBITO	22.00
30	2025-04-16 04:45:19.493293+00	CREDITO	1623.73
31	2025-04-16 04:47:13.259759+00	CREDITO	1623.73
32	2025-04-16 04:47:44.352831+00	CREDITO	0.00
33	2025-04-16 14:06:09.399632+00	CREDITO	36.50
34	2025-04-16 18:16:59.272542+00	CREDITO	83.25
35	2025-04-17 16:49:47.333016+00	CREDITO	227.80
36	2025-04-17 18:21:53.035646+00	CREDITO	75.40
37	2025-04-18 07:03:10.006047+00	CREDITO	156.80
38	2025-04-20 18:08:28.192932+00	CREDITO	673.27
39	2025-04-20 21:57:45.329843+00	CREDITO	96.25
40	2025-04-21 03:07:11.669436+00	CREDITO	119.00
41	2025-04-22 00:07:40.845374+00	CREDITO	44.15
42	2025-04-22 02:55:36.423713+00	CREDITO	5.50
43	2025-04-23 04:33:25.607482+00	CREDITO	113.85
44	2025-04-25 02:51:17.228961+00	CREDITO	175.00
45	2025-04-27 07:17:25.624701+00	CREDITO	130.75
46	2025-04-27 19:48:39.981714+00	CREDITO	415.55
47	2025-04-27 19:48:50.928951+00	CREDITO	0.00
48	2025-04-27 19:49:41.934947+00	CREDITO	23.25
49	2025-04-28 14:07:01.284815+00	CREDITO	115.90
50	2025-04-28 17:19:09.010621+00	CREDITO	44.25
51	2025-04-29 17:40:21.120196+00	CREDITO	102.00
52	2025-04-29 22:15:26.930654+00	CREDITO	46.50
53	2025-05-01 06:52:20.660474+00	CREDITO	479.80
54	2025-05-01 15:32:18.563132+00	CREDITO	249.85
\.


--
-- Data for Name: pdv_itemcompra; Type: TABLE DATA; Schema: public; Owner: postgres
--

COPY public.pdv_itemcompra (id, quantidade, preco_unitario, compra_id, produto_id) FROM stdin;
1	1	3.90	1	309
2	2	8.50	1	1
3	4	2.00	1	1372
4	2	7.00	2	299
5	10	3.90	2	319
6	1	3.90	3	309
7	2	8.50	3	1
8	1	2.00	4	1497
9	1	8.50	4	1
10	1	12.50	4	1094
11	1	15.00	4	1553
12	1	50.00	4	376
13	1	14.75	4	152
14	1	13.00	4	1100
15	1	13.00	4	626
16	1	3.00	4	878
17	1	3.00	4	126
18	1	8.50	4	822
19	1	7.50	4	296
20	1	3.50	4	107
21	1	3.90	4	309
22	1	3.90	4	319
23	1	8.50	4	1112
24	1	6.50	4	1093
25	1	4.00	4	1275
26	1	8.50	4	138
27	1	3.00	4	310
28	1	5.25	4	308
29	1	7.00	4	1216
30	1	3.90	4	319
31	3	3.90	5	309
32	1	4.50	5	826
33	1	7.50	6	1269
34	1	12.75	6	1107
35	1	16.00	6	363
36	1	4.90	6	1139
37	1	14.50	6	439
38	1	7.50	6	1543
39	1	7.00	6	1216
40	1	4.00	6	1317
41	1	5.00	6	1110
42	1	5.50	6	1309
43	1	149.00	6	1430
44	1	21.50	6	1490
45	1	11.25	6	459
46	1	4.50	6	702
47	1	9.00	6	589
48	1	7.00	7	250
49	1	25.00	7	1405
50	1	25.00	7	1401
51	1	7.00	7	1204
52	1	4.00	7	315
53	1	3.90	7	319
54	2	6.50	7	307
55	2	5.00	7	1487
56	1	3.90	7	312
57	1	6.50	7	303
58	1	4.50	7	49
59	1	3.90	7	309
60	1	8.00	7	1093
61	1	12.00	7	1426
62	1	10.00	7	1402
63	1	5.50	7	1209
64	1	7.50	7	1200
65	1	3.90	7	309
66	1	7.00	7	1097
67	1	5.50	7	326
68	1	3.90	7	319
69	1	7.90	7	302
70	1	3.90	7	309
71	1	14.25	7	134
72	1	7.00	7	1208
73	1	6.50	7	1208
74	1	12.99	7	993
75	1	4.00	7	1190
76	1	4.50	7	316
77	1	3.90	7	309
78	1	3.00	7	1567
79	1	10.00	7	358
80	1	3.00	7	310
81	1	5.25	7	308
82	1	3.50	7	19
83	1	2.50	7	322
84	1	25.00	7	1535
85	1	9.25	7	1386
86	1	9.00	7	1095
87	1	12.75	7	1107
88	1	19.00	7	186
89	1	14.25	7	429
90	1	7.50	7	1269
91	1	4.50	7	316
92	1	30.00	7	1536
93	1	7.00	8	250
94	1	25.00	8	1405
95	1	25.00	8	1401
96	1	7.00	8	1204
97	1	4.00	8	315
98	1	3.90	8	319
99	2	6.50	8	307
100	2	5.00	8	1487
101	1	3.90	8	312
102	1	6.50	8	303
103	1	4.50	8	49
104	1	3.90	8	309
105	1	8.00	8	1093
106	1	12.00	8	1426
107	1	10.00	8	1402
108	1	5.50	8	1209
109	1	7.50	8	1200
110	1	3.90	8	309
111	1	7.00	8	1097
112	1	5.50	8	326
113	1	3.90	8	319
114	1	7.90	8	302
115	1	3.90	8	309
116	1	14.25	8	134
117	1	7.00	8	1208
118	1	6.50	8	1208
119	1	12.99	8	993
120	1	4.00	8	1190
121	1	4.50	8	316
122	1	3.90	8	309
123	1	3.00	8	1567
124	1	10.00	8	358
125	1	3.00	8	310
126	1	5.25	8	308
127	1	3.50	8	19
128	1	2.50	8	322
129	1	25.00	8	1535
130	1	9.25	8	1386
131	1	9.00	8	1095
132	1	12.75	8	1107
133	1	19.00	8	186
134	1	14.25	8	429
135	1	7.50	8	1269
136	1	4.50	8	316
137	1	30.00	8	1536
138	1	7.00	9	250
139	1	25.00	9	1405
140	1	25.00	9	1401
141	1	7.00	9	1204
142	1	4.00	9	315
143	1	3.90	9	319
144	2	6.50	9	307
145	2	5.00	9	1487
146	1	3.90	9	312
147	1	6.50	9	303
148	1	4.50	9	49
149	1	3.90	9	309
150	1	8.00	9	1093
151	1	12.00	9	1426
152	1	10.00	9	1402
153	1	5.50	9	1209
154	1	7.50	9	1200
155	1	3.90	9	309
156	1	7.00	9	1097
157	1	5.50	9	326
158	1	3.90	9	319
159	1	7.90	9	302
160	1	3.90	9	309
161	1	14.25	9	134
162	1	7.00	9	1208
163	1	6.50	9	1208
164	1	12.99	9	993
165	1	4.00	9	1190
166	1	4.50	9	316
167	1	3.90	9	309
168	1	3.00	9	1567
169	1	10.00	9	358
170	1	3.00	9	310
171	1	5.25	9	308
172	1	3.50	9	19
173	1	2.50	9	322
174	1	25.00	9	1535
175	1	9.25	9	1386
176	1	9.00	9	1095
177	1	12.75	9	1107
178	1	19.00	9	186
179	1	14.25	9	429
180	1	7.50	9	1269
181	1	4.50	9	316
182	1	30.00	9	1536
183	1	30.00	9	1592
184	1	3.00	9	94
185	1	8.50	9	138
186	1	25.00	9	1535
187	1	8.50	9	1
188	1	8.00	9	143
189	1	2.00	9	1497
190	1	14.25	9	429
191	1	9.00	9	300
192	1	4.90	9	306
193	1	10.00	9	1402
194	1	4.50	9	1356
195	1	3.90	9	309
196	1	11.00	10	1541
197	1	7.50	10	1544
198	1	8.50	10	1546
199	1	20.00	10	1455
200	1	6.50	10	307
201	1	7.00	10	1204
202	1	7.00	10	1204
203	1	14.75	10	152
204	1	7.00	10	1197
205	1	10.00	10	1548
206	1	10.25	10	452
207	1	3.90	10	309
208	1	10.00	10	1402
209	1	8.00	10	143
210	1	7.00	10	454
211	1	3.90	10	319
212	1	12.75	10	488
213	1	5.50	10	1209
214	1	7.50	10	1200
215	1	6.00	10	1547
216	1	7.50	10	1545
217	1	3.90	10	312
218	1	25.00	10	1401
219	1	8.50	10	1581
220	1	9.00	10	513
221	1	3.90	10	312
222	1	8.90	10	589
223	1	14.50	10	774
224	1	15.00	10	995
225	1	11.25	10	459
226	1	8.00	10	1093
227	1	8.00	10	1302
228	1	8.00	10	1093
229	1	3.50	10	1253
230	1	7.00	10	1204
231	1	7.50	10	1545
232	1	9.00	10	1095
233	1	3.90	10	309
234	1	9.00	10	1095
235	1	8.00	10	1370
236	1	3.90	10	312
237	1	6.50	10	303
238	1	12.75	10	458
239	1	10.00	10	358
240	1	3.50	10	318
241	1	3.75	10	317
242	1	8.50	10	1108
243	1	3.90	10	319
244	1	3.90	10	319
245	1	0.00	10	258
246	1	2.00	10	321
247	1	4.00	10	32
248	1	7.50	10	1373
249	1	13.00	10	1100
250	1	6.90	10	1513
251	1	7.50	10	1200
252	1	4.00	10	1141
253	1	14.25	10	429
254	1	120.00	10	380
255	1	4.00	10	487
256	1	9.00	10	1095
257	1	2.00	10	1497
258	1	41.90	10	1395
259	1	3.00	10	393
260	1	12.00	10	64
261	1	3.90	10	319
262	1	5.00	10	49
263	1	35.00	10	443
264	1	12.00	10	64
265	1	12.90	10	1194
266	1	8.00	10	1302
267	1	7.00	10	1087
268	1	3.00	10	310
269	1	5.25	10	308
270	1	7.50	10	1200
271	1	14.50	10	439
272	1	3.90	10	319
273	1	3.90	10	309
274	1	15.00	10	995
275	1	3.00	10	108
276	1	29.90	10	1129
277	1	34.90	10	1562
278	1	3.50	10	124
279	1	9.99	11	729
280	1	4.00	11	883
281	1	3.50	11	876
282	1	7.50	11	1155
283	1	7.50	11	1155
284	1	3.50	12	187
285	1	1.00	12	164
286	1	2.00	12	1372
287	1	1.00	15	164
288	1	2.00	15	1372
289	1	3.50	15	187
290	1	9.90	16	470
291	1	12.25	16	155
292	1	5.00	17	1283
293	1	7.00	17	794
294	1	8.00	17	1093
295	1	12.25	17	155
296	1	2.00	17	1497
297	1	7.00	17	1208
298	1	7.00	17	1208
300	1	3.50	17	121
301	1	2.00	17	1497
302	1	2.00	17	1440
303	1	7.50	17	1373
304	1	4.00	17	436
305	1	3.00	17	1217
306	1	3.50	17	121
307	1	25.00	17	1535
308	1	5.00	17	49
309	1	6.00	17	1369
310	1	3.90	17	309
311	1	7.00	17	1208
312	1	3.00	17	1086
313	1	3.00	17	393
314	1	3.90	17	319
315	1	3.50	17	318
316	1	7.50	17	1269
317	1	3.90	17	319
318	1	4.90	17	306
319	1	3.90	17	319
320	1	4.00	17	487
321	1	7.50	17	1200
322	1	12.90	17	1615
323	1	14.25	17	135
324	1	5.00	17	276
325	1	4.90	17	1139
326	1	8.50	17	1617
327	1	4.00	17	1457
328	1	8.00	17	1015
329	1	3.90	17	309
330	1	7.50	17	1269
331	1	14.25	17	150
332	1	7.50	17	1423
333	1	3.90	17	309
334	1	8.00	17	1370
335	1	6.00	17	1369
336	1	2.50	17	1116
337	1	3.00	17	105
338	1	2.00	17	1497
339	1	4.00	17	1275
340	1	10.90	17	461
341	1	3.90	17	312
342	1	7.50	17	1373
343	2	4.00	17	487
344	16	3.75	18	317
345	1	8.00	18	467
346	1	16.50	18	840
347	1	18.00	19	1218
348	1	7.50	19	1200
349	1	7.00	19	299
350	1	20.00	19	1455
351	1	6.50	20	307
352	1	3.75	20	317
353	1	7.00	20	299
354	1	12.25	21	153
355	1	14.75	21	156
356	1	8.50	21	1370
357	1	8.50	21	1370
358	1	5.00	21	1413
359	1	3.50	21	318
360	1	190.00	21	786
361	1	0.75	21	1111
362	1	0.25	21	1576
363	1	7.00	21	1216
364	1	12.25	22	153
365	1	14.75	22	156
366	1	8.50	22	1370
367	1	8.50	22	1370
368	1	5.00	22	1413
369	1	3.50	22	318
370	1	190.00	22	786
371	1	0.75	22	1111
372	1	0.25	22	1576
373	1	7.00	22	1216
374	1	14.25	23	153
375	1	5.50	23	1335
376	1	3.00	23	472
377	1	0.00	23	717
378	1	19.90	23	1168
379	1	0.00	23	645
380	1	4.50	23	32
381	1	6.50	23	18
382	1	0.00	23	672
383	1	7.00	23	1315
384	1	4.00	23	758
385	1	0.00	23	917
386	1	2.00	23	1709
387	1	7.90	23	1703
388	1	7.00	23	1199
389	1	4.50	23	656
390	1	3.50	23	187
391	1	7.00	23	1624
392	1	9.99	23	1041
393	1	8.00	23	128
394	1	0.00	23	177
395	1	25.00	23	560
396	1	5.00	23	1390
397	1	120.00	25	380
398	1	15.25	26	152
399	1	14.25	27	155
400	1	7.50	27	445
401	1	8.50	27	72
402	1	9.00	27	798
403	1	8.50	27	1093
404	3	3.25	28	1206
405	3	3.25	29	1206
406	1	2.50	29	1497
407	2	3.25	29	1206
408	1	3.25	29	1206
409	1	8.90	30	589
410	1	5.50	30	435
411	1	10.00	30	1402
412	1	19.90	30	1168
413	1	40.00	30	1244
414	1	7.50	30	1780
415	1	12.50	30	144
416	1	13.25	30	488
417	1	13.50	30	305
418	1	8.50	30	1093
419	1	9.50	30	1095
420	1	5.90	30	882
421	1	7.50	30	1672
422	1	8.50	30	1483
423	1	4.00	30	550
424	1	15.25	30	153
425	1	8.90	30	1344
426	1	15.25	30	152
427	1	12.00	30	70
428	1	15.50	30	1537
429	1	4.50	30	605
430	1	1.00	30	164
431	1	3.50	30	92
432	1	7.50	30	1200
433	1	8.90	31	589
434	1	5.50	31	435
435	1	10.00	31	1402
436	1	19.90	31	1168
437	1	40.00	31	1244
438	1	7.50	31	1780
439	1	12.50	31	144
440	1	13.25	31	488
441	1	13.50	31	305
442	1	8.50	31	1093
443	1	9.50	31	1095
444	1	5.90	31	882
445	1	7.50	31	1672
446	1	8.50	31	1483
447	1	4.00	31	550
448	1	15.25	31	153
449	1	8.90	31	1344
450	1	15.25	31	152
451	1	12.00	31	70
452	1	15.50	31	1537
453	1	4.50	31	605
454	1	1.00	31	164
455	1	3.50	31	92
456	1	7.50	31	1200
457	1	2.00	31	1372
458	1	16.50	31	1226
459	1	15.00	31	1851
460	1	15.75	31	736
461	1	14.75	31	429
462	1	13.25	31	732
463	1	12.75	31	458
464	1	4.00	31	1776
465	1	8.50	31	1775
466	1	0.00	31	777
467	1	4.00	31	312
468	1	22.50	31	1824
469	1	9.75	31	1089
470	1	19.90	31	1168
471	1	4.50	31	605
472	1	7.50	31	445
473	1	0.00	31	320
474	1	7.50	31	445
475	1	8.50	31	1093
476	1	9.75	31	1386
477	1	5.50	31	308
478	1	10.75	31	450
479	1	4.90	31	1670
480	1	10.90	31	127
481	1	8.50	31	267
482	1	15.25	31	152
483	1	12.99	31	993
484	1	8.50	31	1093
485	1	4.00	31	309
486	1	4.00	31	309
487	1	0.00	31	1014
488	1	4.00	31	874
489	1	10.25	31	529
490	1	14.25	31	155
491	1	8.50	31	1483
492	1	7.50	31	1269
493	1	15.25	31	152
494	1	15.25	31	153
495	1	5.90	31	882
496	1	21.50	31	1490
497	1	5.00	31	249
498	1	15.00	31	1420
499	1	4.00	31	312
500	1	6.50	31	303
501	3	60.00	31	360
502	1	9.75	31	1319
503	1	15.75	31	736
504	1	9.00	31	138
505	1	13.25	31	732
506	1	3.50	31	657
507	1	15.25	31	153
508	1	9.00	31	292
509	1	6.50	31	1353
510	1	5.00	31	1797
511	1	135.00	31	664
512	1	15.25	31	156
513	1	5.00	31	249
514	1	7.00	31	1216
515	1	7.00	31	1031
516	1	10.25	31	529
517	1	15.25	31	153
518	1	9.75	31	1386
519	1	10.25	31	529
520	1	4.50	31	469
521	1	5.00	31	49
522	1	6.00	31	1616
523	1	2.00	31	1440
524	1	5.50	31	921
525	1	3.99	31	1676
526	1	4.00	31	309
527	1	6.50	31	303
528	1	150.00	31	381
529	1	16.00	31	1803
530	1	19.90	31	1168
531	1	9.00	31	291
532	1	9.75	31	1363
533	1	8.50	31	1370
534	1	13.50	31	1682
535	1	8.50	31	1697
536	1	18.50	31	1270
537	1	15.00	31	994
538	1	34.90	31	1847
539	1	12.50	31	712
540	1	19.90	31	1168
541	1	3.90	31	1253
542	1	13.90	31	11
543	1	13.90	31	13
544	1	4.50	31	32
545	1	13.00	31	270
546	1	4.90	31	702
547	1	6.50	31	129
548	1	4.50	31	469
549	1	9.00	31	1108
550	1	11.75	31	440
551	1	9.75	31	1859
552	1	14.75	33	150
553	1	13.25	33	735
554	1	3.00	33	310
555	1	5.50	33	308
556	1	15.25	34	152
557	2	9.75	34	452
558	1	40.00	34	1255
559	1	8.50	34	1611
560	1	12.90	35	1631
561	1	10.90	35	1041
562	1	180.00	35	1229
563	1	12.00	35	3
564	1	12.00	35	992
565	1	9.75	36	452
566	1	9.75	36	452
567	1	45.00	36	1564
568	1	7.00	36	1216
569	1	3.90	36	319
570	1	9.00	37	1827
571	1	9.00	37	1112
572	1	9.00	37	1828
573	1	9.75	37	1859
574	1	14.75	37	429
575	1	14.25	37	155
576	1	12.50	37	144
577	1	10.25	37	1302
578	1	10.90	37	1613
579	1	13.75	37	1107
580	1	8.90	37	1794
581	1	14.75	37	150
582	1	9.50	37	1095
583	1	2.00	37	1070
584	1	8.50	37	1483
585	1	8.50	38	1093
586	1	12.99	38	993
587	1	14.75	38	150
588	1	229.90	38	1585
589	1	3.90	38	319
590	1	22.50	38	1824
591	1	9.99	38	354
592	1	4.00	38	312
593	1	40.00	38	1255
594	1	40.00	38	1255
595	1	5.00	38	487
596	1	5.00	38	487
597	1	9.99	38	354
598	3	3.00	38	311
599	1	10.25	38	1637
600	1	3.00	38	95
601	1	3.00	38	311
602	1	4.00	38	1098
603	1	12.50	38	1094
604	1	14.75	38	150
605	5	40.00	38	1120
606	1	10.25	38	529
607	1	6.00	39	314
608	1	15.25	39	153
609	1	75.00	39	1806
610	1	100.00	40	388
611	1	19.00	40	1052
612	1	14.75	41	150
613	1	4.50	41	1872
614	1	4.00	41	312
615	1	4.50	41	1106
616	1	2.50	41	1116
617	1	4.00	41	312
618	1	4.00	41	309
619	1	5.90	41	882
620	1	5.50	42	1038
621	1	7.90	43	302
622	1	7.90	43	302
623	1	5.90	43	656
624	1	12.00	43	992
625	1	10.25	43	143
626	1	4.00	43	312
627	1	15.25	43	153
628	1	10.25	43	1302
629	1	13.25	43	459
630	1	14.25	43	155
631	1	8.90	43	1406
632	1	4.00	43	911
633	1	0.00	43	911
634	1	0.25	44	1576
635	1	0.25	44	1576
636	1	0.25	44	1576
637	1	6.00	44	1369
638	1	3.50	44	126
639	1	2.00	44	1440
640	1	2.00	44	1440
641	1	2.00	44	1440
642	1	3.50	44	1103
643	1	13.00	44	1668
644	1	16.75	44	142
645	1	10.50	44	1843
646	2	4.00	44	309
647	2	13.25	44	459
648	2	4.00	44	312
649	1	18.00	44	1825
650	1	9.50	44	1095
651	1	6.50	44	1353
652	1	3.00	44	310
653	1	25.00	44	1523
654	1	14.75	44	429
655	3	4.00	44	309
656	1	6.00	45	688
657	1	39.00	45	1132
658	1	45.00	45	1564
659	1	10.75	45	450
660	1	6.50	45	1300
661	1	10.25	45	143
662	1	13.25	45	1681
663	2	8.50	46	1
664	1	3.00	46	310
665	1	3.90	46	319
666	1	4.00	46	312
667	1	6.50	46	307
668	1	4.00	46	309
669	2	4.50	46	316
670	2	8.50	46	1
671	1	5.00	46	1487
672	5	4.00	46	309
673	1	14.75	46	134
674	2	4.00	46	312
675	6	4.00	46	312
676	7	4.00	46	312
677	1	8.50	46	1370
678	1	3.90	46	121
679	1	30.00	46	1249
680	1	10.00	46	1357
681	1	14.75	46	150
682	1	3.50	46	1445
683	1	7.90	46	18
684	1	6.50	46	63
685	1	9.00	46	513
686	1	26.90	46	1169
687	1	16.50	46	1226
688	1	14.75	46	150
689	1	6.50	46	63
690	1	16.50	46	1226
691	1	12.00	46	711
692	1	7.50	46	1780
693	1	8.90	46	1406
694	1	8.50	46	1093
695	1	6.50	46	1144
696	1	7.50	46	1624
697	1	7.50	46	1624
698	1	7.50	46	1624
699	1	13.25	46	488
700	1	4.90	46	44
701	1	5.00	46	1487
702	1	4.90	46	1077
703	2	4.00	46	309
704	1	3.00	46	1217
705	1	2.50	46	1497
706	1	25.00	46	1405
707	1	12.00	46	860
708	1	22.50	46	1660
709	1	15.00	46	439
710	1	6.50	46	63
711	1	7.50	46	1823
712	4	3.00	46	393
713	2	13.90	46	13
714	2	8.50	46	1093
715	3	3.00	48	311
716	1	14.25	48	155
717	1	8.50	49	1093
718	1	5.00	49	49
719	1	2.50	49	1497
720	1	3.00	49	1355
721	1	34.90	49	1847
722	1	59.00	49	1788
723	1	3.00	49	393
724	3	14.75	50	429
725	1	16.00	51	1242
726	1	13.25	51	488
727	3	6.00	51	1369
728	3	8.50	51	1199
729	1	9.75	51	1319
730	1	9.75	51	1319
731	1	9.75	51	1319
732	1	8.50	52	1093
733	1	6.50	52	1144
734	1	3.00	52	1443
735	1	12.00	52	754
736	1	16.50	52	1226
737	1	4.90	53	702
738	1	13.50	53	1682
739	1	13.00	53	1075
740	1	3.50	53	1863
741	1	16.50	53	1822
742	1	9.00	53	1059
743	1	8.50	53	1093
744	1	12.75	53	458
745	1	7.00	53	1786
746	1	4.00	53	806
747	1	37.50	53	390
748	1	13.25	53	1681
749	1	10.75	53	450
750	1	17.00	53	341
751	1	9.75	53	1088
752	1	12.50	53	130
753	1	3.00	53	1443
754	1	12.00	53	1346
755	1	10.75	53	450
756	1	10.25	53	529
757	1	12.75	53	458
758	1	0.00	53	932
759	1	22.50	53	1799
760	1	12.50	53	1003
761	1	0.00	53	672
762	1	15.25	53	153
763	1	0.00	53	120
764	1	5.90	53	656
765	1	2.00	53	1440
766	1	7.50	53	212
767	1	3.00	53	395
768	1	3.00	53	1217
769	1	6.50	53	1373
770	1	3.50	53	1103
771	1	9.00	53	967
772	1	4.90	53	436
773	1	3.00	53	1102
774	1	4.90	53	1761
775	1	4.90	53	1761
776	1	5.00	53	49
777	1	12.50	53	327
778	1	3.25	53	1206
779	1	5.00	53	592
780	1	4.90	53	44
781	1	5.00	53	1619
782	1	4.00	53	1280
783	1	3.50	53	1290
784	1	7.50	53	1823
785	1	4.00	53	873
786	1	14.25	53	155
787	1	4.90	53	1679
788	1	2.90	53	802
789	1	13.25	53	488
790	1	3.00	53	321
791	1	9.00	53	300
792	1	9.00	53	966
793	1	4.50	53	1653
794	1	4.50	53	1654
795	1	14.25	53	155
796	1	150.00	54	381
797	1	7.90	54	299
798	2	14.25	54	155
799	1	14.75	54	150
800	1	18.00	54	1825
801	1	4.90	54	306
802	1	6.50	54	307
803	1	7.50	54	1155
804	1	5.90	54	1209
805	1	5.90	54	1209
\.


--
-- Name: comandas_tab_id_seq; Type: SEQUENCE SET; Schema: public; Owner: postgres
--

SELECT pg_catalog.setval('public.comandas_tab_id_seq', 392, true);


--
-- Name: comandas_tabitem_id_seq; Type: SEQUENCE SET; Schema: public; Owner: postgres
--

SELECT pg_catalog.setval('public.comandas_tabitem_id_seq', 7205, true);


--
-- Name: pdv_compra_id_seq; Type: SEQUENCE SET; Schema: public; Owner: postgres
--

SELECT pg_catalog.setval('public.pdv_compra_id_seq', 54, true);


--
-- Name: pdv_itemcompra_id_seq; Type: SEQUENCE SET; Schema: public; Owner: postgres
--

SELECT pg_catalog.setval('public.pdv_itemcompra_id_seq', 805, true);


--
-- Name: produto_categoria_id_seq; Type: SEQUENCE SET; Schema: public; Owner: postgres
--

SELECT pg_catalog.setval('public.produto_categoria_id_seq', 42, true);


--
-- Name: produto_produtos_id_seq; Type: SEQUENCE SET; Schema: public; Owner: postgres
--

SELECT pg_catalog.setval('public.produto_produtos_id_seq', 1874, true);


--
-- PostgreSQL database dump complete
--

